customer_id,age,service_segment,signup_channel,primary_device,tenure_months,contract_type,plan_tier,num_services,has_family_plan
CX00001,37,Streaming,Referral,Mobile,16,Month-to-month,Premium,6,False
CX00002,28,Cloud Storage,Paid Social,Desktop,12,Annual,Plus,6,True
CX00003,49,Productivity,Organic Search,Tablet,4,Month-to-month,Standard,1,False
CX00004,42,Fintech,Email Campaign,Desktop,10,Month-to-month,Plus,8,False
CX00005,30,Fintech,Organic Search,Mobile,14,Month-to-month,Basic,1,True
CX00006,37,Productivity,Influencer,Desktop,11,Annual,Plus,3,False
CX00007,18,Productivity,Organic Search,Mobile,27,Two year,Plus,5,True
CX00008,25,Fintech,Organic Search,Desktop,23,Month-to-month,Basic,1,False
CX00009,25,Productivity,App Store,Mobile,22,Annual,Standard,2,False
CX00010,29,Cloud Storage,Referral,Smart TV,29,Month-to-month,Premium,4,True
CX00011,32,Fintech,Organic Search,Mobile,12,Two year,Standard,3,False
CX00012,56,Cloud Storage,Referral,Mobile,63,Two year,Premium,3,True
CX00013,42,Fintech,Paid Social,Desktop,46,Annual,Plus,2,False
CX00014,41,Cloud Storage,Organic Search,Mobile,30,Annual,Plus,1,True
CX00015,33,Cloud Storage,Influencer,Desktop,5,Month-to-month,Premium,6,True
CX00016,36,Productivity,App Store,Desktop,10,Annual,Plus,1,False
CX00017,43,Gaming,Organic Search,Mobile,27,Month-to-month,Plus,1,False
CX00018,32,News & Media,Organic Search,Smart TV,1,Month-to-month,Standard,5,True
CX00019,37,Streaming,Email Campaign,Mobile,9,Month-to-month,Premium,4,False
CX00020,28,Streaming,Email Campaign,Mobile,10,Month-to-month,Basic,3,False
CX00021,44,News & Media,Organic Search,Desktop,29,Month-to-month,Basic,2,False
CX00022,34,News & Media,Referral,Desktop,8,Month-to-month,Basic,1,False
CX00023,26,Fintech,Paid Social,Desktop,17,Annual,Plus,3,False
CX00024,47,Fitness,Paid Social,Mobile,19,Month-to-month,Basic,2,False
CX00025,41,Cloud Storage,Organic Search,Mobile,16,Month-to-month,Premium,7,False
CX00026,18,Streaming,Paid Social,Mobile,28,Month-to-month,Basic,1,False
CX00027,18,Productivity,App Store,Mobile,11,Month-to-month,Standard,4,True
CX00028,18,Cloud Storage,Organic Search,Mobile,31,Annual,Basic,4,False
CX00029,51,Fintech,Referral,Mobile,17,Month-to-month,Basic,2,False
CX00030,41,Streaming,Organic Search,Tablet,23,Month-to-month,Basic,1,False
CX00031,52,Productivity,Email Campaign,Mobile,9,Month-to-month,Plus,2,False
CX00032,34,Fintech,Paid Social,Mobile,34,Two year,Basic,3,True
CX00033,46,Gaming,Paid Social,Tablet,17,Annual,Plus,2,False
CX00034,33,Streaming,Paid Social,Tablet,38,Annual,Standard,4,True
CX00035,46,Fintech,Organic Search,Mobile,14,Month-to-month,Standard,2,False
CX00036,18,News & Media,Influencer,Smart TV,41,Two year,Standard,1,False
CX00037,36,Fitness,Paid Social,Mobile,37,Annual,Basic,1,False
CX00038,50,Streaming,Paid Social,Desktop,20,Month-to-month,Standard,5,False
CX00039,31,Productivity,Paid Social,Mobile,28,Two year,Premium,3,True
CX00040,51,Cloud Storage,Influencer,Mobile,14,Month-to-month,Plus,7,False
CX00041,19,News & Media,App Store,Smart TV,16,Annual,Standard,2,False
CX00042,20,Productivity,Paid Social,Mobile,22,Month-to-month,Standard,3,True
CX00043,28,Gaming,App Store,Desktop,13,Month-to-month,Standard,3,False
CX00044,26,Streaming,Email Campaign,Mobile,26,Annual,Basic,3,False
CX00045,42,Fintech,Paid Social,Desktop,23,Month-to-month,Plus,4,False
CX00046,42,Fintech,Paid Social,Desktop,19,Month-to-month,Basic,4,False
CX00047,53,Fintech,App Store,Smart TV,17,Annual,Premium,3,False
CX00048,42,Productivity,Paid Social,Mobile,4,Month-to-month,Premium,5,True
CX00049,28,Fintech,Influencer,Desktop,18,Annual,Basic,2,False
CX00050,34,Cloud Storage,Referral,Mobile,6,Month-to-month,Basic,4,False
CX00051,35,Streaming,Organic Search,Mobile,23,Annual,Plus,5,False
CX00052,28,Fintech,Email Campaign,Mobile,13,Month-to-month,Plus,3,True
CX00053,18,Cloud Storage,Organic Search,Desktop,1,Month-to-month,Premium,6,False
CX00054,39,Streaming,Organic Search,Mobile,17,Month-to-month,Plus,2,True
CX00055,42,Gaming,App Store,Mobile,35,Month-to-month,Standard,3,False
CX00056,39,Fintech,Email Campaign,Mobile,33,Annual,Standard,4,True
CX00057,41,Fitness,Organic Search,Mobile,22,Annual,Basic,2,False
CX00058,56,News & Media,App Store,Desktop,14,Month-to-month,Basic,4,False
CX00059,33,Fintech,Organic Search,Mobile,5,Month-to-month,Plus,3,False
CX00060,51,Fitness,Referral,Desktop,5,Annual,Premium,3,False
CX00061,52,Cloud Storage,Organic Search,Mobile,8,Month-to-month,Standard,3,False
CX00062,36,Productivity,Referral,Mobile,7,Month-to-month,Standard,1,False
CX00063,56,News & Media,Email Campaign,Mobile,8,Month-to-month,Basic,2,True
CX00064,31,Streaming,Paid Social,Mobile,17,Month-to-month,Plus,4,True
CX00065,43,Fintech,Organic Search,Mobile,24,Two year,Basic,3,False
CX00066,30,Fintech,Influencer,Mobile,33,Two year,Basic,2,False
CX00067,50,Productivity,Organic Search,Mobile,4,Month-to-month,Basic,4,False
CX00068,26,Fintech,Organic Search,Desktop,4,Month-to-month,Standard,2,False
CX00069,43,Productivity,Referral,Mobile,48,Annual,Basic,2,False
CX00070,35,Streaming,Organic Search,Mobile,2,Month-to-month,Basic,2,False
CX00071,40,Productivity,App Store,Mobile,33,Annual,Premium,5,True
CX00072,38,Fintech,Referral,Desktop,20,Month-to-month,Plus,6,False
CX00073,34,Gaming,Organic Search,Mobile,27,Annual,Basic,1,False
CX00074,35,Cloud Storage,Email Campaign,Desktop,41,Two year,Premium,6,False
CX00075,26,Fitness,Influencer,Mobile,40,Two year,Basic,3,False
CX00076,29,Cloud Storage,Organic Search,Desktop,24,Annual,Premium,6,True
CX00077,46,Productivity,Email Campaign,Mobile,15,Month-to-month,Plus,6,True
CX00078,21,Fintech,Organic Search,Smart TV,34,Two year,Basic,2,False
CX00079,47,Fintech,Organic Search,Mobile,14,Month-to-month,Basic,2,True
CX00080,53,Productivity,Organic Search,Desktop,27,Month-to-month,Standard,5,False
CX00081,40,Gaming,App Store,Desktop,15,Month-to-month,Standard,2,False
CX00082,20,Streaming,Organic Search,Smart TV,11,Annual,Premium,8,False
CX00083,38,News & Media,App Store,Desktop,2,Month-to-month,Standard,1,False
CX00084,46,Fitness,App Store,Smart TV,49,Month-to-month,Standard,4,True
CX00085,35,News & Media,Influencer,Desktop,2,Month-to-month,Plus,6,False
CX00086,33,Gaming,Referral,Mobile,10,Annual,Standard,5,True
CX00087,54,Fitness,App Store,Smart TV,21,Month-to-month,Standard,1,True
CX00088,40,Cloud Storage,Organic Search,Mobile,38,Annual,Plus,4,True
CX00089,31,Streaming,Organic Search,Desktop,29,Annual,Standard,3,False
CX00090,20,Cloud Storage,App Store,Mobile,47,Two year,Standard,5,False
CX00091,26,Streaming,Organic Search,Desktop,15,Two year,Plus,2,False
CX00092,31,Fitness,Influencer,Mobile,8,Month-to-month,Standard,2,True
CX00093,19,Cloud Storage,Influencer,Mobile,51,Two year,Standard,7,False
CX00094,43,Streaming,Influencer,Mobile,14,Annual,Plus,5,False
CX00095,40,Gaming,App Store,Mobile,53,Annual,Basic,1,True
CX00096,23,Gaming,App Store,Desktop,34,Annual,Basic,2,False
CX00097,27,Streaming,Organic Search,Mobile,45,Month-to-month,Standard,2,False
CX00098,28,Fintech,Organic Search,Desktop,44,Two year,Plus,2,False
CX00099,25,Productivity,Paid Social,Mobile,14,Month-to-month,Basic,1,False
CX00100,25,Fintech,Organic Search,Desktop,13,Annual,Basic,2,False
CX00101,30,Streaming,Organic Search,Mobile,14,Annual,Standard,1,False
CX00102,52,Fitness,Referral,Desktop,12,Month-to-month,Basic,2,True
CX00103,36,Fintech,App Store,Tablet,23,Annual,Plus,6,True
CX00104,27,Streaming,Paid Social,Desktop,13,Month-to-month,Standard,3,False
CX00105,36,Cloud Storage,App Store,Desktop,13,Annual,Plus,4,False
CX00106,27,Cloud Storage,Influencer,Mobile,13,Month-to-month,Plus,4,False
CX00107,19,Fintech,Influencer,Desktop,43,Annual,Plus,4,True
CX00108,25,Streaming,Organic Search,Tablet,8,Annual,Plus,4,False
CX00109,59,Fitness,App Store,Mobile,27,Annual,Standard,3,False
CX00110,38,Fintech,Influencer,Mobile,22,Month-to-month,Standard,5,False
CX00111,41,Gaming,Organic Search,Mobile,14,Annual,Premium,1,False
CX00112,43,News & Media,Organic Search,Desktop,45,Month-to-month,Standard,4,True
CX00113,46,Fitness,Referral,Tablet,34,Annual,Plus,3,False
CX00114,38,Cloud Storage,App Store,Smart TV,10,Month-to-month,Standard,4,True
CX00115,36,Streaming,Email Campaign,Desktop,3,Month-to-month,Plus,3,False
CX00116,43,Gaming,Email Campaign,Tablet,8,Month-to-month,Plus,4,False
CX00117,38,News & Media,Organic Search,Desktop,19,Month-to-month,Standard,2,False
CX00118,59,Fintech,Organic Search,Desktop,12,Annual,Standard,4,False
CX00119,29,Productivity,Email Campaign,Desktop,9,Month-to-month,Plus,3,False
CX00120,32,Streaming,App Store,Mobile,23,Month-to-month,Basic,4,False
CX00121,36,Streaming,Organic Search,Mobile,21,Annual,Premium,5,True
CX00122,34,Fintech,Organic Search,Desktop,9,Two year,Basic,1,False
CX00123,49,News & Media,Influencer,Mobile,27,Month-to-month,Standard,3,False
CX00124,67,Productivity,Paid Social,Tablet,17,Month-to-month,Plus,3,True
CX00125,35,Productivity,Paid Social,Mobile,36,Month-to-month,Basic,2,False
CX00126,46,Cloud Storage,Paid Social,Desktop,10,Month-to-month,Standard,7,False
CX00127,29,Productivity,App Store,Smart TV,6,Annual,Standard,2,False
CX00128,26,Productivity,Paid Social,Desktop,15,Annual,Standard,4,False
CX00129,31,Fitness,Referral,Desktop,3,Month-to-month,Standard,4,False
CX00130,58,Streaming,Paid Social,Mobile,30,Annual,Basic,3,True
CX00131,48,Fitness,Referral,Smart TV,36,Two year,Basic,3,True
CX00132,51,Streaming,Referral,Desktop,21,Annual,Standard,3,False
CX00133,48,Streaming,Email Campaign,Desktop,37,Annual,Premium,4,False
CX00134,35,Fintech,Organic Search,Mobile,37,Two year,Standard,3,False
CX00135,29,Streaming,Organic Search,Mobile,6,Month-to-month,Basic,4,False
CX00136,26,Gaming,Referral,Tablet,19,Annual,Basic,2,False
CX00137,47,Cloud Storage,App Store,Mobile,36,Annual,Basic,5,False
CX00138,28,Productivity,Influencer,Mobile,20,Annual,Premium,5,True
CX00139,42,Productivity,Influencer,Smart TV,10,Month-to-month,Plus,2,False
CX00140,42,Fintech,App Store,Desktop,35,Annual,Standard,3,False
CX00141,58,News & Media,Paid Social,Desktop,45,Annual,Basic,3,False
CX00142,45,Streaming,Paid Social,Desktop,2,Month-to-month,Basic,2,False
CX00143,28,Fintech,Paid Social,Mobile,50,Month-to-month,Basic,1,False
CX00144,36,Fintech,Paid Social,Mobile,12,Month-to-month,Premium,5,True
CX00145,38,News & Media,Paid Social,Mobile,47,Two year,Basic,2,False
CX00146,24,Fitness,Organic Search,Smart TV,1,Month-to-month,Standard,1,True
CX00147,18,Fintech,Referral,Desktop,14,Month-to-month,Basic,2,False
CX00148,38,Streaming,Organic Search,Tablet,13,Month-to-month,Standard,2,False
CX00149,26,Productivity,Organic Search,Mobile,43,Month-to-month,Plus,5,False
CX00150,29,Fintech,Organic Search,Smart TV,2,Month-to-month,Standard,4,True
CX00151,27,Fintech,Email Campaign,Desktop,36,Two year,Basic,2,False
CX00152,29,Fintech,Influencer,Smart TV,2,Month-to-month,Standard,4,False
CX00153,39,Productivity,Influencer,Mobile,2,Annual,Plus,7,True
CX00154,38,Fintech,Paid Social,Mobile,22,Month-to-month,Basic,2,False
CX00155,25,Fintech,Organic Search,Mobile,39,Annual,Basic,1,False
CX00156,48,Fintech,Organic Search,Mobile,9,Month-to-month,Standard,6,False
CX00157,36,Cloud Storage,Referral,Tablet,33,Annual,Standard,2,True
CX00158,29,Streaming,Referral,Mobile,7,Month-to-month,Basic,1,False
CX00159,34,News & Media,Organic Search,Mobile,26,Month-to-month,Plus,2,False
CX00160,46,Fintech,Organic Search,Mobile,8,Annual,Basic,1,False
CX00161,23,Fintech,Organic Search,Smart TV,9,Annual,Basic,1,False
CX00162,22,Productivity,App Store,Tablet,16,Month-to-month,Plus,3,False
CX00163,18,Cloud Storage,Paid Social,Desktop,18,Month-to-month,Standard,4,True
CX00164,49,Streaming,Organic Search,Desktop,63,Annual,Standard,6,False
CX00165,41,Gaming,Influencer,Mobile,34,Month-to-month,Basic,3,False
CX00166,26,Streaming,Paid Social,Desktop,12,Month-to-month,Standard,4,True
CX00167,31,Fintech,Organic Search,Desktop,27,Two year,Plus,4,False
CX00168,45,News & Media,Email Campaign,Mobile,25,Month-to-month,Basic,4,True
CX00169,28,Streaming,Influencer,Mobile,3,Month-to-month,Premium,4,False
CX00170,32,Fitness,Email Campaign,Tablet,21,Month-to-month,Standard,2,False
CX00171,38,Streaming,Organic Search,Mobile,33,Month-to-month,Plus,5,True
CX00172,25,Fintech,App Store,Desktop,54,Month-to-month,Basic,3,False
CX00173,49,Fintech,Email Campaign,Smart TV,40,Annual,Standard,4,False
CX00174,31,Cloud Storage,App Store,Desktop,56,Two year,Basic,2,False
CX00175,41,Productivity,Organic Search,Mobile,33,Two year,Standard,2,False
CX00176,29,Streaming,Organic Search,Mobile,7,Month-to-month,Premium,5,False
CX00177,29,Fintech,Paid Social,Desktop,30,Annual,Basic,1,False
CX00178,51,News & Media,App Store,Tablet,38,Month-to-month,Basic,1,False
CX00179,43,Gaming,Organic Search,Desktop,40,Annual,Basic,2,False
CX00180,43,Fitness,Organic Search,Desktop,53,Month-to-month,Standard,3,False
CX00181,41,Gaming,Referral,Mobile,32,Annual,Basic,2,False
CX00182,26,Fintech,App Store,Mobile,32,Annual,Basic,3,False
CX00183,41,Streaming,Influencer,Desktop,18,Annual,Basic,1,False
CX00184,36,Streaming,Email Campaign,Tablet,19,Two year,Standard,3,True
CX00185,35,Streaming,Organic Search,Tablet,9,Month-to-month,Basic,5,False
CX00186,35,Cloud Storage,Organic Search,Mobile,17,Annual,Basic,2,False
CX00187,37,Productivity,Organic Search,Mobile,34,Annual,Standard,5,False
CX00188,26,Productivity,Organic Search,Desktop,8,Month-to-month,Premium,6,False
CX00189,41,Gaming,Email Campaign,Desktop,9,Annual,Plus,3,True
CX00190,32,Streaming,Paid Social,Desktop,28,Month-to-month,Plus,2,False
CX00191,31,Streaming,Referral,Mobile,11,Month-to-month,Standard,5,False
CX00192,41,Streaming,App Store,Mobile,15,Month-to-month,Plus,3,False
CX00193,37,Streaming,Influencer,Mobile,15,Month-to-month,Plus,5,True
CX00194,35,Streaming,Organic Search,Desktop,25,Annual,Basic,2,False
CX00195,45,Productivity,App Store,Mobile,24,Annual,Plus,4,False
CX00196,37,Fintech,Organic Search,Smart TV,20,Month-to-month,Standard,4,False
CX00197,35,Fitness,App Store,Mobile,49,Two year,Standard,2,True
CX00198,37,Cloud Storage,App Store,Mobile,15,Month-to-month,Basic,3,True
CX00199,38,News & Media,Referral,Desktop,12,Month-to-month,Basic,3,True
CX00200,44,News & Media,App Store,Mobile,16,Month-to-month,Premium,7,False
CX00201,55,Fintech,Paid Social,Mobile,33,Annual,Standard,1,False
CX00202,47,Cloud Storage,App Store,Mobile,12,Annual,Basic,3,False
CX00203,48,News & Media,App Store,Mobile,9,Month-to-month,Standard,5,False
CX00204,30,Fintech,App Store,Smart TV,35,Annual,Plus,8,False
CX00205,18,Cloud Storage,Organic Search,Mobile,35,Annual,Basic,4,False
CX00206,34,Fitness,Paid Social,Desktop,44,Annual,Basic,1,False
CX00207,37,Fitness,Referral,Mobile,7,Month-to-month,Premium,3,True
CX00208,41,Fitness,Organic Search,Mobile,13,Month-to-month,Standard,3,False
CX00209,38,Streaming,Referral,Tablet,39,Two year,Standard,3,False
CX00210,30,Streaming,Organic Search,Mobile,24,Two year,Standard,2,False
CX00211,56,Productivity,Organic Search,Mobile,18,Month-to-month,Plus,4,True
CX00212,29,Productivity,Referral,Mobile,22,Annual,Basic,1,False
CX00213,20,Fintech,Referral,Mobile,9,Month-to-month,Standard,1,True
CX00214,24,Fitness,App Store,Desktop,24,Month-to-month,Basic,2,False
CX00215,43,Fintech,App Store,Mobile,80,Month-to-month,Standard,3,False
CX00216,54,Fitness,App Store,Desktop,19,Month-to-month,Standard,7,False
CX00217,26,Productivity,Referral,Mobile,24,Month-to-month,Basic,2,True
CX00218,50,Gaming,Organic Search,Mobile,34,Two year,Plus,2,True
CX00219,33,Cloud Storage,Referral,Mobile,39,Annual,Basic,1,True
CX00220,44,Productivity,Referral,Desktop,7,Month-to-month,Basic,2,False
CX00221,46,News & Media,Paid Social,Mobile,5,Month-to-month,Basic,2,True
CX00222,54,Fitness,Organic Search,Mobile,9,Month-to-month,Plus,5,False
CX00223,33,Streaming,Organic Search,Desktop,14,Annual,Basic,2,False
CX00224,29,Cloud Storage,Paid Social,Mobile,19,Month-to-month,Plus,1,False
CX00225,21,Streaming,App Store,Desktop,16,Month-to-month,Standard,2,True
CX00226,18,Streaming,Paid Social,Smart TV,16,Month-to-month,Standard,1,False
CX00227,52,Productivity,App Store,Tablet,9,Annual,Standard,2,True
CX00228,36,Streaming,Organic Search,Desktop,21,Two year,Standard,3,False
CX00229,25,Fintech,Email Campaign,Mobile,18,Annual,Plus,2,True
CX00230,18,News & Media,Organic Search,Mobile,30,Two year,Standard,5,False
CX00231,18,News & Media,Influencer,Desktop,14,Month-to-month,Plus,3,False
CX00232,31,News & Media,Organic Search,Mobile,18,Month-to-month,Standard,1,True
CX00233,40,Fitness,App Store,Mobile,13,Two year,Standard,5,False
CX00234,23,Gaming,Organic Search,Smart TV,29,Annual,Premium,5,True
CX00235,38,News & Media,Paid Social,Mobile,18,Month-to-month,Premium,2,False
CX00236,25,Productivity,App Store,Mobile,5,Month-to-month,Premium,4,False
CX00237,18,Cloud Storage,App Store,Mobile,39,Month-to-month,Standard,3,False
CX00238,34,Streaming,Paid Social,Desktop,13,Annual,Plus,5,False
CX00239,46,Cloud Storage,Organic Search,Smart TV,11,Month-to-month,Standard,2,False
CX00240,21,Productivity,Organic Search,Mobile,13,Month-to-month,Basic,1,False
CX00241,37,News & Media,Paid Social,Mobile,19,Annual,Basic,5,True
CX00242,21,Productivity,Paid Social,Mobile,23,Two year,Standard,2,False
CX00243,22,Fintech,Paid Social,Mobile,42,Two year,Basic,1,False
CX00244,33,Productivity,Referral,Mobile,5,Month-to-month,Basic,2,False
CX00245,31,Fintech,App Store,Mobile,11,Month-to-month,Basic,1,False
CX00246,18,Gaming,Referral,Mobile,17,Month-to-month,Basic,1,False
CX00247,42,Cloud Storage,Referral,Desktop,6,Month-to-month,Plus,2,True
CX00248,40,Streaming,Organic Search,Desktop,9,Month-to-month,Plus,4,False
CX00249,26,Productivity,Organic Search,Mobile,4,Month-to-month,Standard,4,False
CX00250,33,Productivity,Referral,Mobile,13,Month-to-month,Basic,1,False
CX00251,58,Fintech,Organic Search,Tablet,37,Two year,Premium,2,False
CX00252,36,Productivity,App Store,Mobile,12,Month-to-month,Basic,1,False
CX00253,21,Streaming,Paid Social,Mobile,12,Month-to-month,Premium,5,True
CX00254,25,Gaming,App Store,Mobile,21,Two year,Standard,5,True
CX00255,31,Cloud Storage,Paid Social,Desktop,42,Annual,Standard,1,True
CX00256,51,News & Media,Email Campaign,Mobile,8,Annual,Standard,3,True
CX00257,61,Streaming,Email Campaign,Tablet,20,Month-to-month,Standard,1,False
CX00258,51,Streaming,Paid Social,Tablet,18,Two year,Standard,3,True
CX00259,53,Cloud Storage,Influencer,Mobile,75,Two year,Premium,7,False
CX00260,57,Fintech,Paid Social,Desktop,17,Annual,Standard,4,False
CX00261,37,Cloud Storage,App Store,Mobile,48,Two year,Standard,2,False
CX00262,46,Productivity,App Store,Tablet,19,Month-to-month,Standard,4,True
CX00263,21,News & Media,Organic Search,Smart TV,30,Month-to-month,Basic,2,False
CX00264,22,Streaming,App Store,Smart TV,18,Annual,Basic,1,True
CX00265,31,Fitness,App Store,Desktop,23,Annual,Standard,1,False
CX00266,45,Fintech,Paid Social,Mobile,22,Month-to-month,Plus,3,False
CX00267,18,Streaming,App Store,Mobile,7,Month-to-month,Basic,1,False
CX00268,29,Productivity,Email Campaign,Mobile,9,Month-to-month,Plus,2,False
CX00269,35,Streaming,Organic Search,Mobile,73,Two year,Basic,2,False
CX00270,18,Gaming,App Store,Desktop,3,Month-to-month,Basic,2,False
CX00271,46,Streaming,Organic Search,Mobile,10,Month-to-month,Standard,1,False
CX00272,43,Cloud Storage,Organic Search,Smart TV,18,Two year,Plus,8,False
CX00273,29,Fintech,App Store,Mobile,45,Two year,Plus,3,False
CX00274,25,Fitness,Organic Search,Desktop,16,Annual,Plus,4,False
CX00275,36,News & Media,Organic Search,Mobile,19,Month-to-month,Premium,2,False
CX00276,34,Streaming,Organic Search,Mobile,11,Annual,Plus,8,True
CX00277,32,Productivity,Organic Search,Mobile,8,Month-to-month,Premium,4,False
CX00278,36,Cloud Storage,Organic Search,Mobile,37,Month-to-month,Premium,3,False
CX00279,28,Streaming,Paid Social,Smart TV,10,Month-to-month,Premium,8,True
CX00280,24,Fitness,Organic Search,Desktop,26,Month-to-month,Standard,1,False
CX00281,18,Gaming,Influencer,Tablet,40,Annual,Basic,1,False
CX00282,39,Cloud Storage,Paid Social,Desktop,13,Month-to-month,Standard,1,False
CX00283,25,Fintech,Paid Social,Mobile,14,Month-to-month,Premium,5,False
CX00284,29,Productivity,Organic Search,Tablet,37,Annual,Basic,2,False
CX00285,42,Gaming,Organic Search,Mobile,44,Two year,Standard,3,True
CX00286,39,Streaming,Paid Social,Mobile,21,Two year,Standard,3,True
CX00287,42,Fintech,Paid Social,Desktop,52,Annual,Basic,3,False
CX00288,35,Fintech,Referral,Mobile,22,Two year,Basic,1,True
CX00289,36,News & Media,Organic Search,Mobile,28,Month-to-month,Plus,1,False
CX00290,35,Streaming,Referral,Smart TV,21,Annual,Plus,3,False
CX00291,49,Streaming,Referral,Desktop,6,Month-to-month,Basic,2,False
CX00292,53,Fintech,Organic Search,Mobile,45,Month-to-month,Plus,3,False
CX00293,44,Productivity,Organic Search,Tablet,79,Two year,Premium,7,True
CX00294,28,Streaming,Influencer,Mobile,3,Month-to-month,Basic,2,False
CX00295,42,Productivity,Referral,Mobile,28,Annual,Plus,6,True
CX00296,46,Fitness,Influencer,Desktop,17,Month-to-month,Premium,6,False
CX00297,18,Gaming,Organic Search,Tablet,10,Month-to-month,Standard,6,True
CX00298,42,Streaming,Paid Social,Tablet,5,Month-to-month,Basic,2,True
CX00299,18,Fintech,Referral,Mobile,5,Month-to-month,Standard,6,False
CX00300,56,Fintech,Referral,Mobile,11,Annual,Standard,4,False
CX00301,27,Fintech,Paid Social,Mobile,21,Annual,Premium,3,False
CX00302,32,Streaming,App Store,Mobile,18,Month-to-month,Basic,2,False
CX00303,47,Cloud Storage,App Store,Desktop,29,Month-to-month,Basic,3,True
CX00304,25,Gaming,App Store,Mobile,13,Month-to-month,Basic,2,True
CX00305,37,Fintech,App Store,Smart TV,3,Month-to-month,Basic,4,False
CX00306,34,Fintech,Influencer,Mobile,12,Month-to-month,Premium,5,False
CX00307,38,Streaming,Organic Search,Tablet,10,Annual,Plus,4,False
CX00308,54,Fitness,Influencer,Mobile,20,Month-to-month,Plus,5,False
CX00309,22,Productivity,Referral,Mobile,2,Month-to-month,Standard,5,False
CX00310,43,Cloud Storage,App Store,Mobile,35,Month-to-month,Plus,3,False
CX00311,47,Streaming,Referral,Mobile,9,Month-to-month,Standard,2,False
CX00312,32,Gaming,Influencer,Smart TV,45,Annual,Standard,2,True
CX00313,48,Fitness,Organic Search,Smart TV,8,Month-to-month,Premium,8,False
CX00314,49,Streaming,Paid Social,Mobile,55,Two year,Basic,1,True
CX00315,46,News & Media,Organic Search,Mobile,6,Annual,Plus,7,False
CX00316,45,Cloud Storage,Paid Social,Desktop,17,Month-to-month,Standard,1,True
CX00317,35,Fintech,App Store,Mobile,17,Month-to-month,Basic,1,False
CX00318,52,Streaming,Referral,Mobile,24,Month-to-month,Basic,1,False
CX00319,44,Cloud Storage,App Store,Mobile,14,Month-to-month,Basic,2,False
CX00320,51,Fitness,Paid Social,Mobile,23,Month-to-month,Standard,2,True
CX00321,47,Fintech,Organic Search,Desktop,35,Annual,Plus,2,False
CX00322,33,Fintech,Organic Search,Mobile,17,Annual,Basic,1,False
CX00323,31,Productivity,App Store,Tablet,13,Month-to-month,Standard,4,True
CX00324,38,Fintech,Paid Social,Mobile,7,Annual,Standard,1,False
CX00325,27,Streaming,Paid Social,Mobile,33,Month-to-month,Plus,2,False
CX00326,32,Streaming,Paid Social,Tablet,18,Annual,Standard,5,False
CX00327,23,Gaming,Paid Social,Mobile,14,Month-to-month,Standard,2,True
CX00328,42,Cloud Storage,Paid Social,Mobile,38,Month-to-month,Plus,3,False
CX00329,45,Fitness,Organic Search,Mobile,41,Two year,Standard,3,False
CX00330,42,Fintech,Referral,Mobile,67,Annual,Premium,4,True
CX00331,22,Cloud Storage,Influencer,Mobile,11,Month-to-month,Premium,5,False
CX00332,31,News & Media,Paid Social,Desktop,12,Two year,Plus,5,False
CX00333,23,Productivity,App Store,Tablet,6,Month-to-month,Standard,3,False
CX00334,18,Productivity,Organic Search,Mobile,19,Annual,Plus,3,False
CX00335,63,Streaming,Email Campaign,Mobile,14,Annual,Standard,2,False
CX00336,47,Fintech,Paid Social,Mobile,15,Month-to-month,Premium,7,True
CX00337,29,Fintech,Paid Social,Tablet,30,Annual,Plus,7,False
CX00338,29,Streaming,Referral,Mobile,20,Month-to-month,Plus,2,False
CX00339,34,Streaming,Referral,Desktop,45,Two year,Standard,2,True
CX00340,37,Streaming,Paid Social,Mobile,39,Two year,Basic,1,True
CX00341,54,Fintech,Paid Social,Mobile,43,Two year,Basic,2,True
CX00342,48,Fintech,Referral,Tablet,15,Two year,Premium,4,False
CX00343,25,Productivity,Paid Social,Mobile,41,Month-to-month,Premium,2,False
CX00344,37,News & Media,Referral,Tablet,36,Annual,Basic,4,True
CX00345,41,Streaming,App Store,Desktop,10,Annual,Plus,6,True
CX00346,36,Cloud Storage,Paid Social,Mobile,31,Month-to-month,Plus,2,False
CX00347,40,Streaming,App Store,Mobile,9,Month-to-month,Standard,2,False
CX00348,35,Streaming,App Store,Smart TV,16,Month-to-month,Basic,3,True
CX00349,27,News & Media,Referral,Mobile,34,Month-to-month,Basic,3,True
CX00350,53,Streaming,Organic Search,Mobile,21,Annual,Premium,5,False
CX00351,36,Streaming,Influencer,Mobile,9,Month-to-month,Plus,4,False
CX00352,18,Streaming,Referral,Mobile,13,Annual,Basic,1,False
CX00353,32,Productivity,Influencer,Smart TV,12,Month-to-month,Standard,3,False
CX00354,19,Fintech,App Store,Desktop,1,Month-to-month,Standard,5,False
CX00355,43,Streaming,Referral,Mobile,25,Month-to-month,Plus,4,False
CX00356,47,Streaming,App Store,Mobile,20,Annual,Standard,5,False
CX00357,25,Fintech,Influencer,Mobile,44,Month-to-month,Plus,2,True
CX00358,35,Fintech,Influencer,Desktop,11,Month-to-month,Plus,4,True
CX00359,32,Fintech,App Store,Desktop,11,Month-to-month,Premium,6,False
CX00360,52,Productivity,Paid Social,Desktop,9,Month-to-month,Basic,1,False
CX00361,38,Productivity,App Store,Desktop,48,Annual,Premium,5,True
CX00362,45,Fintech,Paid Social,Mobile,8,Month-to-month,Premium,4,True
CX00363,42,News & Media,App Store,Mobile,10,Annual,Standard,2,False
CX00364,44,Streaming,Paid Social,Mobile,10,Annual,Standard,5,False
CX00365,28,Streaming,Email Campaign,Mobile,51,Two year,Standard,2,False
CX00366,39,Streaming,App Store,Mobile,2,Month-to-month,Standard,3,False
CX00367,49,Productivity,Influencer,Mobile,41,Two year,Standard,2,False
CX00368,21,Streaming,Referral,Tablet,8,Month-to-month,Plus,4,False
CX00369,23,Fintech,App Store,Smart TV,72,Two year,Basic,4,False
CX00370,36,Fintech,App Store,Smart TV,1,Month-to-month,Standard,2,False
CX00371,54,News & Media,Paid Social,Desktop,4,Month-to-month,Standard,4,True
CX00372,24,Cloud Storage,App Store,Mobile,7,Month-to-month,Standard,5,True
CX00373,35,Streaming,Referral,Mobile,36,Annual,Basic,5,False
CX00374,18,News & Media,Influencer,Mobile,11,Month-to-month,Premium,8,False
CX00375,47,Streaming,App Store,Smart TV,50,Two year,Basic,2,False
CX00376,52,Fitness,Paid Social,Mobile,6,Month-to-month,Premium,7,False
CX00377,41,Fitness,Paid Social,Mobile,73,Two year,Basic,1,False
CX00378,31,Streaming,Organic Search,Mobile,16,Month-to-month,Premium,6,False
CX00379,46,Cloud Storage,App Store,Mobile,17,Month-to-month,Premium,4,False
CX00380,39,Streaming,Organic Search,Smart TV,35,Annual,Standard,3,False
CX00381,24,Productivity,Organic Search,Mobile,6,Month-to-month,Premium,7,False
CX00382,20,Productivity,Email Campaign,Tablet,6,Month-to-month,Basic,2,False
CX00383,22,Gaming,App Store,Mobile,7,Month-to-month,Plus,2,False
CX00384,19,Fintech,Influencer,Desktop,14,Month-to-month,Standard,6,True
CX00385,41,Fintech,Influencer,Mobile,6,Month-to-month,Standard,2,False
CX00386,47,Fitness,Paid Social,Desktop,26,Month-to-month,Standard,1,False
CX00387,19,Streaming,Influencer,Smart TV,8,Month-to-month,Basic,1,False
CX00388,46,Fitness,App Store,Tablet,52,Two year,Plus,2,True
CX00389,32,Streaming,Organic Search,Tablet,28,Annual,Plus,5,False
CX00390,26,News & Media,Paid Social,Smart TV,10,Month-to-month,Basic,4,False
CX00391,28,Streaming,Paid Social,Mobile,22,Annual,Standard,2,False
CX00392,46,Cloud Storage,Referral,Mobile,6,Month-to-month,Plus,4,False
CX00393,34,Streaming,Organic Search,Mobile,41,Annual,Standard,3,False
CX00394,40,Streaming,Organic Search,Mobile,12,Month-to-month,Basic,3,False
CX00395,28,Gaming,Influencer,Mobile,12,Annual,Standard,4,False
CX00396,26,Streaming,App Store,Mobile,13,Annual,Plus,3,True
CX00397,22,Productivity,Email Campaign,Desktop,24,Month-to-month,Basic,2,False
CX00398,30,Gaming,Paid Social,Smart TV,28,Annual,Standard,2,True
CX00399,18,Productivity,App Store,Mobile,18,Annual,Premium,4,False
CX00400,44,Fitness,Paid Social,Mobile,13,Annual,Standard,1,True
CX00401,39,Streaming,Referral,Desktop,53,Month-to-month,Plus,6,False
CX00402,32,Streaming,App Store,Smart TV,12,Month-to-month,Plus,1,True
CX00403,25,Streaming,Email Campaign,Desktop,9,Month-to-month,Standard,4,True
CX00404,18,Gaming,Referral,Tablet,19,Month-to-month,Plus,6,False
CX00405,28,Gaming,Organic Search,Mobile,22,Month-to-month,Basic,2,False
CX00406,18,Productivity,Influencer,Mobile,17,Annual,Basic,1,False
CX00407,41,Fintech,App Store,Mobile,7,Month-to-month,Plus,3,False
CX00408,39,Gaming,Paid Social,Mobile,19,Annual,Basic,1,False
CX00409,38,Fintech,Paid Social,Tablet,6,Month-to-month,Premium,3,False
CX00410,18,Fintech,Organic Search,Desktop,9,Annual,Premium,5,False
CX00411,42,Streaming,Paid Social,Mobile,20,Month-to-month,Basic,2,True
CX00412,29,Streaming,App Store,Desktop,39,Two year,Standard,2,True
CX00413,44,Fitness,Paid Social,Desktop,18,Two year,Standard,4,False
CX00414,18,Cloud Storage,Paid Social,Mobile,9,Annual,Plus,3,False
CX00415,39,Productivity,Paid Social,Mobile,25,Month-to-month,Basic,1,False
CX00416,37,Fintech,Organic Search,Mobile,9,Month-to-month,Premium,1,True
CX00417,44,Streaming,Paid Social,Mobile,28,Annual,Basic,3,False
CX00418,29,Fitness,Organic Search,Tablet,15,Annual,Plus,2,False
CX00419,30,Fintech,Referral,Mobile,16,Month-to-month,Basic,1,True
CX00420,18,News & Media,Referral,Mobile,58,Annual,Premium,3,True
CX00421,18,Streaming,Email Campaign,Desktop,11,Month-to-month,Basic,1,True
CX00422,18,Productivity,Paid Social,Mobile,15,Month-to-month,Standard,3,True
CX00423,50,Fitness,Organic Search,Desktop,11,Annual,Basic,2,False
CX00424,34,Cloud Storage,Organic Search,Mobile,26,Annual,Plus,5,False
CX00425,28,Fitness,Referral,Mobile,20,Month-to-month,Standard,3,True
CX00426,27,Fintech,Referral,Tablet,27,Month-to-month,Premium,4,False
CX00427,18,Fintech,Organic Search,Mobile,19,Month-to-month,Premium,5,False
CX00428,32,Fitness,App Store,Desktop,3,Month-to-month,Premium,5,False
CX00429,44,Fitness,Paid Social,Mobile,32,Two year,Basic,3,False
CX00430,18,Productivity,Organic Search,Mobile,27,Two year,Plus,3,False
CX00431,45,Productivity,Referral,Smart TV,34,Annual,Standard,2,True
CX00432,52,Productivity,Influencer,Mobile,20,Month-to-month,Standard,3,True
CX00433,32,News & Media,Paid Social,Mobile,3,Month-to-month,Standard,2,False
CX00434,40,Streaming,Email Campaign,Mobile,34,Two year,Standard,1,False
CX00435,34,Cloud Storage,Organic Search,Mobile,10,Month-to-month,Basic,1,False
CX00436,53,Productivity,App Store,Mobile,16,Month-to-month,Standard,3,True
CX00437,40,Fintech,Referral,Mobile,49,Annual,Plus,2,True
CX00438,29,Productivity,Referral,Desktop,3,Month-to-month,Basic,1,False
CX00439,48,Fitness,App Store,Smart TV,6,Month-to-month,Premium,4,False
CX00440,27,Fintech,Organic Search,Desktop,14,Month-to-month,Premium,6,True
CX00441,29,Fintech,Paid Social,Smart TV,53,Annual,Premium,5,False
CX00442,18,Streaming,Organic Search,Mobile,39,Month-to-month,Basic,3,False
CX00443,21,Cloud Storage,Influencer,Desktop,41,Annual,Premium,4,False
CX00444,34,Fintech,Referral,Mobile,23,Month-to-month,Standard,4,True
CX00445,18,Productivity,Referral,Smart TV,28,Month-to-month,Premium,4,False
CX00446,31,Productivity,Referral,Desktop,20,Month-to-month,Plus,5,True
CX00447,35,Fintech,Organic Search,Mobile,23,Annual,Basic,1,False
CX00448,30,Cloud Storage,Paid Social,Mobile,11,Month-to-month,Basic,1,False
CX00449,20,Streaming,Referral,Mobile,22,Annual,Standard,3,True
CX00450,45,Productivity,Organic Search,Smart TV,27,Annual,Basic,3,False
CX00451,32,Streaming,Paid Social,Desktop,30,Two year,Premium,3,False
CX00452,37,News & Media,App Store,Mobile,1,Month-to-month,Standard,4,False
CX00453,36,Streaming,Organic Search,Mobile,10,Month-to-month,Premium,4,False
CX00454,18,Streaming,App Store,Desktop,24,Annual,Plus,2,False
CX00455,18,News & Media,Organic Search,Mobile,10,Month-to-month,Premium,6,False
CX00456,36,News & Media,Organic Search,Mobile,11,Month-to-month,Plus,5,False
CX00457,57,Streaming,Organic Search,Mobile,38,Two year,Premium,3,True
CX00458,39,Cloud Storage,Organic Search,Mobile,17,Annual,Basic,1,False
CX00459,53,Fintech,Organic Search,Mobile,7,Month-to-month,Standard,4,True
CX00460,20,Fitness,Organic Search,Smart TV,26,Month-to-month,Basic,1,False
CX00461,43,Fitness,App Store,Mobile,10,Annual,Basic,1,False
CX00462,45,Fintech,Referral,Desktop,12,Annual,Basic,2,False
CX00463,19,Gaming,Paid Social,Smart TV,6,Two year,Standard,2,False
CX00464,45,Productivity,Paid Social,Desktop,22,Month-to-month,Plus,2,False
CX00465,43,Cloud Storage,Email Campaign,Smart TV,3,Month-to-month,Standard,1,False
CX00466,19,Fintech,Paid Social,Mobile,9,Month-to-month,Standard,3,False
CX00467,40,Streaming,Paid Social,Desktop,23,Month-to-month,Premium,8,True
CX00468,54,Streaming,Referral,Smart TV,13,Annual,Plus,6,False
CX00469,33,News & Media,Organic Search,Mobile,20,Month-to-month,Basic,3,False
CX00470,19,News & Media,Paid Social,Desktop,21,Month-to-month,Standard,2,True
CX00471,22,Fintech,Organic Search,Desktop,11,Month-to-month,Standard,3,False
CX00472,39,Productivity,Organic Search,Mobile,9,Annual,Plus,5,False
CX00473,28,Fintech,Paid Social,Desktop,19,Month-to-month,Standard,2,False
CX00474,29,Fintech,Organic Search,Mobile,18,Two year,Standard,3,False
CX00475,18,Fintech,Organic Search,Mobile,8,Month-to-month,Standard,2,True
CX00476,50,News & Media,Paid Social,Mobile,27,Annual,Plus,4,False
CX00477,34,Productivity,App Store,Mobile,5,Annual,Basic,2,False
CX00478,56,Streaming,Organic Search,Desktop,16,Two year,Basic,1,True
CX00479,27,Gaming,Referral,Desktop,13,Month-to-month,Basic,2,True
CX00480,28,Fitness,Organic Search,Desktop,7,Annual,Standard,4,False
CX00481,29,Streaming,Email Campaign,Desktop,6,Month-to-month,Basic,3,False
CX00482,37,Productivity,App Store,Mobile,6,Month-to-month,Standard,6,False
CX00483,24,Streaming,Paid Social,Desktop,21,Month-to-month,Premium,7,False
CX00484,37,Streaming,App Store,Mobile,10,Month-to-month,Basic,5,False
CX00485,40,Cloud Storage,Paid Social,Desktop,46,Month-to-month,Premium,4,True
CX00486,29,Streaming,Organic Search,Desktop,35,Two year,Standard,1,False
CX00487,48,Productivity,Email Campaign,Mobile,11,Month-to-month,Plus,3,False
CX00488,32,Streaming,App Store,Smart TV,15,Month-to-month,Basic,1,False
CX00489,47,Streaming,Referral,Smart TV,26,Annual,Plus,3,False
CX00490,37,Productivity,App Store,Mobile,23,Month-to-month,Basic,1,True
CX00491,18,Productivity,Influencer,Desktop,40,Annual,Premium,5,True
CX00492,49,News & Media,Organic Search,Mobile,12,Month-to-month,Plus,8,False
CX00493,48,Cloud Storage,Paid Social,Desktop,24,Annual,Basic,2,False
CX00494,35,Gaming,Paid Social,Tablet,20,Annual,Plus,5,False
CX00495,63,Streaming,Paid Social,Desktop,29,Annual,Premium,3,False
CX00496,30,Cloud Storage,Paid Social,Desktop,10,Annual,Plus,6,False
CX00497,41,Fintech,App Store,Tablet,20,Annual,Basic,2,False
CX00498,53,Productivity,Influencer,Mobile,7,Month-to-month,Standard,5,False
CX00499,53,News & Media,Email Campaign,Desktop,15,Month-to-month,Premium,4,False
CX00500,30,Productivity,Organic Search,Mobile,22,Month-to-month,Plus,2,False
CX00501,27,Fitness,Paid Social,Mobile,11,Two year,Plus,2,False
CX00502,27,Streaming,Paid Social,Mobile,19,Month-to-month,Basic,3,True
CX00503,34,Fintech,Referral,Mobile,60,Two year,Standard,5,True
CX00504,24,Productivity,Organic Search,Desktop,13,Month-to-month,Basic,2,False
CX00505,26,Streaming,App Store,Smart TV,5,Month-to-month,Plus,3,True
CX00506,20,Streaming,App Store,Mobile,3,Month-to-month,Standard,3,False
CX00507,23,Streaming,Organic Search,Mobile,4,Month-to-month,Premium,8,True
CX00508,26,Productivity,Influencer,Desktop,7,Month-to-month,Standard,6,True
CX00509,38,Fintech,App Store,Mobile,25,Month-to-month,Basic,3,False
CX00510,22,Fintech,Paid Social,Smart TV,5,Annual,Plus,6,False
CX00511,22,News & Media,Organic Search,Mobile,2,Month-to-month,Basic,2,True
CX00512,21,Streaming,Referral,Tablet,8,Month-to-month,Basic,1,False
CX00513,18,News & Media,Paid Social,Mobile,68,Two year,Standard,1,True
CX00514,39,Cloud Storage,App Store,Mobile,28,Month-to-month,Basic,3,True
CX00515,27,Cloud Storage,Paid Social,Mobile,13,Month-to-month,Plus,5,True
CX00516,21,Streaming,Referral,Mobile,37,Two year,Plus,4,False
CX00517,47,Streaming,App Store,Desktop,11,Month-to-month,Premium,3,False
CX00518,33,Streaming,Referral,Mobile,21,Annual,Basic,3,True
CX00519,30,Fitness,Influencer,Tablet,2,Month-to-month,Standard,4,False
CX00520,36,Fitness,Email Campaign,Smart TV,16,Month-to-month,Premium,3,True
CX00521,44,Streaming,Paid Social,Desktop,26,Annual,Standard,3,False
CX00522,24,Fitness,Referral,Desktop,40,Two year,Standard,2,True
CX00523,47,News & Media,Organic Search,Mobile,15,Two year,Standard,2,False
CX00524,56,News & Media,App Store,Mobile,22,Annual,Standard,5,True
CX00525,34,Fitness,Referral,Smart TV,11,Month-to-month,Basic,1,False
CX00526,50,Streaming,Organic Search,Tablet,32,Annual,Plus,6,False
CX00527,55,Productivity,App Store,Desktop,36,Two year,Plus,5,True
CX00528,37,Streaming,Organic Search,Mobile,24,Two year,Premium,5,False
CX00529,41,Productivity,Paid Social,Desktop,16,Month-to-month,Premium,7,False
CX00530,24,Productivity,Organic Search,Mobile,37,Two year,Basic,4,False
CX00531,27,Fintech,App Store,Mobile,15,Annual,Plus,4,True
CX00532,44,Productivity,App Store,Desktop,36,Two year,Basic,3,False
CX00533,41,Fintech,Paid Social,Desktop,5,Month-to-month,Standard,2,False
CX00534,33,Gaming,Paid Social,Mobile,64,Two year,Plus,3,False
CX00535,48,Gaming,Organic Search,Mobile,18,Annual,Standard,5,False
CX00536,34,Streaming,Referral,Mobile,8,Month-to-month,Standard,3,False
CX00537,39,Productivity,Referral,Desktop,43,Month-to-month,Standard,2,False
CX00538,51,Productivity,App Store,Mobile,7,Month-to-month,Basic,3,False
CX00539,56,Fitness,Organic Search,Desktop,36,Annual,Standard,3,False
CX00540,41,Gaming,Paid Social,Mobile,23,Annual,Standard,2,False
CX00541,48,Streaming,Paid Social,Smart TV,23,Annual,Basic,2,True
CX00542,38,News & Media,Influencer,Mobile,60,Annual,Standard,2,False
CX00543,63,Productivity,Organic Search,Mobile,31,Annual,Basic,1,False
CX00544,47,Cloud Storage,Paid Social,Mobile,12,Month-to-month,Premium,7,False
CX00545,32,Productivity,Organic Search,Tablet,24,Annual,Standard,2,True
CX00546,32,News & Media,Influencer,Smart TV,8,Month-to-month,Standard,2,False
CX00547,18,Streaming,Influencer,Mobile,1,Month-to-month,Premium,7,True
CX00548,43,Fintech,Organic Search,Desktop,28,Month-to-month,Standard,2,False
CX00549,18,Productivity,App Store,Mobile,4,Month-to-month,Basic,1,False
CX00550,27,Fintech,Referral,Mobile,15,Annual,Basic,1,False
CX00551,28,Streaming,Paid Social,Mobile,44,Two year,Plus,4,False
CX00552,40,Fintech,Referral,Mobile,3,Month-to-month,Standard,1,False
CX00553,18,Fitness,App Store,Tablet,17,Month-to-month,Plus,6,False
CX00554,32,Streaming,Paid Social,Desktop,20,Annual,Basic,4,False
CX00555,36,Fintech,Paid Social,Smart TV,69,Annual,Basic,2,True
CX00556,30,Cloud Storage,Organic Search,Mobile,13,Annual,Plus,4,False
CX00557,34,Cloud Storage,Organic Search,Tablet,42,Annual,Standard,1,False
CX00558,33,Streaming,Organic Search,Mobile,8,Month-to-month,Plus,3,False
CX00559,56,Gaming,Email Campaign,Desktop,13,Month-to-month,Standard,4,False
CX00560,35,Streaming,Influencer,Desktop,18,Month-to-month,Basic,3,True
CX00561,41,Productivity,Paid Social,Desktop,36,Two year,Standard,1,False
CX00562,40,Cloud Storage,Referral,Desktop,9,Month-to-month,Basic,3,False
CX00563,31,News & Media,Organic Search,Desktop,13,Month-to-month,Premium,3,False
CX00564,40,Fitness,Paid Social,Mobile,15,Annual,Basic,2,True
CX00565,69,Gaming,Referral,Tablet,14,Month-to-month,Premium,2,True
CX00566,36,Gaming,App Store,Mobile,24,Month-to-month,Basic,3,True
CX00567,49,Streaming,Paid Social,Mobile,32,Two year,Basic,3,False
CX00568,18,Fintech,App Store,Mobile,27,Annual,Standard,5,False
CX00569,40,Streaming,Referral,Mobile,29,Annual,Standard,2,False
CX00570,37,Cloud Storage,Email Campaign,Mobile,29,Two year,Premium,7,False
CX00571,44,Streaming,Organic Search,Desktop,18,Annual,Standard,3,False
CX00572,38,Cloud Storage,Organic Search,Desktop,18,Two year,Basic,1,False
CX00573,62,Productivity,Paid Social,Desktop,37,Annual,Premium,2,False
CX00574,24,Streaming,Paid Social,Mobile,17,Annual,Plus,6,False
CX00575,30,Streaming,App Store,Tablet,3,Month-to-month,Plus,3,False
CX00576,22,Fintech,App Store,Mobile,6,Month-to-month,Basic,2,False
CX00577,24,News & Media,App Store,Desktop,5,Month-to-month,Basic,1,False
CX00578,47,Streaming,Referral,Desktop,41,Month-to-month,Premium,4,False
CX00579,23,Streaming,Organic Search,Mobile,13,Month-to-month,Basic,1,False
CX00580,37,Cloud Storage,Influencer,Smart TV,7,Annual,Standard,1,True
CX00581,42,Streaming,Email Campaign,Mobile,8,Annual,Standard,4,False
CX00582,23,Gaming,Organic Search,Tablet,23,Month-to-month,Premium,3,False
CX00583,39,Fitness,Influencer,Desktop,13,Month-to-month,Basic,1,False
CX00584,18,Fitness,Paid Social,Tablet,33,Annual,Standard,2,True
CX00585,37,Streaming,Paid Social,Mobile,13,Month-to-month,Plus,5,False
CX00586,26,Productivity,Paid Social,Mobile,45,Annual,Basic,2,False
CX00587,38,Streaming,Referral,Smart TV,32,Month-to-month,Basic,1,False
CX00588,41,Fintech,Email Campaign,Mobile,67,Two year,Premium,3,False
CX00589,30,Fintech,Organic Search,Smart TV,1,Month-to-month,Plus,6,False
CX00590,29,Cloud Storage,Organic Search,Mobile,9,Month-to-month,Basic,2,False
CX00591,34,Gaming,App Store,Mobile,9,Month-to-month,Plus,3,False
CX00592,49,Fintech,App Store,Desktop,38,Annual,Basic,1,False
CX00593,45,News & Media,Referral,Mobile,51,Two year,Basic,3,False
CX00594,18,Cloud Storage,Referral,Desktop,9,Month-to-month,Plus,5,False
CX00595,24,Productivity,Referral,Tablet,11,Month-to-month,Standard,3,False
CX00596,30,Fintech,Email Campaign,Tablet,23,Month-to-month,Premium,6,False
CX00597,32,Productivity,Paid Social,Mobile,32,Annual,Plus,4,False
CX00598,33,Productivity,Organic Search,Mobile,13,Month-to-month,Basic,3,False
CX00599,33,Cloud Storage,App Store,Mobile,77,Two year,Standard,4,True
CX00600,35,Fitness,Email Campaign,Mobile,14,Month-to-month,Plus,3,False
CX00601,30,Streaming,Organic Search,Mobile,13,Month-to-month,Standard,6,False
CX00602,23,Fitness,Organic Search,Mobile,25,Annual,Premium,3,False
CX00603,40,Productivity,Organic Search,Mobile,6,Month-to-month,Premium,8,False
CX00604,37,Cloud Storage,Referral,Mobile,3,Month-to-month,Plus,5,False
CX00605,47,Productivity,Paid Social,Desktop,33,Annual,Standard,3,False
CX00606,31,Streaming,Organic Search,Mobile,19,Month-to-month,Standard,2,False
CX00607,23,Streaming,Paid Social,Desktop,19,Two year,Standard,3,False
CX00608,35,Fintech,Organic Search,Desktop,4,Month-to-month,Premium,5,False
CX00609,60,Streaming,Influencer,Mobile,19,Annual,Basic,6,False
CX00610,50,News & Media,Email Campaign,Desktop,10,Annual,Standard,1,False
CX00611,35,Streaming,Organic Search,Desktop,19,Two year,Standard,5,False
CX00612,32,Gaming,App Store,Desktop,3,Month-to-month,Plus,4,False
CX00613,36,Cloud Storage,Organic Search,Mobile,27,Annual,Basic,1,False
CX00614,20,Streaming,Organic Search,Mobile,9,Annual,Premium,7,False
CX00615,40,Streaming,Referral,Mobile,48,Two year,Premium,2,True
CX00616,31,Streaming,Influencer,Mobile,19,Annual,Standard,3,False
CX00617,32,Streaming,Organic Search,Mobile,18,Month-to-month,Basic,2,False
CX00618,24,Fintech,Email Campaign,Mobile,23,Annual,Basic,2,False
CX00619,22,Productivity,Paid Social,Mobile,16,Month-to-month,Plus,3,False
CX00620,43,Streaming,App Store,Smart TV,11,Month-to-month,Basic,1,False
CX00621,27,Fitness,Organic Search,Mobile,22,Annual,Basic,1,False
CX00622,46,Streaming,App Store,Smart TV,16,Annual,Standard,1,False
CX00623,34,Productivity,Organic Search,Mobile,65,Annual,Plus,4,False
CX00624,30,Fitness,Paid Social,Mobile,7,Month-to-month,Plus,4,False
CX00625,60,News & Media,Paid Social,Mobile,32,Annual,Plus,3,False
CX00626,29,Productivity,Referral,Desktop,20,Annual,Standard,2,False
CX00627,45,Cloud Storage,App Store,Desktop,6,Month-to-month,Standard,2,False
CX00628,21,Fintech,App Store,Mobile,9,Annual,Standard,5,True
CX00629,42,Streaming,Organic Search,Mobile,38,Two year,Plus,3,False
CX00630,34,Productivity,Paid Social,Desktop,11,Month-to-month,Basic,3,False
CX00631,33,Fintech,App Store,Desktop,4,Month-to-month,Plus,5,False
CX00632,32,Productivity,Paid Social,Mobile,10,Annual,Standard,2,False
CX00633,49,Fintech,Influencer,Desktop,28,Two year,Basic,2,True
CX00634,40,Streaming,Email Campaign,Tablet,68,Annual,Plus,2,False
CX00635,34,Fitness,Influencer,Desktop,27,Two year,Standard,4,False
CX00636,52,Fitness,App Store,Mobile,34,Two year,Standard,2,False
CX00637,37,Streaming,App Store,Mobile,11,Annual,Basic,4,False
CX00638,27,Fintech,App Store,Tablet,23,Annual,Standard,3,False
CX00639,70,Productivity,Organic Search,Mobile,7,Month-to-month,Standard,4,False
CX00640,48,Streaming,Organic Search,Mobile,31,Month-to-month,Basic,1,False
CX00641,27,Streaming,Email Campaign,Desktop,21,Annual,Basic,3,False
CX00642,26,Streaming,Referral,Mobile,1,Month-to-month,Premium,4,False
CX00643,24,Streaming,App Store,Smart TV,27,Month-to-month,Standard,5,False
CX00644,56,Streaming,Paid Social,Mobile,14,Month-to-month,Standard,1,False
CX00645,38,Productivity,Organic Search,Desktop,17,Month-to-month,Plus,3,False
CX00646,25,Cloud Storage,Organic Search,Mobile,16,Annual,Plus,4,False
CX00647,58,Productivity,Referral,Mobile,55,Two year,Standard,2,False
CX00648,47,Fitness,Organic Search,Mobile,33,Month-to-month,Premium,4,False
CX00649,43,Fitness,Email Campaign,Mobile,11,Annual,Basic,3,False
CX00650,40,Streaming,Organic Search,Tablet,18,Month-to-month,Standard,3,False
CX00651,26,Streaming,Paid Social,Smart TV,8,Annual,Premium,8,False
CX00652,40,Fitness,Referral,Mobile,62,Two year,Standard,3,False
CX00653,34,Productivity,Email Campaign,Mobile,18,Month-to-month,Plus,5,False
CX00654,23,Streaming,App Store,Mobile,7,Month-to-month,Basic,3,False
CX00655,41,Cloud Storage,Organic Search,Mobile,14,Two year,Premium,3,False
CX00656,32,Fintech,Referral,Mobile,4,Month-to-month,Basic,2,False
CX00657,33,Streaming,App Store,Mobile,12,Two year,Plus,7,False
CX00658,43,Fitness,Organic Search,Mobile,20,Two year,Basic,2,False
CX00659,40,Fitness,Email Campaign,Desktop,58,Two year,Standard,3,False
CX00660,52,Streaming,Referral,Desktop,43,Two year,Basic,2,False
CX00661,37,Streaming,Referral,Mobile,11,Month-to-month,Basic,2,True
CX00662,23,Fitness,Influencer,Tablet,20,Annual,Plus,5,False
CX00663,32,Fintech,App Store,Mobile,32,Month-to-month,Basic,1,False
CX00664,50,Productivity,App Store,Mobile,21,Month-to-month,Standard,2,False
CX00665,21,Productivity,Paid Social,Mobile,15,Two year,Premium,5,False
CX00666,60,Productivity,Email Campaign,Desktop,35,Month-to-month,Standard,4,False
CX00667,39,Streaming,Email Campaign,Mobile,32,Month-to-month,Standard,1,False
CX00668,46,Fitness,Paid Social,Mobile,15,Two year,Standard,5,False
CX00669,18,Streaming,Organic Search,Mobile,22,Two year,Basic,3,False
CX00670,30,Productivity,Referral,Mobile,15,Month-to-month,Standard,1,False
CX00671,25,Streaming,Email Campaign,Desktop,9,Two year,Standard,2,True
CX00672,42,Streaming,Influencer,Mobile,24,Annual,Basic,2,False
CX00673,32,Gaming,Email Campaign,Mobile,20,Annual,Basic,2,False
CX00674,18,Fintech,Organic Search,Smart TV,20,Annual,Basic,1,False
CX00675,40,News & Media,Paid Social,Smart TV,30,Month-to-month,Plus,4,True
CX00676,28,Streaming,Paid Social,Mobile,21,Month-to-month,Standard,3,True
CX00677,27,Streaming,Paid Social,Tablet,26,Month-to-month,Standard,4,False
CX00678,48,Streaming,Paid Social,Smart TV,47,Month-to-month,Standard,4,False
CX00679,28,Productivity,Paid Social,Mobile,44,Month-to-month,Plus,4,False
CX00680,55,Productivity,App Store,Desktop,11,Month-to-month,Basic,2,False
CX00681,28,Gaming,App Store,Mobile,1,Month-to-month,Premium,5,False
CX00682,49,News & Media,Organic Search,Mobile,22,Month-to-month,Basic,2,False
CX00683,22,Streaming,App Store,Mobile,37,Annual,Standard,4,False
CX00684,28,Fintech,App Store,Tablet,37,Annual,Premium,5,False
CX00685,34,Gaming,Email Campaign,Tablet,12,Month-to-month,Standard,5,False
CX00686,31,Cloud Storage,Paid Social,Mobile,38,Annual,Premium,3,False
CX00687,55,News & Media,App Store,Desktop,8,Annual,Plus,1,False
CX00688,37,Cloud Storage,Paid Social,Desktop,56,Month-to-month,Standard,2,True
CX00689,21,Streaming,Organic Search,Mobile,22,Annual,Basic,1,False
CX00690,46,News & Media,Organic Search,Mobile,32,Two year,Standard,6,False
CX00691,24,Fitness,Organic Search,Mobile,14,Month-to-month,Basic,2,False
CX00692,18,Fintech,Paid Social,Desktop,21,Annual,Premium,6,False
CX00693,38,Streaming,App Store,Desktop,31,Annual,Premium,4,True
CX00694,29,Streaming,App Store,Mobile,48,Month-to-month,Standard,2,False
CX00695,26,Cloud Storage,Email Campaign,Mobile,17,Annual,Standard,1,False
CX00696,46,Streaming,Organic Search,Mobile,46,Annual,Basic,4,True
CX00697,47,Productivity,Organic Search,Mobile,31,Annual,Standard,3,False
CX00698,25,Productivity,Organic Search,Mobile,5,Month-to-month,Plus,2,True
CX00699,36,Gaming,App Store,Mobile,43,Annual,Plus,8,False
CX00700,41,News & Media,Organic Search,Mobile,19,Annual,Basic,3,False
CX00701,37,Fintech,Organic Search,Smart TV,5,Month-to-month,Basic,1,False
CX00702,42,Fintech,App Store,Desktop,3,Month-to-month,Standard,2,False
CX00703,50,Fitness,Referral,Desktop,50,Two year,Standard,2,True
CX00704,58,Productivity,Referral,Mobile,1,Month-to-month,Standard,3,False
CX00705,18,Fintech,App Store,Mobile,2,Month-to-month,Standard,2,False
CX00706,63,Fintech,Email Campaign,Mobile,5,Month-to-month,Standard,2,False
CX00707,51,Fitness,Paid Social,Mobile,7,Month-to-month,Plus,7,False
CX00708,29,Fintech,App Store,Tablet,56,Annual,Standard,2,False
CX00709,37,Fitness,Influencer,Desktop,6,Month-to-month,Basic,2,True
CX00710,55,Streaming,Organic Search,Mobile,27,Month-to-month,Premium,6,False
CX00711,28,Fitness,App Store,Mobile,4,Month-to-month,Premium,3,False
CX00712,25,Fintech,Organic Search,Desktop,24,Two year,Premium,2,False
CX00713,18,News & Media,Organic Search,Desktop,13,Month-to-month,Basic,1,False
CX00714,21,Gaming,Referral,Mobile,45,Two year,Standard,5,True
CX00715,49,Fitness,Paid Social,Smart TV,5,Month-to-month,Basic,3,False
CX00716,32,Fintech,Organic Search,Mobile,4,Month-to-month,Premium,5,False
CX00717,18,Cloud Storage,App Store,Mobile,27,Annual,Standard,2,False
CX00718,49,Fintech,Paid Social,Desktop,20,Annual,Premium,3,False
CX00719,42,Streaming,Organic Search,Smart TV,15,Annual,Standard,2,False
CX00720,18,Fintech,Paid Social,Smart TV,24,Month-to-month,Standard,3,False
CX00721,39,Fintech,App Store,Tablet,84,Two year,Plus,5,False
CX00722,24,Fitness,Referral,Mobile,26,Annual,Basic,1,False
CX00723,32,Cloud Storage,Organic Search,Desktop,40,Two year,Basic,5,False
CX00724,43,Streaming,App Store,Mobile,84,Two year,Plus,5,True
CX00725,18,Productivity,Organic Search,Mobile,40,Annual,Standard,4,False
CX00726,30,News & Media,Organic Search,Desktop,17,Annual,Standard,5,False
CX00727,37,Fintech,Organic Search,Mobile,22,Two year,Basic,2,False
CX00728,32,Streaming,Paid Social,Mobile,12,Annual,Premium,6,True
CX00729,40,Productivity,Paid Social,Desktop,47,Annual,Standard,2,False
CX00730,30,Cloud Storage,Referral,Mobile,7,Month-to-month,Standard,1,False
CX00731,40,Fitness,Influencer,Smart TV,14,Month-to-month,Plus,6,False
CX00732,31,Cloud Storage,Influencer,Mobile,15,Annual,Standard,3,False
CX00733,58,Productivity,Paid Social,Mobile,42,Annual,Standard,1,False
CX00734,37,Streaming,Paid Social,Mobile,1,Month-to-month,Standard,3,False
CX00735,35,Streaming,Organic Search,Desktop,9,Month-to-month,Basic,3,True
CX00736,33,Gaming,App Store,Smart TV,11,Month-to-month,Premium,4,True
CX00737,32,Productivity,Influencer,Desktop,26,Month-to-month,Standard,4,False
CX00738,65,Productivity,Influencer,Mobile,22,Annual,Standard,1,True
CX00739,23,Streaming,Paid Social,Mobile,49,Two year,Premium,5,True
CX00740,18,Cloud Storage,App Store,Desktop,36,Month-to-month,Plus,6,False
CX00741,37,Fitness,Organic Search,Mobile,8,Annual,Standard,1,False
CX00742,52,Cloud Storage,Influencer,Desktop,25,Month-to-month,Basic,1,False
CX00743,39,Cloud Storage,Organic Search,Mobile,39,Annual,Standard,4,False
CX00744,18,Streaming,Organic Search,Mobile,4,Month-to-month,Premium,7,False
CX00745,35,Gaming,Organic Search,Smart TV,6,Annual,Standard,6,False
CX00746,28,Streaming,App Store,Mobile,2,Month-to-month,Basic,4,False
CX00747,41,Streaming,App Store,Desktop,27,Annual,Basic,2,False
CX00748,36,Productivity,App Store,Desktop,2,Month-to-month,Plus,6,False
CX00749,36,Fintech,Organic Search,Mobile,18,Month-to-month,Basic,1,False
CX00750,43,Streaming,App Store,Desktop,24,Two year,Premium,3,False
CX00751,41,Fintech,Referral,Desktop,44,Annual,Plus,3,True
CX00752,21,Streaming,App Store,Mobile,29,Month-to-month,Plus,5,False
CX00753,18,Productivity,Organic Search,Mobile,42,Annual,Plus,2,False
CX00754,51,Productivity,App Store,Mobile,4,Month-to-month,Plus,4,True
CX00755,49,Streaming,Influencer,Desktop,12,Month-to-month,Standard,3,False
CX00756,39,Fitness,Paid Social,Mobile,3,Month-to-month,Plus,2,False
CX00757,24,Productivity,Paid Social,Mobile,8,Annual,Basic,3,True
CX00758,18,Fitness,Paid Social,Tablet,34,Annual,Premium,5,False
CX00759,44,Fintech,App Store,Mobile,41,Two year,Basic,1,False
CX00760,48,Cloud Storage,Email Campaign,Tablet,73,Annual,Standard,4,False
CX00761,33,Fitness,Referral,Tablet,30,Two year,Basic,2,True
CX00762,18,Cloud Storage,Paid Social,Desktop,41,Two year,Standard,3,False
CX00763,39,Cloud Storage,Referral,Mobile,11,Month-to-month,Basic,4,True
CX00764,35,Fitness,App Store,Mobile,22,Annual,Plus,3,False
CX00765,22,Streaming,App Store,Mobile,26,Two year,Standard,5,True
CX00766,37,Fintech,App Store,Mobile,1,Month-to-month,Standard,5,False
CX00767,34,Productivity,Email Campaign,Mobile,9,Month-to-month,Standard,1,True
CX00768,18,Productivity,App Store,Mobile,18,Two year,Standard,5,False
CX00769,34,Cloud Storage,App Store,Mobile,1,Month-to-month,Standard,4,False
CX00770,41,Fitness,Referral,Desktop,18,Annual,Plus,4,False
CX00771,34,Gaming,Organic Search,Mobile,62,Two year,Premium,1,False
CX00772,23,Fintech,Paid Social,Desktop,29,Annual,Basic,3,False
CX00773,34,Productivity,Referral,Tablet,19,Annual,Plus,1,False
CX00774,44,Productivity,Paid Social,Mobile,3,Month-to-month,Basic,4,False
CX00775,40,Fitness,Influencer,Mobile,17,Month-to-month,Basic,1,False
CX00776,39,Productivity,Organic Search,Tablet,17,Annual,Standard,3,False
CX00777,19,Fintech,Organic Search,Mobile,14,Annual,Plus,1,False
CX00778,52,Streaming,Email Campaign,Mobile,32,Annual,Plus,3,False
CX00779,46,Fitness,Referral,Mobile,36,Annual,Basic,2,False
CX00780,21,Streaming,Influencer,Mobile,84,Two year,Basic,2,False
CX00781,18,Fintech,App Store,Mobile,10,Annual,Premium,6,False
CX00782,39,Productivity,App Store,Tablet,16,Annual,Standard,2,True
CX00783,36,News & Media,Organic Search,Desktop,59,Annual,Standard,4,False
CX00784,31,Fintech,Paid Social,Desktop,20,Annual,Basic,1,False
CX00785,60,Fitness,Referral,Desktop,6,Month-to-month,Basic,3,False
CX00786,48,Streaming,Organic Search,Desktop,3,Annual,Standard,2,False
CX00787,27,Streaming,Paid Social,Mobile,14,Annual,Standard,3,True
CX00788,59,Productivity,Paid Social,Tablet,18,Two year,Plus,4,False
CX00789,27,Streaming,App Store,Mobile,13,Month-to-month,Standard,3,True
CX00790,36,Fitness,Organic Search,Desktop,20,Month-to-month,Standard,3,False
CX00791,18,Productivity,Organic Search,Desktop,22,Month-to-month,Standard,4,False
CX00792,23,Fintech,App Store,Mobile,27,Month-to-month,Basic,1,True
CX00793,47,Fitness,Paid Social,Tablet,5,Month-to-month,Basic,5,False
CX00794,33,Fintech,App Store,Tablet,8,Month-to-month,Standard,3,False
CX00795,30,Streaming,Referral,Smart TV,24,Two year,Basic,2,False
CX00796,33,Productivity,Paid Social,Smart TV,22,Annual,Basic,1,False
CX00797,56,News & Media,Paid Social,Mobile,4,Month-to-month,Plus,2,False
CX00798,18,Cloud Storage,Referral,Tablet,25,Annual,Basic,3,False
CX00799,59,Fitness,Paid Social,Smart TV,39,Month-to-month,Standard,2,False
CX00800,18,Streaming,Paid Social,Smart TV,21,Month-to-month,Plus,4,False
CX00801,49,Streaming,App Store,Smart TV,49,Annual,Plus,4,False
CX00802,46,Streaming,Paid Social,Desktop,34,Annual,Plus,3,False
CX00803,41,Streaming,Organic Search,Smart TV,11,Annual,Premium,4,False
CX00804,47,Streaming,Organic Search,Desktop,6,Month-to-month,Premium,5,False
CX00805,39,Fintech,App Store,Desktop,13,Month-to-month,Basic,3,False
CX00806,30,News & Media,Email Campaign,Mobile,11,Month-to-month,Premium,2,True
CX00807,39,Fintech,Organic Search,Desktop,29,Annual,Plus,3,False
CX00808,27,Streaming,App Store,Mobile,32,Annual,Basic,1,False
CX00809,60,Cloud Storage,Influencer,Mobile,42,Two year,Standard,1,False
CX00810,20,Fitness,Paid Social,Desktop,40,Two year,Premium,6,False
CX00811,42,News & Media,App Store,Mobile,10,Month-to-month,Standard,3,False
CX00812,33,Fitness,Organic Search,Mobile,55,Annual,Standard,4,False
CX00813,27,Gaming,Organic Search,Mobile,38,Two year,Premium,4,False
CX00814,34,Gaming,Referral,Desktop,20,Month-to-month,Basic,1,False
CX00815,38,Fintech,App Store,Mobile,9,Month-to-month,Standard,3,True
CX00816,18,Cloud Storage,Referral,Mobile,12,Month-to-month,Standard,2,False
CX00817,41,Cloud Storage,App Store,Smart TV,6,Annual,Premium,6,False
CX00818,29,Gaming,Paid Social,Mobile,14,Annual,Basic,1,False
CX00819,18,Fintech,Paid Social,Mobile,33,Month-to-month,Premium,4,False
CX00820,44,News & Media,Referral,Mobile,45,Two year,Standard,2,False
CX00821,23,Streaming,Paid Social,Mobile,5,Month-to-month,Standard,2,False
CX00822,28,Productivity,Influencer,Desktop,11,Annual,Premium,7,False
CX00823,40,Fitness,Organic Search,Mobile,11,Month-to-month,Plus,5,False
CX00824,52,Productivity,Paid Social,Mobile,7,Annual,Plus,2,False
CX00825,52,Cloud Storage,Paid Social,Mobile,8,Month-to-month,Plus,4,False
CX00826,32,Fitness,Paid Social,Tablet,45,Annual,Basic,1,False
CX00827,37,Productivity,Influencer,Mobile,8,Month-to-month,Standard,3,True
CX00828,59,Cloud Storage,Referral,Mobile,15,Annual,Basic,2,False
CX00829,19,Gaming,Referral,Tablet,45,Two year,Premium,2,True
CX00830,41,Fitness,Referral,Mobile,4,Month-to-month,Plus,1,False
CX00831,33,Productivity,Email Campaign,Desktop,22,Two year,Standard,5,True
CX00832,21,Gaming,Organic Search,Desktop,9,Month-to-month,Basic,2,False
CX00833,34,Fintech,Organic Search,Desktop,11,Month-to-month,Standard,3,False
CX00834,31,Cloud Storage,App Store,Mobile,15,Month-to-month,Basic,4,True
CX00835,20,Fitness,App Store,Desktop,19,Month-to-month,Basic,3,False
CX00836,35,Gaming,App Store,Mobile,5,Month-to-month,Basic,6,False
CX00837,28,Streaming,Influencer,Desktop,21,Annual,Basic,1,False
CX00838,54,Productivity,Influencer,Mobile,10,Month-to-month,Basic,5,False
CX00839,45,News & Media,Paid Social,Mobile,55,Annual,Plus,4,False
CX00840,44,Productivity,Organic Search,Mobile,18,Annual,Basic,2,False
CX00841,32,Fitness,Organic Search,Desktop,51,Annual,Standard,7,False
CX00842,26,Gaming,Organic Search,Desktop,35,Month-to-month,Standard,5,False
CX00843,44,Fintech,Paid Social,Smart TV,14,Month-to-month,Plus,5,False
CX00844,30,Streaming,Influencer,Desktop,12,Month-to-month,Standard,3,False
CX00845,29,Productivity,Email Campaign,Desktop,80,Annual,Plus,3,True
CX00846,18,Streaming,Influencer,Tablet,7,Two year,Plus,3,False
CX00847,38,News & Media,Paid Social,Mobile,7,Month-to-month,Premium,8,False
CX00848,59,Streaming,Organic Search,Tablet,24,Month-to-month,Plus,2,False
CX00849,48,Streaming,Influencer,Mobile,28,Annual,Standard,2,False
CX00850,27,Fintech,Paid Social,Mobile,5,Month-to-month,Premium,6,True
CX00851,45,News & Media,Email Campaign,Mobile,13,Annual,Basic,1,True
CX00852,25,Productivity,Paid Social,Smart TV,18,Two year,Plus,3,False
CX00853,29,Fintech,Referral,Mobile,58,Month-to-month,Premium,8,False
CX00854,40,Productivity,Paid Social,Mobile,6,Month-to-month,Standard,1,False
CX00855,49,Fintech,Organic Search,Desktop,10,Month-to-month,Standard,7,False
CX00856,20,Fitness,Referral,Mobile,20,Annual,Plus,4,False
CX00857,38,Gaming,Influencer,Mobile,30,Two year,Basic,1,False
CX00858,34,Cloud Storage,Organic Search,Desktop,45,Annual,Plus,4,False
CX00859,30,Fintech,Organic Search,Desktop,14,Month-to-month,Basic,2,False
CX00860,34,Productivity,Influencer,Mobile,31,Month-to-month,Basic,1,False
CX00861,20,Fintech,App Store,Mobile,23,Annual,Standard,2,False
CX00862,29,Streaming,Organic Search,Mobile,15,Annual,Premium,6,False
CX00863,49,Fintech,Influencer,Mobile,12,Month-to-month,Basic,5,False
CX00864,27,Streaming,Paid Social,Mobile,12,Annual,Premium,8,False
CX00865,21,Streaming,Organic Search,Smart TV,76,Annual,Basic,1,False
CX00866,36,Streaming,Paid Social,Mobile,10,Month-to-month,Premium,3,False
CX00867,30,Cloud Storage,Organic Search,Desktop,24,Annual,Standard,2,False
CX00868,39,Productivity,Influencer,Mobile,4,Month-to-month,Standard,2,False
CX00869,35,Productivity,Influencer,Mobile,11,Month-to-month,Standard,3,False
CX00870,18,Productivity,Referral,Mobile,7,Annual,Standard,3,False
CX00871,31,Fintech,Paid Social,Desktop,22,Annual,Plus,5,False
CX00872,30,Gaming,Paid Social,Desktop,60,Annual,Premium,3,False
CX00873,47,Fintech,App Store,Desktop,34,Annual,Plus,3,False
CX00874,35,News & Media,Organic Search,Mobile,45,Month-to-month,Premium,5,False
CX00875,28,Gaming,Paid Social,Desktop,45,Annual,Basic,1,False
CX00876,18,Fintech,Paid Social,Mobile,1,Month-to-month,Standard,4,False
CX00877,58,Gaming,Paid Social,Mobile,9,Month-to-month,Premium,8,False
CX00878,46,Fintech,Referral,Desktop,21,Annual,Standard,5,False
CX00879,36,Streaming,Organic Search,Mobile,18,Month-to-month,Standard,4,False
CX00880,28,News & Media,Email Campaign,Mobile,2,Month-to-month,Standard,3,False
CX00881,29,Cloud Storage,Organic Search,Tablet,6,Month-to-month,Basic,3,False
CX00882,22,Productivity,Email Campaign,Desktop,17,Annual,Standard,2,False
CX00883,46,Productivity,Influencer,Mobile,34,Two year,Standard,2,False
CX00884,43,Gaming,Paid Social,Desktop,38,Annual,Standard,6,True
CX00885,45,Streaming,Organic Search,Desktop,8,Month-to-month,Premium,3,False
CX00886,33,Fitness,Email Campaign,Mobile,5,Month-to-month,Plus,4,False
CX00887,18,Fintech,Organic Search,Desktop,59,Month-to-month,Plus,7,True
CX00888,29,News & Media,App Store,Mobile,3,Month-to-month,Plus,5,False
CX00889,39,Cloud Storage,Paid Social,Mobile,30,Annual,Standard,3,False
CX00890,32,Cloud Storage,App Store,Desktop,12,Month-to-month,Standard,3,True
CX00891,25,Streaming,Paid Social,Tablet,32,Month-to-month,Plus,3,False
CX00892,20,Gaming,Influencer,Mobile,25,Annual,Basic,3,True
CX00893,44,Gaming,Organic Search,Mobile,14,Month-to-month,Standard,2,False
CX00894,37,Gaming,Influencer,Desktop,11,Annual,Standard,3,False
CX00895,52,Fintech,Paid Social,Mobile,20,Annual,Premium,5,True
CX00896,56,Fintech,Paid Social,Mobile,22,Annual,Standard,5,False
CX00897,54,Fitness,Referral,Mobile,57,Two year,Basic,1,True
CX00898,26,Fitness,Paid Social,Desktop,24,Annual,Standard,3,False
CX00899,20,Streaming,App Store,Tablet,12,Annual,Standard,2,False
CX00900,30,Streaming,App Store,Mobile,26,Annual,Plus,6,False
CX00901,55,Fintech,Email Campaign,Tablet,22,Annual,Basic,1,False
CX00902,49,Productivity,Paid Social,Mobile,64,Two year,Plus,4,False
CX00903,43,Fintech,Email Campaign,Mobile,7,Month-to-month,Basic,1,False
CX00904,31,Streaming,Paid Social,Mobile,22,Month-to-month,Standard,1,False
CX00905,46,Fintech,App Store,Mobile,18,Month-to-month,Plus,5,False
CX00906,37,Streaming,Email Campaign,Desktop,14,Two year,Basic,1,False
CX00907,55,Fintech,App Store,Mobile,21,Month-to-month,Standard,4,False
CX00908,25,Streaming,Referral,Smart TV,56,Two year,Standard,4,True
CX00909,30,Cloud Storage,Influencer,Desktop,12,Month-to-month,Plus,2,False
CX00910,63,Gaming,Organic Search,Mobile,54,Two year,Standard,1,False
CX00911,36,Fitness,Influencer,Mobile,16,Month-to-month,Standard,1,False
CX00912,44,Productivity,Organic Search,Smart TV,3,Month-to-month,Standard,3,False
CX00913,29,News & Media,Paid Social,Desktop,38,Annual,Standard,1,True
CX00914,41,Productivity,Organic Search,Desktop,11,Month-to-month,Basic,2,False
CX00915,35,Productivity,App Store,Desktop,12,Month-to-month,Premium,5,False
CX00916,24,Streaming,Paid Social,Mobile,14,Month-to-month,Basic,2,False
CX00917,59,Gaming,Paid Social,Mobile,3,Month-to-month,Basic,2,True
CX00918,18,Gaming,App Store,Mobile,38,Annual,Standard,5,False
CX00919,41,Productivity,Referral,Smart TV,26,Annual,Basic,4,True
CX00920,24,Fintech,Referral,Desktop,39,Annual,Standard,2,False
CX00921,33,Productivity,Paid Social,Desktop,25,Month-to-month,Basic,1,False
CX00922,40,Cloud Storage,Paid Social,Desktop,16,Month-to-month,Basic,2,True
CX00923,29,Fitness,Organic Search,Mobile,29,Two year,Standard,3,True
CX00924,33,Gaming,Referral,Mobile,67,Two year,Standard,3,False
CX00925,32,Fitness,Referral,Mobile,27,Annual,Standard,3,False
CX00926,46,Productivity,Paid Social,Desktop,24,Annual,Premium,6,False
CX00927,56,Fitness,Email Campaign,Mobile,6,Month-to-month,Premium,4,False
CX00928,35,Cloud Storage,Organic Search,Desktop,2,Month-to-month,Standard,3,False
CX00929,34,Streaming,Email Campaign,Mobile,19,Annual,Standard,4,False
CX00930,36,Fintech,Email Campaign,Mobile,19,Month-to-month,Standard,2,False
CX00931,41,Productivity,Organic Search,Mobile,20,Month-to-month,Standard,2,True
CX00932,31,Fintech,Paid Social,Mobile,17,Annual,Basic,2,False
CX00933,41,Fitness,Organic Search,Mobile,7,Month-to-month,Basic,2,False
CX00934,18,Fintech,Referral,Mobile,31,Two year,Standard,3,False
CX00935,34,Fintech,Paid Social,Mobile,10,Month-to-month,Plus,3,False
CX00936,24,News & Media,Paid Social,Smart TV,20,Annual,Basic,1,False
CX00937,47,Cloud Storage,App Store,Mobile,4,Month-to-month,Basic,1,True
CX00938,40,Fintech,App Store,Mobile,19,Annual,Basic,1,False
CX00939,30,Fitness,Referral,Mobile,10,Month-to-month,Basic,1,False
CX00940,47,Productivity,App Store,Desktop,42,Month-to-month,Basic,4,False
CX00941,18,Productivity,App Store,Mobile,35,Annual,Standard,5,True
CX00942,37,Productivity,Referral,Mobile,84,Two year,Premium,6,False
CX00943,26,Gaming,Paid Social,Mobile,23,Annual,Premium,7,False
CX00944,56,Cloud Storage,Paid Social,Mobile,7,Month-to-month,Basic,1,False
CX00945,46,News & Media,Email Campaign,Desktop,29,Month-to-month,Standard,3,False
CX00946,28,News & Media,Referral,Smart TV,14,Month-to-month,Basic,1,True
CX00947,43,Gaming,Referral,Mobile,25,Month-to-month,Standard,4,False
CX00948,24,Cloud Storage,Paid Social,Mobile,38,Month-to-month,Premium,3,False
CX00949,26,Cloud Storage,Organic Search,Mobile,46,Two year,Standard,2,False
CX00950,56,Cloud Storage,Organic Search,Tablet,4,Month-to-month,Standard,2,False
CX00951,30,Streaming,App Store,Desktop,7,Month-to-month,Standard,4,False
CX00952,30,Fitness,Referral,Desktop,8,Month-to-month,Plus,3,False
CX00953,36,Fintech,Influencer,Desktop,8,Month-to-month,Basic,4,False
CX00954,18,Streaming,Referral,Tablet,4,Month-to-month,Standard,2,True
CX00955,34,Fintech,Email Campaign,Smart TV,17,Month-to-month,Basic,2,False
CX00956,37,Cloud Storage,Email Campaign,Mobile,4,Month-to-month,Standard,3,False
CX00957,47,Fitness,Referral,Desktop,45,Annual,Standard,2,False
CX00958,18,Cloud Storage,App Store,Mobile,26,Two year,Plus,4,False
CX00959,49,Fitness,App Store,Smart TV,5,Month-to-month,Basic,3,False
CX00960,40,Cloud Storage,App Store,Mobile,16,Month-to-month,Standard,3,True
CX00961,46,Productivity,Paid Social,Mobile,50,Annual,Basic,1,False
CX00962,63,Fintech,App Store,Smart TV,5,Month-to-month,Basic,1,False
CX00963,29,Streaming,Paid Social,Desktop,1,Month-to-month,Basic,3,True
CX00964,56,News & Media,App Store,Mobile,6,Month-to-month,Basic,3,False
CX00965,40,Productivity,Organic Search,Mobile,84,Two year,Standard,4,False
CX00966,48,Productivity,App Store,Mobile,25,Annual,Standard,3,False
CX00967,34,Streaming,Organic Search,Desktop,10,Month-to-month,Plus,6,True
CX00968,20,Fintech,Organic Search,Desktop,6,Month-to-month,Basic,3,False
CX00969,52,Productivity,App Store,Desktop,43,Two year,Plus,4,True
CX00970,40,Gaming,Organic Search,Mobile,10,Month-to-month,Basic,3,False
CX00971,54,News & Media,Organic Search,Mobile,10,Month-to-month,Basic,2,False
CX00972,43,News & Media,Email Campaign,Desktop,32,Annual,Plus,1,True
CX00973,53,Fitness,Paid Social,Desktop,51,Annual,Plus,3,False
CX00974,62,Fintech,Email Campaign,Desktop,14,Month-to-month,Premium,7,False
CX00975,38,Streaming,Paid Social,Desktop,12,Annual,Standard,4,False
CX00976,57,Fitness,Organic Search,Desktop,9,Month-to-month,Plus,2,False
CX00977,35,Streaming,Referral,Mobile,40,Two year,Standard,4,False
CX00978,54,Productivity,Referral,Mobile,10,Month-to-month,Standard,4,False
CX00979,27,Fitness,Paid Social,Mobile,14,Month-to-month,Premium,8,False
CX00980,34,Fitness,Paid Social,Mobile,2,Annual,Plus,2,False
CX00981,31,Streaming,Paid Social,Mobile,52,Two year,Plus,4,False
CX00982,54,Streaming,Organic Search,Mobile,15,Annual,Standard,4,True
CX00983,30,Fitness,Email Campaign,Mobile,50,Annual,Plus,2,True
CX00984,34,News & Media,Influencer,Desktop,3,Month-to-month,Basic,1,False
CX00985,44,Streaming,Email Campaign,Mobile,10,Month-to-month,Standard,7,True
CX00986,30,Streaming,Organic Search,Desktop,41,Annual,Basic,1,False
CX00987,31,Streaming,Paid Social,Desktop,15,Month-to-month,Plus,1,False
CX00988,43,Streaming,Organic Search,Mobile,32,Two year,Plus,3,False
CX00989,41,Fitness,Paid Social,Mobile,8,Two year,Basic,1,False
CX00990,32,News & Media,App Store,Mobile,12,Annual,Plus,4,False
CX00991,42,Productivity,App Store,Mobile,18,Month-to-month,Plus,7,False
CX00992,34,Productivity,App Store,Tablet,16,Two year,Basic,3,False
CX00993,29,Fitness,Organic Search,Smart TV,16,Annual,Basic,2,True
CX00994,46,Fitness,Influencer,Tablet,44,Annual,Standard,4,False
CX00995,28,Fitness,Paid Social,Mobile,21,Month-to-month,Basic,3,False
CX00996,18,Fitness,App Store,Mobile,18,Annual,Standard,2,False
CX00997,31,Fintech,Referral,Mobile,13,Annual,Standard,1,False
CX00998,37,Fintech,Organic Search,Tablet,29,Month-to-month,Standard,1,False
CX00999,40,Productivity,Paid Social,Mobile,23,Month-to-month,Plus,2,False
CX01000,20,Cloud Storage,App Store,Desktop,17,Month-to-month,Standard,3,False
CX01001,18,Fitness,App Store,Mobile,33,Annual,Basic,2,True
CX01002,18,Streaming,Organic Search,Tablet,4,Month-to-month,Plus,3,False
CX01003,36,News & Media,Paid Social,Mobile,29,Annual,Standard,5,False
CX01004,46,Streaming,Paid Social,Smart TV,15,Annual,Plus,2,False
CX01005,18,Fintech,Referral,Mobile,16,Annual,Basic,3,False
CX01006,48,Streaming,Organic Search,Tablet,24,Month-to-month,Standard,2,True
CX01007,33,Fintech,App Store,Tablet,70,Two year,Plus,7,False
CX01008,34,News & Media,Email Campaign,Mobile,30,Month-to-month,Standard,3,True
CX01009,18,Streaming,Referral,Smart TV,19,Annual,Standard,3,False
CX01010,46,Streaming,App Store,Mobile,9,Month-to-month,Standard,4,True
CX01011,23,Streaming,Paid Social,Mobile,36,Annual,Basic,2,True
CX01012,38,Productivity,Influencer,Mobile,47,Month-to-month,Standard,2,False
CX01013,47,Fintech,Email Campaign,Desktop,8,Month-to-month,Plus,2,False
CX01014,39,Fitness,Referral,Tablet,23,Two year,Plus,4,False
CX01015,43,Productivity,Referral,Desktop,5,Month-to-month,Basic,1,False
CX01016,56,Gaming,App Store,Desktop,8,Month-to-month,Basic,2,True
CX01017,18,Streaming,Organic Search,Desktop,39,Annual,Basic,2,True
CX01018,28,Streaming,Organic Search,Mobile,13,Month-to-month,Premium,5,False
CX01019,48,Fitness,Influencer,Mobile,27,Annual,Basic,1,False
CX01020,18,Fitness,Email Campaign,Desktop,23,Two year,Basic,4,True
CX01021,35,Fintech,Referral,Mobile,6,Month-to-month,Standard,2,False
CX01022,23,Cloud Storage,Referral,Mobile,37,Annual,Premium,2,False
CX01023,32,Fintech,Paid Social,Mobile,25,Month-to-month,Premium,4,False
CX01024,44,News & Media,App Store,Mobile,7,Month-to-month,Standard,3,False
CX01025,34,Streaming,Influencer,Desktop,4,Month-to-month,Standard,3,False
CX01026,45,Fintech,Organic Search,Mobile,9,Month-to-month,Plus,5,False
CX01027,42,Gaming,Paid Social,Mobile,23,Annual,Basic,2,True
CX01028,45,Streaming,Paid Social,Desktop,27,Month-to-month,Plus,5,False
CX01029,35,Gaming,Referral,Mobile,30,Two year,Basic,3,False
CX01030,35,Streaming,Organic Search,Mobile,20,Annual,Premium,4,False
CX01031,43,Gaming,Paid Social,Mobile,1,Month-to-month,Basic,1,False
CX01032,18,Streaming,Organic Search,Mobile,42,Annual,Standard,4,False
CX01033,24,Fintech,Paid Social,Mobile,14,Month-to-month,Standard,3,False
CX01034,32,Fintech,Organic Search,Desktop,59,Annual,Plus,5,False
CX01035,52,Productivity,App Store,Desktop,29,Annual,Basic,2,False
CX01036,41,Productivity,Organic Search,Tablet,20,Annual,Premium,5,False
CX01037,43,Cloud Storage,Referral,Desktop,2,Month-to-month,Basic,2,True
CX01038,20,Gaming,Paid Social,Mobile,29,Month-to-month,Basic,1,False
CX01039,43,Fintech,Influencer,Tablet,11,Annual,Standard,4,False
CX01040,40,Streaming,Referral,Mobile,16,Month-to-month,Standard,3,True
CX01041,56,Productivity,Referral,Desktop,35,Two year,Basic,4,False
CX01042,24,Productivity,Paid Social,Tablet,11,Annual,Basic,2,False
CX01043,39,Fintech,Organic Search,Mobile,43,Annual,Plus,7,False
CX01044,22,Fitness,Organic Search,Mobile,30,Annual,Standard,3,False
CX01045,38,Cloud Storage,Organic Search,Mobile,36,Two year,Basic,2,False
CX01046,33,Fintech,Email Campaign,Mobile,11,Month-to-month,Standard,2,False
CX01047,51,News & Media,Organic Search,Mobile,35,Annual,Basic,1,False
CX01048,26,Streaming,Paid Social,Mobile,6,Month-to-month,Standard,3,False
CX01049,36,Gaming,Paid Social,Mobile,16,Two year,Premium,4,False
CX01050,41,Productivity,Paid Social,Mobile,23,Two year,Standard,4,False
CX01051,26,Streaming,Organic Search,Mobile,12,Month-to-month,Basic,3,False
CX01052,22,Productivity,Organic Search,Smart TV,20,Month-to-month,Basic,1,False
CX01053,40,Gaming,App Store,Mobile,24,Two year,Basic,3,False
CX01054,21,Fintech,Influencer,Desktop,31,Annual,Plus,5,False
CX01055,18,Fitness,Organic Search,Mobile,16,Month-to-month,Standard,4,False
CX01056,44,Fitness,Paid Social,Mobile,10,Month-to-month,Plus,4,False
CX01057,39,Fintech,Organic Search,Desktop,33,Annual,Standard,3,False
CX01058,29,Cloud Storage,Organic Search,Mobile,13,Annual,Basic,3,False
CX01059,28,Fitness,Referral,Mobile,6,Month-to-month,Plus,3,False
CX01060,38,Cloud Storage,App Store,Mobile,10,Month-to-month,Standard,4,True
CX01061,18,Fitness,Influencer,Desktop,16,Annual,Basic,2,False
CX01062,30,Fintech,Paid Social,Mobile,17,Annual,Basic,3,False
CX01063,42,Streaming,Organic Search,Mobile,25,Annual,Basic,3,False
CX01064,36,Productivity,Paid Social,Mobile,30,Annual,Standard,2,True
CX01065,47,Streaming,Email Campaign,Mobile,12,Annual,Standard,3,True
CX01066,32,Streaming,Organic Search,Mobile,6,Annual,Plus,3,False
CX01067,31,Streaming,Referral,Mobile,11,Month-to-month,Premium,7,False
CX01068,38,Fintech,App Store,Mobile,10,Month-to-month,Basic,3,False
CX01069,30,Streaming,Influencer,Mobile,13,Month-to-month,Plus,7,False
CX01070,23,Fitness,App Store,Desktop,37,Annual,Standard,7,False
CX01071,57,Fintech,Referral,Tablet,15,Month-to-month,Plus,5,False
CX01072,56,Streaming,Paid Social,Mobile,19,Annual,Standard,4,False
CX01073,51,Cloud Storage,App Store,Mobile,3,Month-to-month,Standard,5,True
CX01074,55,Fintech,Paid Social,Smart TV,31,Annual,Standard,5,True
CX01075,21,Productivity,Paid Social,Mobile,5,Month-to-month,Standard,2,False
CX01076,29,Fintech,App Store,Desktop,11,Month-to-month,Plus,8,False
CX01077,32,Gaming,Organic Search,Mobile,12,Month-to-month,Standard,4,False
CX01078,28,Productivity,App Store,Mobile,33,Month-to-month,Plus,4,True
CX01079,28,Fitness,Paid Social,Desktop,6,Month-to-month,Plus,2,True
CX01080,50,Streaming,Organic Search,Smart TV,10,Month-to-month,Premium,5,False
CX01081,44,Fintech,Referral,Mobile,28,Two year,Plus,5,True
CX01082,42,Gaming,Influencer,Desktop,16,Month-to-month,Plus,2,True
CX01083,31,Fitness,Organic Search,Mobile,25,Month-to-month,Basic,3,False
CX01084,18,Fitness,Influencer,Mobile,10,Month-to-month,Basic,2,True
CX01085,18,Fitness,Paid Social,Desktop,13,Month-to-month,Standard,4,False
CX01086,40,Productivity,App Store,Smart TV,84,Annual,Basic,2,False
CX01087,33,Productivity,Organic Search,Mobile,13,Month-to-month,Plus,7,True
CX01088,20,Cloud Storage,Influencer,Mobile,12,Month-to-month,Plus,8,False
CX01089,49,Streaming,Organic Search,Mobile,18,Month-to-month,Standard,3,True
CX01090,44,Gaming,Paid Social,Desktop,12,Annual,Basic,2,False
CX01091,28,Fintech,Referral,Mobile,16,Two year,Plus,3,True
CX01092,48,Streaming,Paid Social,Desktop,8,Month-to-month,Plus,7,True
CX01093,37,Fintech,Paid Social,Mobile,7,Month-to-month,Basic,1,True
CX01094,22,Cloud Storage,Paid Social,Smart TV,8,Month-to-month,Basic,3,False
CX01095,42,News & Media,App Store,Mobile,8,Month-to-month,Basic,1,False
CX01096,34,Fintech,Organic Search,Tablet,7,Month-to-month,Standard,2,False
CX01097,46,Fitness,App Store,Desktop,25,Annual,Premium,4,False
CX01098,45,Fitness,Paid Social,Tablet,2,Month-to-month,Premium,5,False
CX01099,42,Gaming,App Store,Tablet,33,Annual,Plus,3,True
CX01100,29,Fintech,Organic Search,Desktop,7,Month-to-month,Standard,4,True
CX01101,24,Streaming,Paid Social,Tablet,4,Month-to-month,Basic,3,False
CX01102,18,Streaming,Referral,Mobile,15,Annual,Standard,2,False
CX01103,48,Cloud Storage,Organic Search,Mobile,16,Month-to-month,Premium,4,False
CX01104,18,Streaming,Paid Social,Tablet,32,Two year,Standard,2,False
CX01105,53,Productivity,Organic Search,Mobile,18,Annual,Plus,4,False
CX01106,29,Gaming,Email Campaign,Mobile,16,Annual,Plus,4,False
CX01107,40,Fintech,App Store,Mobile,12,Month-to-month,Basic,2,False
CX01108,34,Productivity,Organic Search,Desktop,37,Month-to-month,Basic,3,False
CX01109,45,Streaming,App Store,Desktop,13,Annual,Plus,3,False
CX01110,18,Cloud Storage,Paid Social,Mobile,24,Month-to-month,Basic,3,False
CX01111,47,Fitness,App Store,Mobile,23,Two year,Standard,3,False
CX01112,34,Cloud Storage,Paid Social,Mobile,14,Two year,Basic,2,False
CX01113,36,Fintech,Paid Social,Mobile,16,Month-to-month,Plus,1,False
CX01114,30,Cloud Storage,App Store,Mobile,38,Annual,Basic,3,True
CX01115,27,Streaming,Organic Search,Mobile,6,Annual,Standard,6,False
CX01116,64,Fitness,Paid Social,Mobile,6,Month-to-month,Plus,3,False
CX01117,43,Gaming,Paid Social,Mobile,24,Month-to-month,Premium,5,False
CX01118,29,News & Media,Organic Search,Tablet,22,Month-to-month,Basic,3,False
CX01119,37,News & Media,Organic Search,Smart TV,9,Month-to-month,Standard,2,False
CX01120,55,Streaming,Influencer,Mobile,15,Annual,Plus,1,False
CX01121,28,Cloud Storage,App Store,Mobile,36,Annual,Standard,2,False
CX01122,51,News & Media,App Store,Desktop,23,Month-to-month,Basic,1,True
CX01123,44,Streaming,Influencer,Mobile,36,Two year,Basic,5,False
CX01124,56,Streaming,App Store,Mobile,3,Month-to-month,Standard,5,False
CX01125,48,Streaming,Paid Social,Mobile,16,Month-to-month,Premium,6,False
CX01126,26,Fintech,Organic Search,Smart TV,11,Month-to-month,Basic,2,False
CX01127,28,Fintech,App Store,Desktop,5,Month-to-month,Plus,4,False
CX01128,24,News & Media,App Store,Mobile,33,Two year,Basic,4,False
CX01129,21,Productivity,Organic Search,Mobile,36,Annual,Plus,4,True
CX01130,45,Streaming,Organic Search,Mobile,10,Month-to-month,Plus,4,False
CX01131,30,Cloud Storage,App Store,Desktop,36,Annual,Standard,3,False
CX01132,53,Fitness,Paid Social,Mobile,17,Two year,Standard,2,False
CX01133,31,Fitness,Influencer,Mobile,30,Annual,Standard,2,False
CX01134,26,Productivity,Organic Search,Mobile,54,Annual,Standard,3,False
CX01135,43,Fitness,Paid Social,Smart TV,42,Two year,Basic,1,False
CX01136,20,Streaming,Organic Search,Mobile,6,Month-to-month,Basic,3,False
CX01137,52,Gaming,Paid Social,Tablet,20,Annual,Plus,6,True
CX01138,36,Gaming,Organic Search,Desktop,43,Annual,Basic,1,True
CX01139,26,News & Media,Organic Search,Mobile,19,Month-to-month,Plus,8,False
CX01140,21,Streaming,Organic Search,Mobile,23,Month-to-month,Standard,5,True
CX01141,24,Gaming,Organic Search,Desktop,21,Month-to-month,Premium,5,True
CX01142,32,Fintech,App Store,Mobile,40,Two year,Plus,5,True
CX01143,28,Productivity,Paid Social,Mobile,33,Two year,Premium,5,False
CX01144,18,Streaming,Paid Social,Mobile,20,Month-to-month,Standard,4,False
CX01145,56,Fintech,App Store,Desktop,31,Annual,Plus,7,True
CX01146,33,News & Media,Influencer,Mobile,18,Annual,Premium,8,True
CX01147,45,Streaming,Organic Search,Mobile,31,Month-to-month,Standard,3,False
CX01148,29,Productivity,Email Campaign,Mobile,10,Month-to-month,Basic,1,False
CX01149,62,Fintech,Organic Search,Smart TV,14,Month-to-month,Plus,4,False
CX01150,43,Fintech,Organic Search,Mobile,17,Annual,Plus,8,False
CX01151,24,Cloud Storage,Paid Social,Mobile,9,Month-to-month,Standard,2,False
CX01152,45,Streaming,Organic Search,Tablet,33,Annual,Plus,2,True
CX01153,40,Productivity,Organic Search,Smart TV,18,Annual,Standard,4,False
CX01154,31,Streaming,Organic Search,Mobile,40,Two year,Standard,1,False
CX01155,27,Streaming,Influencer,Mobile,28,Annual,Premium,3,False
CX01156,22,Cloud Storage,Paid Social,Desktop,14,Month-to-month,Standard,1,False
CX01157,43,Productivity,App Store,Mobile,4,Month-to-month,Basic,3,True
CX01158,18,Fintech,Paid Social,Desktop,66,Annual,Basic,1,False
CX01159,41,Fintech,Paid Social,Smart TV,28,Month-to-month,Standard,2,True
CX01160,18,Productivity,Paid Social,Mobile,8,Month-to-month,Standard,3,False
CX01161,18,Productivity,Email Campaign,Desktop,13,Month-to-month,Standard,2,False
CX01162,30,Streaming,Paid Social,Mobile,7,Month-to-month,Standard,4,False
CX01163,31,Fitness,Paid Social,Mobile,17,Month-to-month,Premium,6,False
CX01164,30,Fitness,Paid Social,Desktop,6,Month-to-month,Standard,5,True
CX01165,37,News & Media,Referral,Desktop,24,Month-to-month,Standard,2,True
CX01166,19,Fintech,App Store,Mobile,42,Two year,Basic,1,False
CX01167,29,Fitness,App Store,Mobile,3,Month-to-month,Premium,8,False
CX01168,54,Cloud Storage,Referral,Mobile,42,Two year,Basic,2,False
CX01169,49,Gaming,App Store,Mobile,8,Month-to-month,Premium,8,False
CX01170,41,Gaming,App Store,Smart TV,28,Annual,Plus,4,False
CX01171,50,Fintech,Email Campaign,Tablet,7,Month-to-month,Plus,3,False
CX01172,39,Cloud Storage,Referral,Mobile,5,Annual,Standard,5,False
CX01173,18,Streaming,Referral,Desktop,35,Annual,Premium,3,False
CX01174,19,Fitness,Paid Social,Mobile,7,Month-to-month,Plus,6,False
CX01175,36,News & Media,Organic Search,Mobile,35,Annual,Premium,1,True
CX01176,44,Fintech,Organic Search,Mobile,5,Month-to-month,Standard,3,False
CX01177,26,Fitness,Organic Search,Mobile,24,Annual,Plus,2,False
CX01178,36,News & Media,Referral,Mobile,18,Month-to-month,Standard,5,False
CX01179,36,News & Media,Organic Search,Mobile,20,Month-to-month,Premium,4,True
CX01180,37,Productivity,Referral,Mobile,1,Month-to-month,Standard,2,False
CX01181,38,Fitness,Referral,Desktop,32,Month-to-month,Standard,4,False
CX01182,52,Streaming,Email Campaign,Mobile,37,Annual,Standard,3,False
CX01183,51,News & Media,Organic Search,Mobile,11,Month-to-month,Basic,3,False
CX01184,28,Streaming,Paid Social,Mobile,2,Month-to-month,Basic,2,False
CX01185,25,News & Media,Organic Search,Tablet,14,Annual,Basic,4,False
CX01186,32,Streaming,Paid Social,Mobile,23,Month-to-month,Plus,6,False
CX01187,23,Productivity,App Store,Mobile,18,Two year,Plus,4,False
CX01188,18,Cloud Storage,Email Campaign,Mobile,52,Annual,Standard,5,False
CX01189,52,Streaming,Paid Social,Desktop,6,Annual,Standard,3,True
CX01190,52,News & Media,Paid Social,Desktop,5,Month-to-month,Standard,4,False
CX01191,42,Streaming,Paid Social,Tablet,8,Month-to-month,Standard,7,False
CX01192,33,Streaming,Organic Search,Desktop,13,Month-to-month,Basic,4,False
CX01193,59,Cloud Storage,Organic Search,Mobile,54,Annual,Plus,2,False
CX01194,39,Fintech,Organic Search,Mobile,17,Month-to-month,Basic,4,False
CX01195,18,Streaming,Organic Search,Mobile,29,Month-to-month,Standard,2,False
CX01196,31,Fitness,Organic Search,Mobile,26,Annual,Basic,1,False
CX01197,45,Fitness,App Store,Desktop,32,Month-to-month,Standard,5,True
CX01198,18,Streaming,Organic Search,Desktop,23,Month-to-month,Standard,2,False
CX01199,47,Fintech,Organic Search,Mobile,11,Month-to-month,Plus,5,False
CX01200,19,Fitness,App Store,Tablet,18,Month-to-month,Basic,2,True
CX01201,41,Cloud Storage,Influencer,Smart TV,6,Month-to-month,Basic,2,False
CX01202,33,Productivity,Organic Search,Mobile,2,Month-to-month,Plus,3,False
CX01203,33,Streaming,Email Campaign,Tablet,27,Two year,Basic,1,False
CX01204,41,Gaming,App Store,Mobile,31,Annual,Plus,4,False
CX01205,42,Gaming,Referral,Mobile,42,Month-to-month,Plus,8,False
CX01206,40,Fitness,Referral,Desktop,12,Annual,Basic,1,False
CX01207,31,Fintech,App Store,Desktop,14,Month-to-month,Plus,1,True
CX01208,23,Streaming,App Store,Mobile,24,Annual,Premium,4,True
CX01209,41,Streaming,Paid Social,Mobile,15,Month-to-month,Basic,1,False
CX01210,31,News & Media,Organic Search,Tablet,41,Annual,Plus,5,False
CX01211,24,Fintech,Organic Search,Smart TV,37,Two year,Basic,3,False
CX01212,52,Streaming,Influencer,Smart TV,43,Two year,Standard,1,False
CX01213,38,Fitness,Email Campaign,Mobile,45,Annual,Plus,5,False
CX01214,39,Streaming,Email Campaign,Mobile,4,Month-to-month,Premium,4,True
CX01215,35,Fintech,Referral,Smart TV,12,Month-to-month,Standard,4,False
CX01216,30,Productivity,Referral,Mobile,7,Month-to-month,Premium,3,True
CX01217,23,Streaming,Referral,Mobile,11,Month-to-month,Plus,5,False
CX01218,38,Gaming,Paid Social,Desktop,6,Month-to-month,Basic,2,False
CX01219,47,Fitness,Referral,Mobile,39,Two year,Premium,2,False
CX01220,37,Gaming,Referral,Mobile,52,Month-to-month,Premium,6,False
CX01221,39,Fintech,Organic Search,Tablet,16,Month-to-month,Standard,7,False
CX01222,30,Gaming,Paid Social,Desktop,16,Annual,Plus,3,False
CX01223,36,Fintech,Organic Search,Tablet,7,Annual,Standard,4,True
CX01224,36,Fintech,Influencer,Smart TV,9,Month-to-month,Basic,1,True
CX01225,29,Gaming,Organic Search,Mobile,22,Month-to-month,Standard,4,True
CX01226,64,Productivity,App Store,Mobile,42,Annual,Basic,1,True
CX01227,43,Cloud Storage,App Store,Desktop,38,Annual,Standard,1,False
CX01228,33,Cloud Storage,Organic Search,Desktop,10,Month-to-month,Basic,1,False
CX01229,29,Fintech,App Store,Mobile,13,Annual,Standard,5,True
CX01230,33,Streaming,Organic Search,Desktop,13,Month-to-month,Basic,4,True
CX01231,25,Productivity,Referral,Mobile,14,Annual,Basic,1,False
CX01232,29,Fintech,Influencer,Mobile,65,Two year,Basic,1,False
CX01233,44,Streaming,Influencer,Mobile,15,Month-to-month,Plus,6,False
CX01234,25,Streaming,Influencer,Desktop,30,Annual,Standard,2,False
CX01235,45,Fintech,Organic Search,Mobile,11,Month-to-month,Standard,2,False
CX01236,20,Fintech,Paid Social,Desktop,8,Month-to-month,Basic,5,False
CX01237,21,Streaming,Referral,Mobile,6,Month-to-month,Premium,3,False
CX01238,51,Fintech,Paid Social,Tablet,13,Month-to-month,Premium,5,False
CX01239,52,Fintech,Email Campaign,Desktop,5,Month-to-month,Plus,3,True
CX01240,51,Streaming,App Store,Mobile,8,Annual,Basic,2,False
CX01241,43,Productivity,App Store,Mobile,37,Annual,Basic,3,False
CX01242,35,Streaming,Referral,Desktop,6,Annual,Plus,3,False
CX01243,37,Fitness,Paid Social,Tablet,42,Two year,Standard,5,False
CX01244,60,Gaming,Paid Social,Mobile,18,Month-to-month,Premium,6,False
CX01245,40,Streaming,Referral,Mobile,14,Two year,Basic,2,False
CX01246,49,Cloud Storage,Paid Social,Mobile,21,Two year,Premium,6,False
CX01247,31,Fintech,Email Campaign,Mobile,11,Month-to-month,Premium,5,False
CX01248,27,News & Media,Email Campaign,Mobile,26,Month-to-month,Basic,1,False
CX01249,24,Cloud Storage,Referral,Mobile,10,Month-to-month,Standard,3,True
CX01250,35,Productivity,Organic Search,Mobile,27,Annual,Plus,3,False
CX01251,60,Productivity,Paid Social,Desktop,7,Annual,Basic,1,False
CX01252,47,Cloud Storage,Paid Social,Desktop,10,Month-to-month,Basic,3,False
CX01253,45,Streaming,Organic Search,Tablet,21,Two year,Standard,3,False
CX01254,52,Fintech,Email Campaign,Mobile,21,Annual,Basic,3,False
CX01255,31,Productivity,Paid Social,Desktop,48,Month-to-month,Premium,4,False
CX01256,25,Streaming,Email Campaign,Desktop,41,Annual,Standard,3,False
CX01257,26,Streaming,App Store,Mobile,1,Month-to-month,Basic,4,True
CX01258,32,Streaming,Organic Search,Mobile,23,Month-to-month,Plus,3,False
CX01259,21,Gaming,Paid Social,Mobile,23,Month-to-month,Premium,4,True
CX01260,28,Fintech,Paid Social,Smart TV,26,Month-to-month,Premium,6,False
CX01261,29,Streaming,Paid Social,Desktop,47,Two year,Standard,3,False
CX01262,55,News & Media,Email Campaign,Mobile,55,Annual,Plus,6,False
CX01263,51,Fintech,Paid Social,Mobile,3,Month-to-month,Standard,2,False
CX01264,18,Streaming,Influencer,Desktop,12,Month-to-month,Plus,2,False
CX01265,36,Productivity,Organic Search,Desktop,9,Month-to-month,Standard,5,False
CX01266,42,Streaming,App Store,Mobile,2,Month-to-month,Standard,4,True
CX01267,29,Streaming,Paid Social,Desktop,35,Annual,Basic,1,False
CX01268,39,Fintech,Influencer,Mobile,6,Month-to-month,Basic,2,False
CX01269,39,Fintech,Organic Search,Mobile,47,Annual,Standard,5,False
CX01270,40,News & Media,Referral,Mobile,3,Month-to-month,Basic,1,True
CX01271,46,Gaming,Influencer,Desktop,25,Annual,Premium,6,True
CX01272,31,Fintech,Organic Search,Desktop,10,Month-to-month,Plus,2,True
CX01273,48,Cloud Storage,Paid Social,Mobile,44,Month-to-month,Basic,1,False
CX01274,25,Productivity,App Store,Desktop,5,Month-to-month,Premium,3,True
CX01275,44,Fintech,App Store,Mobile,38,Two year,Premium,8,False
CX01276,41,News & Media,Referral,Mobile,14,Annual,Basic,3,False
CX01277,19,Productivity,Organic Search,Mobile,15,Month-to-month,Plus,3,False
CX01278,50,Cloud Storage,App Store,Tablet,24,Month-to-month,Basic,3,False
CX01279,18,Gaming,Referral,Desktop,1,Month-to-month,Plus,4,False
CX01280,43,Streaming,Paid Social,Mobile,24,Annual,Basic,2,False
CX01281,48,Streaming,App Store,Mobile,31,Two year,Basic,4,False
CX01282,23,Streaming,App Store,Mobile,7,Annual,Standard,4,False
CX01283,18,Gaming,App Store,Mobile,32,Annual,Plus,4,False
CX01284,20,Streaming,Organic Search,Tablet,28,Month-to-month,Standard,2,True
CX01285,62,Streaming,Email Campaign,Mobile,15,Annual,Basic,3,True
CX01286,34,Streaming,Referral,Smart TV,4,Month-to-month,Standard,3,True
CX01287,43,Gaming,Organic Search,Mobile,63,Annual,Premium,5,False
CX01288,41,News & Media,App Store,Mobile,9,Month-to-month,Standard,2,False
CX01289,37,Streaming,Paid Social,Mobile,12,Annual,Plus,4,False
CX01290,40,Productivity,Influencer,Desktop,10,Month-to-month,Premium,5,False
CX01291,40,Productivity,Organic Search,Mobile,22,Month-to-month,Standard,1,False
CX01292,42,Productivity,App Store,Smart TV,11,Month-to-month,Basic,2,False
CX01293,31,Fintech,Organic Search,Mobile,1,Month-to-month,Standard,1,True
CX01294,37,Streaming,Paid Social,Desktop,8,Month-to-month,Basic,5,False
CX01295,45,Streaming,Paid Social,Mobile,16,Annual,Plus,6,False
CX01296,29,News & Media,Organic Search,Desktop,32,Annual,Standard,4,False
CX01297,18,Gaming,App Store,Mobile,28,Month-to-month,Basic,3,False
CX01298,39,News & Media,Email Campaign,Desktop,44,Annual,Basic,1,False
CX01299,18,Cloud Storage,Paid Social,Mobile,38,Annual,Premium,1,False
CX01300,45,Productivity,App Store,Mobile,43,Two year,Premium,4,False
CX01301,32,Streaming,Referral,Desktop,28,Two year,Basic,3,False
CX01302,34,Fintech,Email Campaign,Desktop,35,Two year,Basic,2,False
CX01303,43,Fintech,Paid Social,Tablet,21,Two year,Basic,1,False
CX01304,31,Streaming,Referral,Smart TV,34,Two year,Standard,3,False
CX01305,18,Streaming,App Store,Tablet,45,Two year,Premium,7,True
CX01306,42,Streaming,Paid Social,Smart TV,38,Two year,Basic,1,False
CX01307,53,Fintech,Referral,Mobile,3,Month-to-month,Basic,3,False
CX01308,56,Cloud Storage,Paid Social,Mobile,5,Month-to-month,Basic,1,True
CX01309,37,Productivity,App Store,Mobile,46,Two year,Premium,5,False
CX01310,27,Streaming,Paid Social,Tablet,10,Month-to-month,Standard,5,True
CX01311,43,Fintech,Email Campaign,Mobile,47,Two year,Plus,6,False
CX01312,18,Gaming,Organic Search,Mobile,8,Two year,Plus,7,False
CX01313,53,Fintech,Referral,Tablet,17,Annual,Basic,1,False
CX01314,20,Gaming,Referral,Desktop,3,Month-to-month,Plus,3,False
CX01315,28,Streaming,App Store,Smart TV,15,Annual,Basic,2,False
CX01316,49,Fintech,Organic Search,Desktop,7,Annual,Plus,2,False
CX01317,28,Gaming,App Store,Mobile,10,Month-to-month,Standard,2,False
CX01318,45,Gaming,Organic Search,Desktop,40,Two year,Basic,3,False
CX01319,37,Streaming,Referral,Tablet,3,Annual,Standard,5,False
CX01320,18,Streaming,App Store,Mobile,24,Two year,Standard,1,True
CX01321,27,Streaming,Organic Search,Mobile,17,Month-to-month,Standard,3,True
CX01322,20,Streaming,Paid Social,Desktop,34,Two year,Plus,3,False
CX01323,42,Fitness,Email Campaign,Desktop,6,Month-to-month,Basic,3,False
CX01324,62,Streaming,App Store,Mobile,32,Annual,Plus,4,False
CX01325,51,Fintech,App Store,Mobile,28,Two year,Basic,2,False
CX01326,40,Fintech,Email Campaign,Tablet,37,Annual,Plus,2,False
CX01327,42,Fintech,Paid Social,Desktop,1,Month-to-month,Standard,5,True
CX01328,33,Streaming,Paid Social,Mobile,18,Two year,Premium,5,True
CX01329,38,Fintech,Organic Search,Smart TV,10,Annual,Premium,7,False
CX01330,28,Streaming,Organic Search,Mobile,19,Month-to-month,Plus,3,False
CX01331,34,Streaming,App Store,Tablet,43,Two year,Standard,5,False
CX01332,34,Fitness,Paid Social,Mobile,46,Annual,Basic,3,False
CX01333,35,Streaming,Influencer,Desktop,17,Two year,Premium,6,False
CX01334,53,Gaming,Referral,Desktop,8,Annual,Standard,5,False
CX01335,34,Streaming,Referral,Mobile,10,Month-to-month,Plus,3,False
CX01336,49,Productivity,Email Campaign,Mobile,6,Annual,Standard,2,True
CX01337,37,Gaming,Influencer,Desktop,1,Month-to-month,Plus,3,False
CX01338,35,Cloud Storage,App Store,Mobile,7,Month-to-month,Plus,7,False
CX01339,37,Fitness,Influencer,Smart TV,11,Month-to-month,Standard,2,False
CX01340,54,News & Media,Influencer,Smart TV,3,Month-to-month,Premium,6,False
CX01341,43,Gaming,App Store,Desktop,5,Month-to-month,Standard,3,True
CX01342,36,Streaming,App Store,Desktop,26,Month-to-month,Standard,3,False
CX01343,43,Productivity,Organic Search,Mobile,20,Month-to-month,Premium,5,False
CX01344,45,Gaming,Paid Social,Mobile,17,Month-to-month,Premium,6,False
CX01345,25,News & Media,Influencer,Desktop,16,Annual,Standard,2,True
CX01346,26,Fintech,App Store,Mobile,6,Month-to-month,Standard,2,False
CX01347,34,Fitness,Organic Search,Tablet,6,Month-to-month,Standard,4,False
CX01348,29,Streaming,Paid Social,Smart TV,13,Month-to-month,Basic,2,False
CX01349,21,Gaming,Paid Social,Tablet,9,Month-to-month,Premium,5,True
CX01350,35,Fintech,Paid Social,Mobile,8,Month-to-month,Premium,1,False
CX01351,19,Streaming,Paid Social,Mobile,13,Month-to-month,Plus,5,False
CX01352,41,Cloud Storage,Paid Social,Desktop,11,Month-to-month,Standard,3,False
CX01353,47,Fitness,Organic Search,Mobile,19,Month-to-month,Plus,4,False
CX01354,28,Streaming,Paid Social,Mobile,10,Month-to-month,Standard,4,False
CX01355,53,News & Media,Organic Search,Mobile,7,Month-to-month,Plus,4,False
CX01356,49,Streaming,Referral,Smart TV,12,Annual,Plus,3,False
CX01357,39,News & Media,App Store,Desktop,7,Month-to-month,Basic,2,False
CX01358,35,Streaming,Paid Social,Desktop,16,Month-to-month,Basic,1,True
CX01359,52,Fitness,Organic Search,Mobile,9,Annual,Premium,6,False
CX01360,58,News & Media,App Store,Desktop,38,Annual,Basic,1,False
CX01361,60,Productivity,Referral,Tablet,14,Annual,Basic,3,True
CX01362,46,Streaming,Organic Search,Smart TV,19,Annual,Standard,4,False
CX01363,18,Cloud Storage,Paid Social,Desktop,9,Month-to-month,Standard,5,False
CX01364,18,Fitness,Organic Search,Mobile,28,Two year,Basic,1,False
CX01365,45,Productivity,Paid Social,Mobile,48,Annual,Plus,3,True
CX01366,37,Fitness,Referral,Desktop,10,Two year,Basic,2,False
CX01367,26,News & Media,Referral,Desktop,14,Month-to-month,Standard,2,True
CX01368,52,Streaming,Referral,Desktop,19,Month-to-month,Basic,1,False
CX01369,24,Cloud Storage,Organic Search,Mobile,52,Two year,Plus,1,False
CX01370,53,Productivity,Organic Search,Desktop,8,Month-to-month,Standard,1,False
CX01371,25,Streaming,Paid Social,Mobile,17,Two year,Standard,5,False
CX01372,28,Streaming,Paid Social,Mobile,23,Annual,Premium,2,False
CX01373,27,Fintech,Paid Social,Desktop,12,Month-to-month,Plus,5,False
CX01374,40,Streaming,App Store,Mobile,20,Annual,Standard,2,True
CX01375,53,News & Media,Email Campaign,Mobile,14,Month-to-month,Standard,2,True
CX01376,38,Streaming,App Store,Desktop,32,Annual,Plus,8,False
CX01377,35,Fitness,App Store,Mobile,35,Annual,Plus,1,False
CX01378,40,Streaming,Organic Search,Desktop,50,Annual,Standard,1,False
CX01379,38,Productivity,Paid Social,Mobile,22,Month-to-month,Plus,2,False
CX01380,51,Gaming,Referral,Mobile,21,Month-to-month,Standard,2,True
CX01381,38,Productivity,Paid Social,Tablet,4,Month-to-month,Basic,2,False
CX01382,29,Fitness,Paid Social,Tablet,27,Annual,Standard,4,True
CX01383,22,Streaming,Paid Social,Mobile,38,Two year,Standard,1,False
CX01384,33,Fintech,Email Campaign,Mobile,4,Month-to-month,Premium,7,False
CX01385,47,Gaming,Organic Search,Desktop,16,Month-to-month,Basic,2,False
CX01386,53,Streaming,App Store,Desktop,9,Two year,Premium,4,False
CX01387,29,Streaming,Organic Search,Mobile,15,Month-to-month,Premium,7,False
CX01388,41,Streaming,Referral,Mobile,21,Annual,Standard,6,False
CX01389,57,Streaming,Organic Search,Smart TV,36,Two year,Basic,3,False
CX01390,44,Streaming,Email Campaign,Smart TV,29,Annual,Basic,1,False
CX01391,18,News & Media,Influencer,Tablet,6,Month-to-month,Premium,4,True
CX01392,26,Productivity,Referral,Mobile,21,Annual,Standard,4,False
CX01393,23,Productivity,App Store,Mobile,19,Month-to-month,Premium,5,False
CX01394,33,Productivity,Organic Search,Mobile,9,Month-to-month,Standard,1,False
CX01395,40,Fintech,Paid Social,Desktop,29,Two year,Standard,2,True
CX01396,34,Fintech,Referral,Desktop,18,Annual,Standard,4,False
CX01397,31,Streaming,Influencer,Tablet,25,Month-to-month,Plus,2,False
CX01398,50,Fintech,Organic Search,Desktop,29,Annual,Plus,4,True
CX01399,42,Streaming,Paid Social,Mobile,30,Annual,Plus,4,True
CX01400,22,Streaming,Organic Search,Desktop,14,Annual,Basic,2,False
CX01401,26,Fintech,App Store,Smart TV,15,Annual,Standard,2,False
CX01402,18,News & Media,App Store,Mobile,24,Annual,Basic,2,True
CX01403,60,Streaming,Paid Social,Mobile,8,Annual,Premium,4,False
CX01404,62,Fintech,App Store,Mobile,11,Month-to-month,Plus,5,False
CX01405,43,Streaming,App Store,Mobile,13,Month-to-month,Plus,4,False
CX01406,31,Productivity,Paid Social,Desktop,15,Month-to-month,Standard,2,False
CX01407,32,Cloud Storage,Organic Search,Mobile,23,Month-to-month,Premium,6,True
CX01408,49,Fitness,Organic Search,Smart TV,10,Month-to-month,Basic,2,False
CX01409,50,Productivity,Email Campaign,Smart TV,14,Month-to-month,Standard,3,False
CX01410,18,Streaming,Referral,Desktop,6,Month-to-month,Premium,5,True
CX01411,56,Fitness,App Store,Mobile,41,Month-to-month,Plus,7,True
CX01412,36,Fintech,Paid Social,Smart TV,23,Annual,Basic,4,False
CX01413,50,Streaming,Email Campaign,Mobile,1,Month-to-month,Standard,1,True
CX01414,32,Streaming,Referral,Desktop,21,Month-to-month,Plus,5,False
CX01415,22,Fintech,Referral,Mobile,27,Annual,Standard,5,False
CX01416,26,Cloud Storage,Paid Social,Desktop,16,Month-to-month,Premium,4,False
CX01417,33,Productivity,App Store,Mobile,18,Month-to-month,Basic,4,False
CX01418,29,Productivity,Paid Social,Tablet,27,Month-to-month,Basic,4,True
CX01419,36,Streaming,Influencer,Mobile,30,Two year,Premium,4,True
CX01420,21,Gaming,Organic Search,Mobile,24,Month-to-month,Basic,4,False
CX01421,42,Fintech,Referral,Desktop,3,Month-to-month,Standard,5,False
CX01422,40,Fintech,Influencer,Tablet,10,Month-to-month,Basic,1,False
CX01423,52,Productivity,Organic Search,Mobile,16,Annual,Premium,8,False
CX01424,23,Streaming,Referral,Mobile,47,Two year,Basic,2,False
CX01425,28,Gaming,Referral,Mobile,1,Month-to-month,Standard,2,False
CX01426,40,Fintech,Influencer,Mobile,15,Two year,Basic,2,False
CX01427,36,News & Media,Email Campaign,Tablet,47,Annual,Standard,3,False
CX01428,36,Productivity,Paid Social,Desktop,34,Two year,Standard,3,False
CX01429,36,Productivity,Organic Search,Mobile,9,Annual,Basic,2,False
CX01430,45,Productivity,App Store,Mobile,38,Two year,Standard,1,False
CX01431,52,News & Media,Paid Social,Smart TV,12,Month-to-month,Basic,2,True
CX01432,32,Fintech,Referral,Desktop,79,Two year,Basic,2,False
CX01433,42,Fintech,Paid Social,Mobile,24,Annual,Premium,3,False
CX01434,47,Fintech,Organic Search,Tablet,19,Month-to-month,Plus,2,False
CX01435,18,Productivity,Organic Search,Mobile,17,Month-to-month,Plus,4,True
CX01436,33,Productivity,App Store,Tablet,10,Month-to-month,Standard,3,False
CX01437,18,Gaming,Email Campaign,Desktop,2,Month-to-month,Standard,2,True
CX01438,53,Fintech,Email Campaign,Desktop,2,Month-to-month,Standard,4,True
CX01439,46,Fitness,Influencer,Mobile,34,Month-to-month,Plus,4,False
CX01440,43,Fintech,App Store,Mobile,8,Month-to-month,Standard,2,False
CX01441,33,Productivity,Email Campaign,Mobile,18,Month-to-month,Basic,2,False
CX01442,18,Fintech,Influencer,Desktop,8,Month-to-month,Basic,4,False
CX01443,47,Fitness,App Store,Tablet,14,Month-to-month,Plus,3,False
CX01444,56,Fintech,Paid Social,Desktop,21,Two year,Basic,5,False
CX01445,45,Gaming,Organic Search,Mobile,47,Annual,Standard,6,False
CX01446,24,Streaming,Paid Social,Mobile,26,Annual,Premium,5,False
CX01447,51,Productivity,App Store,Mobile,41,Two year,Plus,5,False
CX01448,33,Streaming,Organic Search,Desktop,8,Annual,Standard,2,True
CX01449,40,Gaming,Organic Search,Mobile,81,Two year,Basic,1,True
CX01450,47,Gaming,App Store,Mobile,14,Annual,Plus,3,False
CX01451,49,Fitness,Influencer,Mobile,11,Month-to-month,Basic,2,False
CX01452,35,Fitness,Referral,Desktop,31,Annual,Standard,2,False
CX01453,33,Streaming,Referral,Mobile,9,Month-to-month,Standard,3,False
CX01454,51,Gaming,App Store,Desktop,10,Month-to-month,Plus,4,False
CX01455,35,Gaming,Organic Search,Mobile,8,Month-to-month,Basic,1,False
CX01456,31,Productivity,Email Campaign,Desktop,53,Two year,Basic,4,True
CX01457,34,Streaming,Influencer,Mobile,3,Month-to-month,Premium,2,False
CX01458,43,Streaming,Paid Social,Smart TV,15,Annual,Standard,5,False
CX01459,44,Productivity,Organic Search,Mobile,4,Month-to-month,Plus,1,False
CX01460,54,Fintech,Email Campaign,Mobile,13,Month-to-month,Standard,4,False
CX01461,51,Streaming,Email Campaign,Mobile,30,Annual,Basic,2,False
CX01462,37,Productivity,Organic Search,Desktop,18,Month-to-month,Basic,3,False
CX01463,38,Streaming,Organic Search,Mobile,39,Annual,Basic,2,False
CX01464,23,News & Media,Paid Social,Mobile,17,Month-to-month,Basic,3,False
CX01465,31,Streaming,Organic Search,Mobile,25,Annual,Standard,3,False
CX01466,65,Fitness,Referral,Mobile,4,Month-to-month,Standard,1,False
CX01467,38,Fintech,Referral,Mobile,34,Month-to-month,Basic,2,True
CX01468,18,Cloud Storage,Paid Social,Smart TV,14,Month-to-month,Premium,3,False
CX01469,41,Productivity,App Store,Desktop,32,Two year,Plus,3,False
CX01470,35,Fintech,Email Campaign,Mobile,13,Month-to-month,Plus,8,False
CX01471,36,Streaming,App Store,Mobile,47,Annual,Basic,3,False
CX01472,54,Fitness,Influencer,Tablet,11,Month-to-month,Premium,4,False
CX01473,18,Cloud Storage,App Store,Smart TV,11,Month-to-month,Standard,2,False
CX01474,49,Fitness,Referral,Mobile,2,Month-to-month,Standard,2,False
CX01475,46,Fintech,Organic Search,Mobile,12,Annual,Plus,5,False
CX01476,30,News & Media,Organic Search,Tablet,3,Month-to-month,Standard,3,False
CX01477,32,Streaming,Paid Social,Mobile,22,Two year,Basic,3,False
CX01478,35,Fitness,Organic Search,Desktop,25,Annual,Plus,3,False
CX01479,33,Productivity,Paid Social,Mobile,11,Annual,Standard,4,False
CX01480,44,Cloud Storage,Paid Social,Desktop,5,Month-to-month,Standard,2,False
CX01481,41,Productivity,Referral,Mobile,13,Month-to-month,Plus,5,False
CX01482,20,Streaming,Paid Social,Smart TV,21,Month-to-month,Plus,2,False
CX01483,33,Productivity,App Store,Mobile,8,Annual,Premium,6,False
CX01484,29,Cloud Storage,Paid Social,Tablet,7,Month-to-month,Basic,1,False
CX01485,33,Productivity,Paid Social,Mobile,15,Month-to-month,Standard,3,False
CX01486,45,Cloud Storage,Influencer,Desktop,11,Month-to-month,Basic,1,True
CX01487,46,Fitness,Email Campaign,Mobile,22,Month-to-month,Basic,1,True
CX01488,30,Streaming,Referral,Mobile,33,Two year,Plus,2,True
CX01489,33,Cloud Storage,Organic Search,Desktop,8,Annual,Basic,3,False
CX01490,25,Fitness,App Store,Desktop,33,Month-to-month,Standard,3,False
CX01491,22,Fintech,Organic Search,Mobile,10,Annual,Premium,5,False
CX01492,33,Streaming,Referral,Smart TV,25,Month-to-month,Plus,5,False
CX01493,23,Fintech,Paid Social,Desktop,20,Annual,Basic,2,False
CX01494,37,Streaming,Paid Social,Mobile,27,Annual,Premium,3,False
CX01495,46,Cloud Storage,Referral,Desktop,5,Month-to-month,Standard,2,False
CX01496,28,Productivity,Paid Social,Mobile,19,Month-to-month,Basic,3,False
CX01497,54,Fitness,Influencer,Mobile,18,Month-to-month,Basic,2,False
CX01498,32,Fitness,Paid Social,Desktop,17,Month-to-month,Basic,3,False
CX01499,39,Fintech,App Store,Mobile,14,Month-to-month,Standard,3,True
CX01500,55,Streaming,Paid Social,Mobile,18,Annual,Standard,3,False
CX01501,56,Cloud Storage,App Store,Mobile,19,Month-to-month,Plus,2,False
CX01502,32,Productivity,Referral,Desktop,35,Annual,Standard,3,False
CX01503,33,Productivity,Organic Search,Tablet,13,Month-to-month,Basic,2,False
CX01504,33,Fitness,Paid Social,Tablet,7,Annual,Standard,3,False
CX01505,62,Streaming,Paid Social,Smart TV,8,Annual,Standard,4,False
CX01506,31,Streaming,Paid Social,Desktop,9,Month-to-month,Basic,1,False
CX01507,51,Cloud Storage,App Store,Mobile,13,Annual,Standard,3,False
CX01508,31,Streaming,Organic Search,Mobile,2,Month-to-month,Basic,2,False
CX01509,33,Fintech,Organic Search,Tablet,21,Annual,Standard,3,False
CX01510,29,Fitness,Organic Search,Mobile,6,Month-to-month,Basic,1,False
CX01511,26,Fitness,Email Campaign,Desktop,8,Month-to-month,Standard,2,True
CX01512,19,Gaming,Paid Social,Smart TV,84,Two year,Basic,1,True
CX01513,55,Streaming,Referral,Mobile,83,Two year,Plus,3,True
CX01514,32,News & Media,Paid Social,Mobile,29,Month-to-month,Basic,1,False
CX01515,55,Productivity,Organic Search,Mobile,9,Month-to-month,Premium,5,False
CX01516,29,Fintech,Influencer,Mobile,20,Month-to-month,Standard,2,True
CX01517,36,News & Media,Paid Social,Desktop,9,Month-to-month,Standard,2,False
CX01518,23,Streaming,Paid Social,Smart TV,9,Month-to-month,Plus,5,True
CX01519,36,Productivity,Paid Social,Mobile,23,Month-to-month,Plus,3,False
CX01520,49,Fintech,Organic Search,Desktop,12,Month-to-month,Basic,2,True
CX01521,47,Streaming,Organic Search,Mobile,26,Month-to-month,Basic,1,False
CX01522,38,Streaming,App Store,Mobile,11,Month-to-month,Basic,1,True
CX01523,41,News & Media,Organic Search,Desktop,33,Two year,Plus,3,False
CX01524,20,Gaming,Organic Search,Mobile,41,Annual,Standard,4,False
CX01525,35,Fintech,Organic Search,Tablet,14,Annual,Plus,2,True
CX01526,42,Cloud Storage,Referral,Mobile,16,Annual,Plus,2,True
CX01527,53,Fitness,Paid Social,Mobile,11,Month-to-month,Basic,3,True
CX01528,45,News & Media,Paid Social,Desktop,42,Annual,Standard,7,False
CX01529,19,News & Media,Referral,Mobile,49,Two year,Premium,6,False
CX01530,38,Streaming,Organic Search,Desktop,28,Two year,Basic,4,True
CX01531,18,Streaming,Email Campaign,Smart TV,31,Month-to-month,Standard,4,False
CX01532,40,Fitness,Organic Search,Mobile,35,Two year,Basic,3,False
CX01533,37,News & Media,Paid Social,Mobile,19,Annual,Premium,8,False
CX01534,30,Productivity,App Store,Mobile,17,Month-to-month,Basic,1,False
CX01535,19,Fintech,Organic Search,Tablet,33,Annual,Basic,1,False
CX01536,44,Fitness,Influencer,Desktop,23,Month-to-month,Standard,2,False
CX01537,20,News & Media,Email Campaign,Smart TV,10,Month-to-month,Standard,2,False
CX01538,47,Productivity,Organic Search,Desktop,6,Month-to-month,Plus,6,False
CX01539,41,Streaming,Paid Social,Desktop,62,Annual,Basic,2,False
CX01540,28,Fintech,Influencer,Mobile,14,Month-to-month,Basic,1,False
CX01541,18,Gaming,App Store,Desktop,7,Month-to-month,Standard,2,False
CX01542,46,Fintech,Referral,Desktop,23,Month-to-month,Basic,4,False
CX01543,35,Fintech,App Store,Mobile,15,Month-to-month,Plus,7,True
CX01544,30,Fintech,Paid Social,Mobile,31,Annual,Standard,3,True
CX01545,44,Fitness,Paid Social,Mobile,20,Month-to-month,Premium,2,False
CX01546,26,Fitness,Influencer,Smart TV,24,Annual,Basic,1,False
CX01547,38,Cloud Storage,Paid Social,Desktop,4,Annual,Standard,1,False
CX01548,60,Streaming,App Store,Tablet,26,Two year,Standard,2,False
CX01549,32,Streaming,Referral,Mobile,19,Month-to-month,Premium,5,False
CX01550,53,Productivity,App Store,Mobile,5,Month-to-month,Standard,1,True
CX01551,33,News & Media,Organic Search,Mobile,13,Month-to-month,Plus,4,False
CX01552,45,Streaming,Organic Search,Mobile,41,Month-to-month,Premium,5,True
CX01553,25,Streaming,Paid Social,Mobile,23,Month-to-month,Basic,4,True
CX01554,51,Productivity,Email Campaign,Mobile,17,Annual,Standard,3,False
CX01555,21,Streaming,Referral,Mobile,15,Month-to-month,Plus,3,False
CX01556,65,News & Media,Organic Search,Desktop,13,Month-to-month,Premium,2,False
CX01557,47,Fitness,App Store,Mobile,10,Month-to-month,Plus,2,False
CX01558,40,Productivity,App Store,Desktop,15,Month-to-month,Plus,6,True
CX01559,35,Streaming,App Store,Tablet,12,Annual,Standard,3,True
CX01560,20,Productivity,Organic Search,Mobile,4,Month-to-month,Basic,1,True
CX01561,47,Fitness,Influencer,Desktop,8,Month-to-month,Basic,2,False
CX01562,36,Fitness,App Store,Mobile,21,Annual,Plus,5,True
CX01563,33,Streaming,Paid Social,Mobile,23,Month-to-month,Standard,3,False
CX01564,23,Fitness,Organic Search,Mobile,23,Annual,Premium,7,False
CX01565,52,Fitness,Paid Social,Desktop,16,Month-to-month,Standard,4,True
CX01566,18,Streaming,Paid Social,Mobile,10,Annual,Basic,1,False
CX01567,22,Productivity,App Store,Desktop,22,Month-to-month,Basic,2,False
CX01568,56,Fintech,App Store,Desktop,6,Month-to-month,Plus,3,False
CX01569,18,Streaming,Paid Social,Smart TV,14,Annual,Premium,4,False
CX01570,26,Fintech,Organic Search,Mobile,11,Month-to-month,Plus,2,False
CX01571,43,News & Media,Organic Search,Mobile,45,Annual,Basic,1,True
CX01572,44,Gaming,Influencer,Smart TV,32,Two year,Premium,4,True
CX01573,18,Streaming,Organic Search,Desktop,15,Month-to-month,Standard,1,False
CX01574,40,Cloud Storage,Organic Search,Mobile,18,Month-to-month,Standard,3,False
CX01575,35,Streaming,Paid Social,Mobile,27,Annual,Plus,6,True
CX01576,44,Streaming,App Store,Mobile,12,Month-to-month,Premium,6,False
CX01577,54,Streaming,App Store,Desktop,30,Annual,Standard,3,False
CX01578,28,Productivity,Paid Social,Mobile,5,Month-to-month,Premium,6,False
CX01579,40,News & Media,App Store,Mobile,12,Month-to-month,Plus,5,False
CX01580,59,Productivity,App Store,Mobile,3,Month-to-month,Premium,8,False
CX01581,28,Gaming,Referral,Smart TV,27,Annual,Basic,2,True
CX01582,50,Cloud Storage,App Store,Smart TV,11,Annual,Premium,5,False
CX01583,55,Gaming,Organic Search,Tablet,7,Annual,Standard,2,False
CX01584,28,Streaming,Paid Social,Mobile,21,Two year,Standard,3,False
CX01585,43,Fitness,App Store,Mobile,26,Two year,Premium,4,False
CX01586,33,News & Media,Paid Social,Mobile,9,Month-to-month,Standard,3,False
CX01587,37,Streaming,Influencer,Mobile,14,Annual,Basic,3,False
CX01588,64,Fintech,Influencer,Mobile,25,Month-to-month,Plus,2,False
CX01589,41,Streaming,Paid Social,Smart TV,2,Month-to-month,Basic,3,False
CX01590,29,Streaming,Influencer,Mobile,43,Annual,Premium,8,False
CX01591,48,Streaming,Referral,Desktop,13,Month-to-month,Premium,8,False
CX01592,41,News & Media,Referral,Mobile,20,Month-to-month,Plus,5,False
CX01593,64,Streaming,Referral,Desktop,17,Month-to-month,Premium,6,False
CX01594,42,Productivity,Organic Search,Desktop,5,Annual,Premium,5,False
CX01595,34,Fintech,Organic Search,Desktop,50,Two year,Standard,3,False
CX01596,27,Productivity,Influencer,Desktop,21,Annual,Basic,2,False
CX01597,20,Fintech,Email Campaign,Tablet,46,Annual,Premium,3,False
CX01598,18,Productivity,App Store,Desktop,20,Month-to-month,Basic,2,False
CX01599,38,Streaming,Referral,Mobile,8,Month-to-month,Premium,8,True
CX01600,38,Fitness,Paid Social,Mobile,22,Month-to-month,Standard,3,False
CX01601,32,Fitness,Referral,Desktop,9,Annual,Standard,3,True
CX01602,33,Productivity,Referral,Smart TV,30,Month-to-month,Standard,1,False
CX01603,47,Gaming,Organic Search,Mobile,11,Month-to-month,Plus,2,False
CX01604,47,Gaming,Paid Social,Desktop,19,Two year,Basic,2,False
CX01605,39,Streaming,Organic Search,Mobile,4,Month-to-month,Basic,4,False
CX01606,38,Productivity,Organic Search,Mobile,18,Annual,Standard,3,False
CX01607,37,Fitness,App Store,Desktop,19,Month-to-month,Plus,3,False
CX01608,20,Fitness,App Store,Mobile,47,Two year,Plus,6,False
CX01609,38,Streaming,App Store,Tablet,16,Month-to-month,Premium,4,False
CX01610,20,Fintech,Paid Social,Mobile,38,Annual,Premium,7,False
CX01611,38,Productivity,Organic Search,Desktop,20,Two year,Standard,1,False
CX01612,26,Gaming,Referral,Mobile,14,Annual,Standard,4,False
CX01613,36,Streaming,Referral,Desktop,8,Month-to-month,Premium,4,False
CX01614,33,Streaming,Paid Social,Desktop,27,Two year,Basic,1,False
CX01615,18,Fintech,Influencer,Desktop,20,Annual,Basic,3,False
CX01616,41,Streaming,Paid Social,Tablet,24,Annual,Plus,4,True
CX01617,44,Cloud Storage,Paid Social,Mobile,34,Month-to-month,Standard,2,False
CX01618,36,Fitness,Influencer,Mobile,20,Annual,Basic,1,True
CX01619,32,Streaming,Influencer,Mobile,21,Two year,Standard,2,False
CX01620,29,Fintech,Referral,Smart TV,26,Annual,Basic,3,False
CX01621,31,Streaming,Paid Social,Desktop,17,Month-to-month,Standard,2,False
CX01622,44,Cloud Storage,Email Campaign,Mobile,31,Two year,Basic,2,False
CX01623,30,Productivity,App Store,Mobile,16,Month-to-month,Standard,4,False
CX01624,42,Fintech,Email Campaign,Mobile,2,Month-to-month,Standard,1,False
CX01625,25,Productivity,Paid Social,Desktop,37,Two year,Standard,5,True
CX01626,42,Streaming,App Store,Mobile,19,Annual,Standard,4,False
CX01627,41,Gaming,Paid Social,Desktop,10,Month-to-month,Standard,2,False
CX01628,47,Fitness,Paid Social,Smart TV,20,Annual,Standard,4,False
CX01629,60,News & Media,Referral,Mobile,24,Two year,Standard,3,False
CX01630,36,Productivity,App Store,Mobile,36,Two year,Standard,4,False
CX01631,68,Fintech,Influencer,Mobile,8,Month-to-month,Standard,5,True
CX01632,18,Streaming,Paid Social,Tablet,10,Month-to-month,Premium,2,True
CX01633,18,Gaming,Paid Social,Mobile,29,Month-to-month,Standard,1,False
CX01634,35,Streaming,Influencer,Desktop,17,Month-to-month,Standard,7,False
CX01635,50,Fintech,Referral,Tablet,41,Month-to-month,Standard,2,False
CX01636,37,Fintech,Paid Social,Mobile,19,Month-to-month,Plus,5,False
CX01637,62,Fintech,Organic Search,Mobile,25,Annual,Standard,1,False
CX01638,49,Fintech,Influencer,Mobile,2,Month-to-month,Standard,2,False
CX01639,28,Productivity,Organic Search,Mobile,20,Month-to-month,Plus,3,True
CX01640,26,Fintech,Influencer,Desktop,50,Annual,Standard,5,True
CX01641,54,Productivity,Paid Social,Tablet,10,Month-to-month,Plus,4,False
CX01642,37,News & Media,Influencer,Desktop,9,Month-to-month,Standard,3,False
CX01643,26,Gaming,App Store,Desktop,9,Annual,Basic,1,True
CX01644,27,Streaming,Organic Search,Desktop,9,Month-to-month,Basic,3,True
CX01645,23,Cloud Storage,Paid Social,Tablet,11,Month-to-month,Standard,3,False
CX01646,18,Cloud Storage,Organic Search,Desktop,41,Annual,Basic,2,False
CX01647,48,Gaming,Referral,Mobile,7,Month-to-month,Plus,4,False
CX01648,39,Productivity,Paid Social,Desktop,22,Annual,Basic,2,True
CX01649,47,News & Media,Organic Search,Mobile,11,Month-to-month,Premium,2,True
CX01650,36,Streaming,App Store,Mobile,14,Two year,Premium,6,False
CX01651,46,Fitness,Referral,Tablet,28,Month-to-month,Plus,5,False
CX01652,22,Streaming,App Store,Mobile,33,Two year,Standard,3,False
CX01653,41,Gaming,Influencer,Mobile,25,Annual,Standard,4,False
CX01654,34,News & Media,App Store,Tablet,42,Two year,Basic,2,False
CX01655,21,Streaming,App Store,Mobile,43,Month-to-month,Standard,3,False
CX01656,32,Fitness,Influencer,Mobile,11,Month-to-month,Standard,2,False
CX01657,34,Streaming,Paid Social,Mobile,2,Month-to-month,Premium,5,True
CX01658,18,News & Media,Organic Search,Mobile,23,Two year,Standard,7,False
CX01659,54,Cloud Storage,App Store,Desktop,28,Month-to-month,Standard,2,True
CX01660,48,Productivity,Email Campaign,Mobile,10,Month-to-month,Premium,3,False
CX01661,34,Fitness,Email Campaign,Tablet,9,Month-to-month,Basic,2,False
CX01662,27,Fitness,Organic Search,Mobile,59,Two year,Premium,6,True
CX01663,50,Gaming,App Store,Mobile,9,Month-to-month,Standard,2,False
CX01664,49,Fintech,Paid Social,Mobile,18,Month-to-month,Basic,2,True
CX01665,22,Fitness,Paid Social,Mobile,3,Month-to-month,Standard,3,True
CX01666,19,Cloud Storage,App Store,Desktop,13,Annual,Standard,3,False
CX01667,52,Streaming,Paid Social,Tablet,8,Month-to-month,Standard,3,False
CX01668,44,Fitness,App Store,Mobile,25,Month-to-month,Standard,4,False
CX01669,47,Cloud Storage,Organic Search,Mobile,25,Month-to-month,Standard,1,False
CX01670,20,Fintech,Paid Social,Desktop,21,Month-to-month,Standard,2,False
CX01671,34,News & Media,App Store,Mobile,29,Month-to-month,Plus,3,True
CX01672,56,Streaming,App Store,Mobile,8,Annual,Basic,1,False
CX01673,40,Streaming,Referral,Mobile,29,Annual,Premium,3,True
CX01674,32,Fintech,App Store,Mobile,12,Month-to-month,Basic,3,True
CX01675,40,Gaming,Email Campaign,Mobile,25,Annual,Standard,4,False
CX01676,34,Fitness,Email Campaign,Mobile,4,Month-to-month,Premium,4,False
CX01677,50,Fintech,Influencer,Mobile,17,Month-to-month,Plus,8,False
CX01678,18,Fitness,Referral,Mobile,31,Annual,Premium,5,False
CX01679,51,Gaming,Organic Search,Mobile,26,Month-to-month,Plus,4,False
CX01680,51,Fintech,Influencer,Desktop,16,Month-to-month,Plus,1,False
CX01681,35,Cloud Storage,Influencer,Mobile,57,Annual,Standard,3,False
CX01682,29,Fitness,Organic Search,Mobile,3,Month-to-month,Standard,3,True
CX01683,53,Fitness,Influencer,Smart TV,26,Two year,Standard,4,True
CX01684,39,Streaming,Paid Social,Desktop,23,Month-to-month,Premium,7,False
CX01685,37,Fintech,Influencer,Mobile,17,Month-to-month,Premium,5,False
CX01686,25,News & Media,Paid Social,Mobile,7,Month-to-month,Standard,3,False
CX01687,18,Streaming,App Store,Desktop,7,Annual,Plus,4,False
CX01688,18,Streaming,Organic Search,Smart TV,21,Annual,Basic,2,False
CX01689,19,Streaming,Paid Social,Mobile,12,Month-to-month,Standard,2,False
CX01690,32,News & Media,Paid Social,Mobile,3,Month-to-month,Standard,3,False
CX01691,32,Productivity,Paid Social,Tablet,15,Month-to-month,Plus,4,False
CX01692,18,Productivity,Email Campaign,Tablet,8,Month-to-month,Plus,3,False
CX01693,31,Fitness,Influencer,Desktop,25,Month-to-month,Standard,1,False
CX01694,43,Productivity,App Store,Desktop,31,Month-to-month,Plus,2,False
CX01695,30,Fitness,Paid Social,Mobile,13,Annual,Plus,3,False
CX01696,35,Gaming,App Store,Mobile,5,Month-to-month,Standard,3,False
CX01697,44,Fitness,Paid Social,Desktop,13,Two year,Basic,2,False
CX01698,43,Streaming,Paid Social,Mobile,4,Month-to-month,Plus,5,False
CX01699,34,Fitness,Paid Social,Mobile,22,Month-to-month,Basic,1,False
CX01700,18,Streaming,Email Campaign,Mobile,14,Annual,Plus,6,True
CX01701,45,News & Media,Referral,Desktop,6,Month-to-month,Plus,6,False
CX01702,32,Gaming,Organic Search,Desktop,11,Month-to-month,Standard,2,True
CX01703,23,Productivity,Email Campaign,Mobile,3,Month-to-month,Basic,4,False
CX01704,31,Streaming,Influencer,Mobile,5,Month-to-month,Plus,5,True
CX01705,36,Gaming,Organic Search,Smart TV,31,Two year,Basic,2,False
CX01706,32,Streaming,Paid Social,Mobile,20,Month-to-month,Premium,3,False
CX01707,29,Fintech,App Store,Desktop,14,Annual,Basic,2,True
CX01708,24,Cloud Storage,Referral,Mobile,12,Month-to-month,Premium,3,False
CX01709,18,Cloud Storage,Organic Search,Mobile,26,Annual,Basic,3,True
CX01710,48,News & Media,App Store,Mobile,24,Annual,Standard,2,True
CX01711,45,Productivity,App Store,Mobile,25,Month-to-month,Premium,8,False
CX01712,40,Productivity,Organic Search,Mobile,40,Month-to-month,Premium,8,False
CX01713,38,Productivity,Organic Search,Tablet,18,Month-to-month,Plus,6,True
CX01714,32,Streaming,Paid Social,Mobile,6,Month-to-month,Plus,4,True
CX01715,38,News & Media,Paid Social,Tablet,13,Annual,Premium,3,False
CX01716,29,Fintech,Organic Search,Mobile,25,Two year,Basic,1,True
CX01717,27,Cloud Storage,App Store,Mobile,12,Annual,Basic,2,False
CX01718,31,Productivity,App Store,Desktop,25,Month-to-month,Basic,1,False
CX01719,53,Fintech,Paid Social,Mobile,2,Month-to-month,Premium,6,False
CX01720,35,Fintech,Influencer,Mobile,66,Month-to-month,Premium,7,False
CX01721,25,Cloud Storage,Paid Social,Desktop,62,Two year,Basic,2,False
CX01722,39,Fitness,Organic Search,Tablet,33,Annual,Standard,5,False
CX01723,18,Fitness,Referral,Mobile,27,Annual,Standard,2,False
CX01724,40,Productivity,Email Campaign,Desktop,3,Month-to-month,Plus,2,False
CX01725,27,Fitness,Email Campaign,Smart TV,12,Month-to-month,Standard,3,False
CX01726,30,News & Media,Paid Social,Smart TV,14,Annual,Plus,5,False
CX01727,25,Gaming,Organic Search,Mobile,33,Month-to-month,Premium,7,False
CX01728,19,News & Media,Influencer,Mobile,8,Month-to-month,Basic,1,False
CX01729,43,Fintech,App Store,Mobile,9,Month-to-month,Standard,5,False
CX01730,33,Fintech,Paid Social,Desktop,18,Annual,Basic,1,False
CX01731,52,News & Media,Influencer,Mobile,15,Month-to-month,Plus,4,True
CX01732,20,Fintech,Influencer,Desktop,14,Month-to-month,Standard,3,False
CX01733,36,Fintech,App Store,Desktop,20,Month-to-month,Premium,1,False
CX01734,33,Streaming,Referral,Mobile,24,Annual,Standard,3,False
CX01735,39,Fintech,Paid Social,Tablet,21,Month-to-month,Standard,2,True
CX01736,30,Cloud Storage,Paid Social,Mobile,16,Annual,Plus,4,False
CX01737,50,Streaming,Referral,Desktop,19,Month-to-month,Premium,3,False
CX01738,27,Productivity,Paid Social,Desktop,8,Month-to-month,Basic,1,True
CX01739,18,Streaming,App Store,Tablet,15,Month-to-month,Plus,3,False
CX01740,47,Cloud Storage,Paid Social,Desktop,26,Month-to-month,Premium,4,True
CX01741,48,Gaming,Organic Search,Mobile,15,Two year,Basic,1,True
CX01742,37,Productivity,Organic Search,Tablet,6,Annual,Plus,3,False
CX01743,18,Productivity,Organic Search,Mobile,17,Annual,Standard,5,False
CX01744,53,Fintech,App Store,Tablet,34,Annual,Basic,2,False
CX01745,18,Streaming,Organic Search,Desktop,3,Month-to-month,Standard,3,False
CX01746,38,Streaming,Paid Social,Mobile,14,Annual,Premium,7,False
CX01747,43,Fintech,Paid Social,Desktop,19,Annual,Standard,2,False
CX01748,39,Cloud Storage,Paid Social,Mobile,21,Annual,Premium,2,True
CX01749,45,Gaming,Referral,Mobile,38,Two year,Premium,4,False
CX01750,37,Productivity,Email Campaign,Mobile,16,Month-to-month,Plus,7,False
CX01751,44,Productivity,Organic Search,Desktop,4,Month-to-month,Basic,1,False
CX01752,38,Productivity,Influencer,Tablet,27,Two year,Standard,2,False
CX01753,44,Streaming,App Store,Mobile,16,Month-to-month,Premium,4,False
CX01754,18,News & Media,Influencer,Mobile,62,Two year,Premium,4,False
CX01755,23,Streaming,Influencer,Desktop,6,Month-to-month,Standard,4,False
CX01756,42,Cloud Storage,App Store,Mobile,33,Month-to-month,Standard,2,False
CX01757,50,Gaming,Referral,Mobile,31,Annual,Plus,3,False
CX01758,38,Fitness,App Store,Mobile,16,Month-to-month,Basic,2,False
CX01759,46,Gaming,Paid Social,Mobile,12,Month-to-month,Plus,3,False
CX01760,45,Gaming,Organic Search,Mobile,7,Month-to-month,Premium,7,False
CX01761,31,News & Media,Paid Social,Desktop,22,Month-to-month,Standard,6,False
CX01762,54,News & Media,App Store,Mobile,36,Two year,Basic,2,False
CX01763,45,Gaming,Organic Search,Mobile,13,Annual,Premium,6,False
CX01764,29,Streaming,Paid Social,Mobile,34,Month-to-month,Standard,6,False
CX01765,28,Cloud Storage,Influencer,Mobile,1,Month-to-month,Basic,3,True
CX01766,22,Gaming,Referral,Smart TV,25,Annual,Standard,1,True
CX01767,35,Cloud Storage,Influencer,Mobile,3,Month-to-month,Standard,4,False
CX01768,32,Productivity,Referral,Smart TV,13,Month-to-month,Standard,5,False
CX01769,40,Cloud Storage,App Store,Desktop,30,Month-to-month,Premium,6,False
CX01770,58,Productivity,Organic Search,Mobile,30,Two year,Basic,1,False
CX01771,18,Streaming,Paid Social,Smart TV,2,Month-to-month,Basic,1,False
CX01772,37,Fitness,App Store,Desktop,11,Month-to-month,Basic,2,False
CX01773,23,Fintech,App Store,Mobile,37,Month-to-month,Standard,2,False
CX01774,26,Fintech,Organic Search,Mobile,34,Month-to-month,Standard,3,False
CX01775,36,News & Media,Email Campaign,Desktop,16,Annual,Standard,2,False
CX01776,45,Productivity,Influencer,Mobile,19,Month-to-month,Basic,1,False
CX01777,55,Streaming,App Store,Mobile,52,Annual,Standard,1,False
CX01778,38,Streaming,Referral,Desktop,27,Two year,Plus,3,False
CX01779,38,Cloud Storage,Referral,Mobile,54,Annual,Plus,4,True
CX01780,41,Fintech,Organic Search,Mobile,39,Month-to-month,Basic,1,True
CX01781,30,Streaming,App Store,Desktop,32,Month-to-month,Plus,2,False
CX01782,43,Fintech,App Store,Mobile,43,Month-to-month,Standard,2,False
CX01783,49,Cloud Storage,App Store,Mobile,14,Month-to-month,Basic,2,True
CX01784,39,News & Media,Influencer,Desktop,18,Month-to-month,Plus,3,True
CX01785,34,Streaming,App Store,Smart TV,5,Month-to-month,Basic,2,True
CX01786,36,Streaming,Organic Search,Mobile,24,Annual,Plus,3,False
CX01787,42,Productivity,Organic Search,Desktop,12,Annual,Standard,5,False
CX01788,26,Fintech,App Store,Mobile,52,Annual,Standard,3,True
CX01789,28,Fintech,Organic Search,Mobile,17,Month-to-month,Plus,6,True
CX01790,29,Cloud Storage,Paid Social,Desktop,6,Month-to-month,Standard,1,True
CX01791,29,Fitness,Organic Search,Mobile,32,Annual,Premium,4,False
CX01792,38,Streaming,Influencer,Smart TV,14,Month-to-month,Premium,7,False
CX01793,42,Fitness,Paid Social,Mobile,4,Month-to-month,Standard,3,False
CX01794,39,Streaming,App Store,Desktop,28,Annual,Plus,4,False
CX01795,33,Fintech,Paid Social,Mobile,84,Two year,Standard,3,True
CX01796,33,Fintech,App Store,Mobile,23,Annual,Basic,3,False
CX01797,27,Streaming,App Store,Mobile,23,Two year,Plus,5,False
CX01798,51,Streaming,Email Campaign,Desktop,15,Annual,Standard,6,False
CX01799,32,Cloud Storage,Organic Search,Mobile,3,Month-to-month,Basic,2,False
CX01800,22,Streaming,Influencer,Mobile,14,Annual,Standard,5,True
CX01801,71,News & Media,Referral,Mobile,25,Annual,Basic,1,False
CX01802,34,Cloud Storage,Influencer,Mobile,16,Month-to-month,Standard,4,False
CX01803,44,Gaming,Organic Search,Desktop,19,Two year,Plus,3,True
CX01804,32,Productivity,Referral,Mobile,29,Two year,Basic,1,True
CX01805,45,Streaming,App Store,Smart TV,25,Month-to-month,Standard,5,True
CX01806,44,Streaming,Paid Social,Tablet,21,Month-to-month,Plus,3,False
CX01807,39,Fintech,Referral,Desktop,9,Month-to-month,Basic,2,True
CX01808,21,Productivity,Email Campaign,Mobile,18,Month-to-month,Plus,3,False
CX01809,39,Cloud Storage,Referral,Mobile,11,Month-to-month,Standard,4,False
CX01810,41,Streaming,Organic Search,Desktop,15,Month-to-month,Standard,2,False
CX01811,42,Fintech,Organic Search,Mobile,12,Two year,Premium,6,False
CX01812,29,Productivity,Email Campaign,Desktop,16,Annual,Plus,2,False
CX01813,44,Fintech,Influencer,Mobile,43,Two year,Basic,3,True
CX01814,40,News & Media,Organic Search,Mobile,23,Annual,Basic,1,True
CX01815,33,Gaming,Influencer,Mobile,22,Month-to-month,Basic,1,False
CX01816,63,Fintech,Organic Search,Tablet,6,Annual,Basic,2,False
CX01817,44,News & Media,Referral,Mobile,7,Month-to-month,Standard,3,False
CX01818,40,Streaming,Referral,Smart TV,7,Two year,Premium,2,False
CX01819,22,Streaming,Influencer,Tablet,12,Month-to-month,Standard,3,True
CX01820,52,Cloud Storage,Referral,Mobile,16,Month-to-month,Standard,4,False
CX01821,35,Fintech,Paid Social,Mobile,21,Annual,Standard,1,False
CX01822,29,Streaming,Organic Search,Mobile,4,Month-to-month,Standard,3,True
CX01823,45,News & Media,Referral,Tablet,29,Month-to-month,Standard,1,False
CX01824,24,Streaming,Influencer,Mobile,11,Month-to-month,Standard,4,True
CX01825,26,Fintech,Referral,Desktop,16,Month-to-month,Premium,4,False
CX01826,32,Streaming,Paid Social,Desktop,16,Annual,Standard,4,False
CX01827,50,Productivity,Paid Social,Mobile,46,Annual,Premium,5,True
CX01828,30,Gaming,Organic Search,Mobile,27,Month-to-month,Standard,1,False
CX01829,43,Fintech,Paid Social,Mobile,9,Month-to-month,Standard,2,True
CX01830,47,Productivity,App Store,Tablet,18,Month-to-month,Standard,4,True
CX01831,18,Cloud Storage,Paid Social,Mobile,10,Month-to-month,Premium,3,False
CX01832,28,Fintech,Influencer,Mobile,15,Annual,Standard,2,True
CX01833,31,Cloud Storage,Paid Social,Smart TV,5,Month-to-month,Basic,1,False
CX01834,41,Streaming,Paid Social,Desktop,29,Month-to-month,Premium,4,False
CX01835,28,Streaming,Email Campaign,Desktop,5,Month-to-month,Premium,3,True
CX01836,39,Fintech,Referral,Desktop,13,Month-to-month,Standard,2,False
CX01837,37,News & Media,App Store,Desktop,9,Month-to-month,Standard,5,True
CX01838,31,Fintech,Influencer,Mobile,4,Month-to-month,Premium,7,False
CX01839,39,Cloud Storage,Organic Search,Mobile,25,Annual,Standard,1,False
CX01840,36,Productivity,Organic Search,Mobile,8,Month-to-month,Premium,4,False
CX01841,36,Fitness,Paid Social,Smart TV,8,Month-to-month,Basic,3,False
CX01842,60,Fintech,App Store,Desktop,22,Month-to-month,Standard,4,False
CX01843,53,Fintech,Paid Social,Mobile,22,Annual,Premium,7,True
CX01844,25,News & Media,Email Campaign,Desktop,18,Month-to-month,Plus,4,False
CX01845,37,News & Media,Paid Social,Mobile,26,Annual,Premium,4,True
CX01846,39,Fintech,App Store,Desktop,18,Annual,Standard,5,False
CX01847,33,Gaming,App Store,Mobile,1,Month-to-month,Standard,6,False
CX01848,25,Cloud Storage,Influencer,Mobile,8,Month-to-month,Basic,3,False
CX01849,18,Streaming,Organic Search,Desktop,34,Annual,Premium,3,True
CX01850,37,Gaming,Paid Social,Mobile,15,Annual,Premium,6,False
CX01851,30,Productivity,Organic Search,Desktop,12,Annual,Basic,3,True
CX01852,34,News & Media,Organic Search,Desktop,15,Month-to-month,Premium,5,False
CX01853,36,Streaming,Referral,Mobile,10,Annual,Standard,3,True
CX01854,34,Fintech,Referral,Mobile,3,Month-to-month,Basic,1,False
CX01855,35,Streaming,App Store,Mobile,3,Month-to-month,Basic,1,False
CX01856,30,Streaming,Organic Search,Mobile,15,Annual,Premium,8,False
CX01857,25,Gaming,App Store,Desktop,25,Month-to-month,Standard,2,True
CX01858,45,Cloud Storage,Paid Social,Mobile,15,Annual,Standard,2,False
CX01859,50,Fitness,Email Campaign,Mobile,18,Month-to-month,Basic,2,False
CX01860,37,Productivity,Organic Search,Desktop,6,Month-to-month,Standard,1,False
CX01861,29,Fitness,Influencer,Smart TV,20,Month-to-month,Plus,3,False
CX01862,33,Fintech,Organic Search,Mobile,43,Month-to-month,Basic,1,True
CX01863,32,Cloud Storage,Influencer,Smart TV,18,Month-to-month,Standard,2,True
CX01864,18,Fitness,App Store,Tablet,1,Month-to-month,Plus,4,False
CX01865,37,News & Media,Paid Social,Mobile,34,Two year,Premium,7,True
CX01866,18,Fitness,Organic Search,Mobile,15,Annual,Basic,2,False
CX01867,44,Productivity,App Store,Desktop,12,Annual,Premium,6,False
CX01868,42,Productivity,Email Campaign,Mobile,21,Month-to-month,Basic,5,True
CX01869,34,News & Media,Paid Social,Mobile,20,Month-to-month,Basic,2,False
CX01870,39,Productivity,Paid Social,Smart TV,21,Annual,Basic,2,False
CX01871,39,Productivity,Paid Social,Mobile,62,Two year,Standard,5,False
CX01872,32,News & Media,App Store,Desktop,17,Annual,Standard,2,True
CX01873,60,Fitness,Organic Search,Mobile,14,Month-to-month,Basic,2,False
CX01874,23,Streaming,Organic Search,Mobile,16,Annual,Standard,3,False
CX01875,42,Streaming,Paid Social,Smart TV,6,Month-to-month,Standard,4,False
CX01876,57,Fintech,App Store,Mobile,5,Month-to-month,Standard,5,False
CX01877,36,Cloud Storage,Organic Search,Mobile,10,Month-to-month,Premium,3,False
CX01878,55,Cloud Storage,Email Campaign,Mobile,35,Two year,Standard,2,False
CX01879,36,Fintech,Referral,Mobile,3,Month-to-month,Standard,3,True
CX01880,33,Streaming,Organic Search,Desktop,8,Annual,Premium,7,False
CX01881,42,News & Media,Paid Social,Desktop,11,Month-to-month,Premium,5,True
CX01882,38,Cloud Storage,Paid Social,Desktop,2,Month-to-month,Premium,4,False
CX01883,40,Cloud Storage,Influencer,Mobile,25,Annual,Basic,4,True
CX01884,44,Cloud Storage,Organic Search,Mobile,5,Month-to-month,Standard,3,True
CX01885,37,Productivity,Organic Search,Mobile,17,Month-to-month,Premium,6,False
CX01886,30,Gaming,Influencer,Mobile,42,Annual,Plus,3,False
CX01887,36,Productivity,Paid Social,Smart TV,8,Annual,Basic,3,False
CX01888,42,Fitness,Paid Social,Smart TV,3,Month-to-month,Basic,1,False
CX01889,18,Fintech,Referral,Tablet,13,Month-to-month,Standard,1,False
CX01890,22,Fitness,Organic Search,Smart TV,10,Annual,Basic,3,False
CX01891,32,Productivity,App Store,Mobile,20,Annual,Premium,6,False
CX01892,39,Productivity,Email Campaign,Mobile,25,Month-to-month,Basic,3,False
CX01893,36,Fintech,Email Campaign,Mobile,24,Annual,Premium,6,True
CX01894,18,Streaming,App Store,Desktop,15,Month-to-month,Standard,1,False
CX01895,34,News & Media,Organic Search,Smart TV,10,Annual,Premium,7,False
CX01896,54,Streaming,App Store,Mobile,30,Annual,Standard,4,True
CX01897,53,Streaming,Influencer,Desktop,32,Month-to-month,Basic,1,False
CX01898,35,Streaming,App Store,Mobile,3,Month-to-month,Basic,1,False
CX01899,36,Productivity,Paid Social,Desktop,49,Annual,Plus,3,True
CX01900,27,Streaming,Influencer,Mobile,69,Two year,Basic,2,False
CX01901,39,Streaming,App Store,Desktop,20,Annual,Standard,5,True
CX01902,25,Fintech,Organic Search,Desktop,26,Annual,Basic,2,True
CX01903,20,Fintech,Referral,Mobile,29,Two year,Standard,5,False
CX01904,38,Fintech,Organic Search,Mobile,6,Month-to-month,Standard,3,False
CX01905,18,Streaming,Referral,Tablet,28,Annual,Basic,1,True
CX01906,22,Fintech,Paid Social,Desktop,8,Annual,Standard,3,False
CX01907,33,Productivity,App Store,Mobile,22,Month-to-month,Plus,2,False
CX01908,50,Productivity,Referral,Tablet,23,Annual,Basic,2,False
CX01909,48,Fintech,Referral,Mobile,12,Month-to-month,Standard,1,False
CX01910,43,News & Media,Paid Social,Tablet,7,Month-to-month,Plus,2,True
CX01911,51,Fintech,Organic Search,Smart TV,24,Month-to-month,Plus,4,False
CX01912,20,Productivity,Organic Search,Desktop,36,Month-to-month,Plus,3,False
CX01913,50,News & Media,Organic Search,Desktop,7,Annual,Plus,8,True
CX01914,20,Fintech,Referral,Mobile,39,Two year,Basic,2,False
CX01915,50,Fitness,Influencer,Desktop,10,Month-to-month,Standard,2,False
CX01916,39,Productivity,Email Campaign,Mobile,24,Two year,Plus,4,False
CX01917,36,Cloud Storage,Organic Search,Mobile,4,Month-to-month,Standard,8,False
CX01918,33,Streaming,Referral,Desktop,16,Month-to-month,Standard,1,False
CX01919,41,Fitness,App Store,Mobile,10,Month-to-month,Standard,3,False
CX01920,37,Fitness,Referral,Mobile,32,Month-to-month,Premium,8,False
CX01921,42,Streaming,Paid Social,Mobile,17,Annual,Plus,4,True
CX01922,38,Streaming,App Store,Mobile,8,Annual,Basic,1,False
CX01923,36,Productivity,Email Campaign,Smart TV,22,Month-to-month,Basic,3,False
CX01924,48,Streaming,Paid Social,Mobile,14,Month-to-month,Standard,5,False
CX01925,22,Fintech,Paid Social,Desktop,19,Annual,Basic,1,False
CX01926,26,Cloud Storage,App Store,Mobile,8,Month-to-month,Standard,2,True
CX01927,34,News & Media,Organic Search,Mobile,46,Annual,Basic,3,True
CX01928,51,Streaming,Organic Search,Mobile,15,Month-to-month,Plus,4,False
CX01929,25,Productivity,Email Campaign,Mobile,15,Annual,Plus,5,True
CX01930,39,Streaming,Influencer,Desktop,8,Month-to-month,Standard,1,False
CX01931,39,Streaming,Referral,Mobile,29,Month-to-month,Plus,7,False
CX01932,34,Fitness,Organic Search,Mobile,51,Month-to-month,Premium,5,False
CX01933,20,Fitness,Paid Social,Desktop,50,Annual,Premium,7,False
CX01934,29,Gaming,Organic Search,Desktop,26,Annual,Basic,3,False
CX01935,21,Fintech,App Store,Desktop,14,Month-to-month,Basic,2,False
CX01936,43,Productivity,Influencer,Mobile,5,Month-to-month,Plus,3,False
CX01937,51,News & Media,App Store,Tablet,5,Month-to-month,Standard,2,False
CX01938,32,Streaming,Referral,Desktop,27,Month-to-month,Basic,2,False
CX01939,35,Fitness,App Store,Mobile,47,Annual,Premium,4,False
CX01940,31,Fintech,Influencer,Mobile,17,Annual,Plus,6,False
CX01941,27,Fintech,Paid Social,Desktop,12,Month-to-month,Standard,2,False
CX01942,48,Streaming,Paid Social,Desktop,22,Month-to-month,Premium,4,False
CX01943,48,Fitness,App Store,Desktop,3,Month-to-month,Premium,3,False
CX01944,35,Gaming,Referral,Mobile,8,Annual,Basic,2,True
CX01945,31,Productivity,Influencer,Mobile,12,Month-to-month,Premium,8,False
CX01946,18,Streaming,Paid Social,Desktop,18,Annual,Standard,3,True
CX01947,40,Streaming,App Store,Desktop,14,Month-to-month,Standard,4,False
CX01948,28,Productivity,Paid Social,Desktop,15,Month-to-month,Plus,3,False
CX01949,60,Streaming,Paid Social,Mobile,4,Annual,Basic,3,False
CX01950,45,Fintech,Organic Search,Desktop,12,Annual,Premium,4,False
CX01951,18,Fitness,Organic Search,Desktop,10,Month-to-month,Plus,5,True
CX01952,48,Cloud Storage,Referral,Tablet,48,Two year,Premium,6,False
CX01953,22,Productivity,Paid Social,Mobile,25,Annual,Premium,6,False
CX01954,33,Fintech,Organic Search,Mobile,40,Annual,Basic,4,True
CX01955,18,Streaming,App Store,Smart TV,12,Month-to-month,Standard,3,False
CX01956,44,Gaming,Email Campaign,Desktop,14,Month-to-month,Standard,4,False
CX01957,55,Productivity,Paid Social,Smart TV,12,Month-to-month,Basic,1,True
CX01958,35,News & Media,Email Campaign,Mobile,38,Annual,Plus,4,False
CX01959,59,Fintech,Paid Social,Desktop,31,Month-to-month,Basic,4,True
CX01960,28,Streaming,Email Campaign,Desktop,14,Annual,Standard,3,False
CX01961,35,Fintech,App Store,Desktop,84,Two year,Standard,3,False
CX01962,21,Streaming,Organic Search,Mobile,4,Annual,Basic,1,True
CX01963,27,Streaming,Organic Search,Mobile,11,Month-to-month,Plus,6,False
CX01964,46,Cloud Storage,App Store,Mobile,25,Month-to-month,Standard,6,False
CX01965,51,Fintech,Organic Search,Mobile,8,Month-to-month,Standard,1,True
CX01966,29,Fintech,Influencer,Mobile,14,Annual,Standard,4,False
CX01967,18,Productivity,App Store,Tablet,9,Month-to-month,Standard,3,False
CX01968,57,Gaming,Referral,Smart TV,17,Month-to-month,Standard,2,False
CX01969,43,Streaming,Email Campaign,Mobile,4,Month-to-month,Standard,4,False
CX01970,47,Gaming,Referral,Mobile,16,Annual,Basic,3,False
CX01971,37,Productivity,App Store,Desktop,37,Annual,Basic,1,False
CX01972,45,Fitness,Organic Search,Smart TV,26,Annual,Standard,6,False
CX01973,38,Fintech,Paid Social,Mobile,8,Month-to-month,Premium,8,False
CX01974,41,Fintech,Referral,Mobile,32,Annual,Premium,2,True
CX01975,37,Cloud Storage,Paid Social,Smart TV,23,Two year,Premium,6,False
CX01976,34,News & Media,Paid Social,Mobile,40,Two year,Premium,2,False
CX01977,31,Streaming,Organic Search,Mobile,21,Two year,Basic,1,False
CX01978,51,Streaming,App Store,Mobile,24,Two year,Basic,4,False
CX01979,45,Fintech,Paid Social,Mobile,42,Annual,Standard,1,False
CX01980,43,Fitness,Referral,Mobile,7,Month-to-month,Plus,4,False
CX01981,24,Streaming,Paid Social,Smart TV,22,Two year,Basic,1,False
CX01982,25,Gaming,Organic Search,Mobile,12,Month-to-month,Plus,3,True
CX01983,42,News & Media,Influencer,Mobile,13,Month-to-month,Standard,3,False
CX01984,27,Fintech,App Store,Mobile,29,Two year,Basic,2,False
CX01985,28,Fintech,Referral,Mobile,15,Two year,Premium,3,True
CX01986,26,Cloud Storage,Referral,Desktop,19,Month-to-month,Plus,8,False
CX01987,57,Gaming,Email Campaign,Mobile,30,Two year,Premium,4,True
CX01988,32,Cloud Storage,Email Campaign,Desktop,17,Month-to-month,Basic,3,False
CX01989,46,Streaming,Referral,Smart TV,11,Month-to-month,Standard,1,False
CX01990,25,Productivity,Referral,Mobile,13,Month-to-month,Plus,5,False
CX01991,65,Fintech,Influencer,Mobile,36,Annual,Standard,2,False
CX01992,35,Fintech,App Store,Smart TV,6,Month-to-month,Premium,5,False
CX01993,41,Productivity,Organic Search,Smart TV,19,Annual,Plus,6,False
CX01994,44,Fintech,Organic Search,Smart TV,12,Month-to-month,Plus,4,False
CX01995,41,Streaming,Paid Social,Mobile,1,Month-to-month,Plus,5,False
CX01996,34,Streaming,Organic Search,Mobile,53,Annual,Premium,4,True
CX01997,26,Streaming,Organic Search,Mobile,17,Annual,Standard,1,True
CX01998,34,Fitness,Paid Social,Mobile,44,Month-to-month,Basic,2,False
CX01999,45,Fitness,Email Campaign,Mobile,13,Month-to-month,Plus,4,False
CX02000,43,Cloud Storage,Organic Search,Mobile,9,Annual,Standard,6,True
CX02001,35,Gaming,Influencer,Mobile,43,Annual,Plus,6,False
CX02002,38,Fintech,Paid Social,Desktop,31,Two year,Premium,3,False
CX02003,44,Fintech,Paid Social,Mobile,8,Month-to-month,Plus,3,False
CX02004,35,News & Media,Organic Search,Tablet,44,Two year,Standard,4,False
CX02005,24,Cloud Storage,App Store,Tablet,49,Two year,Basic,1,False
CX02006,47,News & Media,Referral,Mobile,32,Two year,Premium,3,False
CX02007,43,Cloud Storage,App Store,Desktop,15,Month-to-month,Standard,1,True
CX02008,23,Fitness,Paid Social,Mobile,23,Annual,Plus,5,False
CX02009,35,Gaming,App Store,Mobile,15,Month-to-month,Basic,3,False
CX02010,26,Streaming,Email Campaign,Smart TV,34,Annual,Plus,3,False
CX02011,19,Fitness,Organic Search,Mobile,15,Month-to-month,Standard,3,False
CX02012,29,Fintech,Referral,Mobile,13,Annual,Plus,3,False
CX02013,38,Streaming,Organic Search,Mobile,13,Month-to-month,Standard,2,False
CX02014,36,News & Media,Referral,Mobile,12,Month-to-month,Basic,1,False
CX02015,54,News & Media,Referral,Desktop,6,Month-to-month,Standard,2,True
CX02016,36,News & Media,Organic Search,Desktop,1,Month-to-month,Premium,2,False
CX02017,33,Productivity,App Store,Mobile,20,Month-to-month,Standard,4,True
CX02018,36,Cloud Storage,Email Campaign,Smart TV,15,Annual,Premium,4,False
CX02019,38,Streaming,Organic Search,Mobile,13,Annual,Basic,2,False
CX02020,40,Streaming,Influencer,Tablet,12,Annual,Standard,1,False
CX02021,41,Streaming,Referral,Mobile,17,Two year,Premium,7,True
CX02022,22,Cloud Storage,Paid Social,Desktop,12,Month-to-month,Plus,5,False
CX02023,30,News & Media,Organic Search,Mobile,13,Annual,Premium,5,False
CX02024,25,Cloud Storage,Influencer,Desktop,8,Month-to-month,Standard,1,False
CX02025,37,Fitness,Referral,Mobile,57,Annual,Premium,7,True
CX02026,20,Fitness,Referral,Mobile,6,Month-to-month,Standard,4,False
CX02027,18,Fitness,Email Campaign,Mobile,9,Month-to-month,Plus,2,True
CX02028,28,Cloud Storage,Referral,Smart TV,71,Annual,Standard,1,False
CX02029,41,Streaming,Organic Search,Tablet,34,Annual,Premium,5,False
CX02030,35,Fintech,Email Campaign,Mobile,12,Month-to-month,Basic,2,False
CX02031,58,Streaming,App Store,Mobile,15,Annual,Standard,4,False
CX02032,59,Productivity,Organic Search,Mobile,55,Month-to-month,Basic,2,True
CX02033,45,Streaming,Organic Search,Mobile,70,Annual,Plus,6,False
CX02034,39,Streaming,Organic Search,Mobile,77,Annual,Premium,4,False
CX02035,28,Streaming,Influencer,Mobile,9,Month-to-month,Standard,4,False
CX02036,38,Streaming,Referral,Smart TV,14,Month-to-month,Basic,2,False
CX02037,39,News & Media,App Store,Smart TV,13,Month-to-month,Premium,4,False
CX02038,18,Cloud Storage,Email Campaign,Mobile,31,Annual,Standard,3,True
CX02039,21,Productivity,Paid Social,Desktop,12,Month-to-month,Standard,1,False
CX02040,18,Gaming,Paid Social,Smart TV,40,Annual,Standard,2,False
CX02041,35,Fitness,Organic Search,Desktop,17,Annual,Plus,2,False
CX02042,50,Fitness,Email Campaign,Mobile,1,Month-to-month,Standard,2,False
CX02043,62,News & Media,Referral,Smart TV,28,Month-to-month,Basic,3,False
CX02044,18,Productivity,App Store,Mobile,6,Month-to-month,Premium,3,False
CX02045,40,News & Media,Referral,Tablet,3,Month-to-month,Basic,1,False
CX02046,42,News & Media,Paid Social,Mobile,10,Month-to-month,Standard,4,False
CX02047,18,Fintech,Organic Search,Desktop,32,Annual,Standard,2,True
CX02048,23,News & Media,Paid Social,Mobile,9,Month-to-month,Standard,3,False
CX02049,18,Fitness,Email Campaign,Mobile,32,Two year,Basic,1,False
CX02050,34,Productivity,App Store,Mobile,25,Annual,Plus,4,True
CX02051,30,Fintech,Paid Social,Smart TV,14,Month-to-month,Plus,2,True
CX02052,40,Streaming,Organic Search,Desktop,33,Annual,Basic,4,True
CX02053,39,Cloud Storage,App Store,Mobile,38,Annual,Basic,2,True
CX02054,36,Streaming,Paid Social,Desktop,7,Month-to-month,Basic,1,False
CX02055,25,Productivity,Email Campaign,Mobile,21,Month-to-month,Plus,5,False
CX02056,42,Gaming,App Store,Smart TV,8,Month-to-month,Premium,6,False
CX02057,50,Productivity,App Store,Tablet,9,Annual,Standard,2,False
CX02058,56,Streaming,Organic Search,Mobile,15,Month-to-month,Premium,5,False
CX02059,30,Streaming,Influencer,Tablet,16,Month-to-month,Plus,4,False
CX02060,36,News & Media,Paid Social,Mobile,49,Two year,Standard,3,False
CX02061,37,Fintech,Referral,Mobile,12,Annual,Standard,4,False
CX02062,50,Cloud Storage,Email Campaign,Smart TV,21,Month-to-month,Plus,3,True
CX02063,40,Streaming,App Store,Mobile,19,Annual,Plus,4,False
CX02064,33,Fintech,Influencer,Desktop,13,Annual,Plus,4,False
CX02065,51,News & Media,Organic Search,Mobile,35,Annual,Standard,2,False
CX02066,53,Streaming,Influencer,Mobile,46,Month-to-month,Plus,7,False
CX02067,19,Streaming,Organic Search,Mobile,40,Two year,Basic,4,True
CX02068,46,Productivity,Organic Search,Desktop,2,Annual,Basic,3,False
CX02069,28,Streaming,Organic Search,Mobile,2,Month-to-month,Standard,2,False
CX02070,34,Fitness,Email Campaign,Mobile,7,Month-to-month,Basic,2,False
CX02071,29,Fitness,Organic Search,Smart TV,24,Month-to-month,Plus,3,False
CX02072,33,News & Media,Email Campaign,Smart TV,22,Month-to-month,Standard,4,False
CX02073,44,Fintech,Referral,Tablet,17,Month-to-month,Standard,2,False
CX02074,25,Streaming,Paid Social,Mobile,17,Month-to-month,Standard,2,False
CX02075,19,Gaming,Influencer,Smart TV,23,Two year,Standard,3,False
CX02076,22,Streaming,Referral,Desktop,23,Annual,Standard,3,False
CX02077,38,Fitness,Paid Social,Mobile,22,Month-to-month,Premium,6,False
CX02078,39,Streaming,Organic Search,Tablet,25,Month-to-month,Standard,2,False
CX02079,23,Cloud Storage,Organic Search,Smart TV,35,Two year,Standard,3,False
CX02080,38,Fintech,Organic Search,Smart TV,11,Month-to-month,Basic,2,False
CX02081,18,Fitness,Referral,Mobile,34,Month-to-month,Plus,4,False
CX02082,33,Fitness,Paid Social,Mobile,20,Month-to-month,Standard,4,False
CX02083,19,Gaming,Organic Search,Mobile,54,Month-to-month,Basic,1,False
CX02084,27,Productivity,Paid Social,Mobile,7,Month-to-month,Premium,3,False
CX02085,45,Gaming,Referral,Smart TV,10,Annual,Basic,2,False
CX02086,48,Productivity,Organic Search,Mobile,30,Annual,Plus,4,True
CX02087,34,Productivity,Organic Search,Mobile,7,Month-to-month,Standard,3,False
CX02088,26,Fitness,App Store,Smart TV,27,Annual,Premium,5,True
CX02089,51,Streaming,App Store,Mobile,7,Month-to-month,Plus,3,True
CX02090,18,Streaming,Organic Search,Tablet,14,Annual,Premium,5,True
CX02091,19,Productivity,Organic Search,Mobile,37,Two year,Basic,2,True
CX02092,22,Streaming,Referral,Desktop,31,Annual,Plus,3,False
CX02093,50,Productivity,Paid Social,Mobile,25,Annual,Premium,6,False
CX02094,33,Fintech,Referral,Mobile,19,Month-to-month,Premium,4,False
CX02095,27,Productivity,Organic Search,Tablet,27,Month-to-month,Plus,6,False
CX02096,35,News & Media,App Store,Tablet,59,Two year,Basic,4,False
CX02097,43,News & Media,Paid Social,Desktop,14,Month-to-month,Standard,4,False
CX02098,33,Streaming,Organic Search,Desktop,79,Month-to-month,Basic,1,False
CX02099,46,Streaming,Email Campaign,Mobile,34,Annual,Standard,2,False
CX02100,43,Fitness,Organic Search,Desktop,11,Month-to-month,Basic,5,True
CX02101,27,Cloud Storage,Referral,Mobile,16,Month-to-month,Standard,3,False
CX02102,32,Fitness,Influencer,Desktop,14,Month-to-month,Standard,2,False
CX02103,40,News & Media,Referral,Mobile,10,Month-to-month,Plus,3,False
CX02104,41,Streaming,Organic Search,Desktop,19,Two year,Basic,2,True
CX02105,18,Fintech,Referral,Mobile,17,Month-to-month,Basic,2,False
CX02106,18,Fintech,Influencer,Mobile,70,Annual,Basic,5,False
CX02107,49,Cloud Storage,Paid Social,Desktop,16,Annual,Basic,4,True
CX02108,24,Fitness,App Store,Desktop,11,Month-to-month,Basic,4,True
CX02109,34,Fitness,Referral,Desktop,19,Two year,Standard,3,False
CX02110,57,Gaming,Organic Search,Mobile,21,Annual,Standard,4,False
CX02111,30,Streaming,Paid Social,Mobile,25,Annual,Basic,2,False
CX02112,43,Fintech,Organic Search,Tablet,30,Annual,Plus,2,False
CX02113,59,Productivity,Referral,Mobile,25,Annual,Plus,2,False
CX02114,45,Fintech,Influencer,Smart TV,26,Month-to-month,Standard,2,False
CX02115,43,Productivity,Influencer,Mobile,27,Two year,Basic,1,False
CX02116,28,Streaming,Referral,Desktop,4,Month-to-month,Premium,6,False
CX02117,58,Gaming,Organic Search,Mobile,8,Month-to-month,Standard,2,False
CX02118,36,Streaming,Email Campaign,Mobile,5,Month-to-month,Standard,3,False
CX02119,36,Streaming,Organic Search,Mobile,11,Month-to-month,Plus,3,False
CX02120,23,Streaming,Referral,Desktop,31,Two year,Standard,1,False
CX02121,30,News & Media,App Store,Mobile,8,Month-to-month,Standard,3,True
CX02122,34,Gaming,Influencer,Mobile,9,Month-to-month,Standard,3,False
CX02123,43,Streaming,Organic Search,Mobile,35,Annual,Basic,3,False
CX02124,47,Fintech,Referral,Mobile,10,Annual,Standard,6,True
CX02125,47,Productivity,Influencer,Mobile,7,Month-to-month,Standard,1,False
CX02126,23,Fintech,Influencer,Mobile,30,Two year,Standard,1,False
CX02127,34,News & Media,Organic Search,Desktop,13,Month-to-month,Basic,1,False
CX02128,30,Fintech,Email Campaign,Mobile,32,Annual,Standard,3,False
CX02129,61,Streaming,Referral,Mobile,17,Month-to-month,Standard,4,False
CX02130,44,Fintech,Organic Search,Smart TV,5,Month-to-month,Standard,2,False
CX02131,31,Fitness,Paid Social,Mobile,70,Two year,Standard,7,True
CX02132,28,Productivity,Paid Social,Mobile,34,Two year,Basic,3,False
CX02133,23,Fitness,Organic Search,Desktop,40,Annual,Plus,4,False
CX02134,40,Streaming,Influencer,Mobile,2,Month-to-month,Basic,2,False
CX02135,31,Fintech,App Store,Tablet,17,Two year,Plus,1,False
CX02136,18,Streaming,Organic Search,Desktop,32,Month-to-month,Standard,2,False
CX02137,31,Gaming,Organic Search,Mobile,23,Annual,Standard,4,False
CX02138,48,Streaming,Organic Search,Mobile,26,Month-to-month,Premium,8,False
CX02139,33,News & Media,Influencer,Mobile,22,Month-to-month,Premium,3,False
CX02140,74,Productivity,Referral,Mobile,13,Month-to-month,Basic,1,False
CX02141,36,Gaming,Email Campaign,Mobile,8,Month-to-month,Plus,3,False
CX02142,47,Streaming,App Store,Desktop,11,Month-to-month,Standard,5,True
CX02143,43,Fintech,App Store,Mobile,64,Annual,Premium,2,False
CX02144,38,Streaming,Influencer,Mobile,16,Annual,Plus,2,False
CX02145,25,Productivity,Paid Social,Smart TV,36,Annual,Standard,1,False
CX02146,33,Fintech,Referral,Mobile,29,Two year,Standard,4,False
CX02147,40,Productivity,Paid Social,Mobile,21,Month-to-month,Standard,4,False
CX02148,40,Fintech,Referral,Smart TV,18,Two year,Basic,2,True
CX02149,18,News & Media,Referral,Smart TV,8,Annual,Basic,2,False
CX02150,41,Fintech,Email Campaign,Desktop,13,Month-to-month,Plus,8,False
CX02151,42,Streaming,Email Campaign,Mobile,28,Annual,Plus,5,False
CX02152,25,Streaming,App Store,Desktop,12,Month-to-month,Plus,3,False
CX02153,35,Productivity,Email Campaign,Mobile,31,Month-to-month,Plus,2,False
CX02154,52,News & Media,Paid Social,Mobile,7,Month-to-month,Premium,5,False
CX02155,23,Productivity,Paid Social,Desktop,6,Month-to-month,Premium,7,True
CX02156,35,Productivity,Influencer,Mobile,37,Month-to-month,Basic,3,True
CX02157,36,Fintech,Organic Search,Mobile,55,Two year,Standard,3,True
CX02158,33,Fintech,App Store,Mobile,22,Two year,Premium,5,False
CX02159,35,Streaming,Organic Search,Mobile,32,Month-to-month,Standard,5,True
CX02160,38,Productivity,Organic Search,Desktop,21,Annual,Plus,2,True
CX02161,55,Streaming,Email Campaign,Tablet,16,Month-to-month,Standard,2,False
CX02162,39,Streaming,Organic Search,Desktop,16,Month-to-month,Basic,1,True
CX02163,30,Fintech,Paid Social,Mobile,9,Month-to-month,Plus,3,False
CX02164,26,Fitness,Paid Social,Smart TV,10,Month-to-month,Standard,2,False
CX02165,40,Gaming,Email Campaign,Mobile,32,Annual,Plus,1,False
CX02166,23,Fitness,Paid Social,Mobile,56,Annual,Standard,3,False
CX02167,41,Fintech,Influencer,Mobile,16,Month-to-month,Basic,1,False
CX02168,31,Productivity,Organic Search,Mobile,5,Month-to-month,Basic,1,True
CX02169,40,Fintech,Paid Social,Desktop,5,Month-to-month,Standard,2,False
CX02170,35,Streaming,App Store,Mobile,8,Month-to-month,Standard,7,False
CX02171,38,Streaming,Paid Social,Mobile,14,Month-to-month,Basic,1,False
CX02172,31,News & Media,Referral,Mobile,74,Annual,Premium,2,False
CX02173,31,Streaming,Organic Search,Mobile,16,Month-to-month,Basic,2,False
CX02174,50,Gaming,Referral,Smart TV,8,Annual,Standard,3,True
CX02175,32,Streaming,Referral,Smart TV,15,Month-to-month,Plus,3,False
CX02176,33,Gaming,App Store,Desktop,50,Month-to-month,Premium,1,False
CX02177,39,Streaming,Organic Search,Mobile,19,Annual,Standard,2,False
CX02178,24,Fintech,App Store,Desktop,21,Two year,Plus,3,False
CX02179,31,Fintech,Paid Social,Mobile,10,Month-to-month,Premium,5,False
CX02180,37,Streaming,App Store,Tablet,46,Month-to-month,Basic,2,True
CX02181,18,Streaming,Referral,Mobile,20,Annual,Standard,1,False
CX02182,40,Fitness,Email Campaign,Mobile,18,Month-to-month,Standard,1,False
CX02183,28,Gaming,Email Campaign,Mobile,32,Month-to-month,Standard,2,False
CX02184,24,Cloud Storage,Paid Social,Mobile,9,Month-to-month,Basic,3,True
CX02185,40,Productivity,Organic Search,Smart TV,21,Month-to-month,Basic,2,True
CX02186,32,Fintech,Paid Social,Mobile,26,Annual,Basic,2,True
CX02187,50,Fitness,Referral,Mobile,17,Annual,Plus,5,False
CX02188,29,Productivity,Organic Search,Mobile,15,Two year,Basic,2,False
CX02189,41,Cloud Storage,Referral,Desktop,20,Month-to-month,Standard,5,False
CX02190,33,Cloud Storage,Organic Search,Mobile,31,Annual,Plus,3,False
CX02191,28,Streaming,Paid Social,Desktop,54,Annual,Basic,4,False
CX02192,39,Cloud Storage,App Store,Mobile,31,Two year,Basic,1,True
CX02193,33,Cloud Storage,Organic Search,Tablet,31,Two year,Standard,2,False
CX02194,18,Productivity,Paid Social,Smart TV,9,Month-to-month,Standard,3,False
CX02195,35,Fitness,Organic Search,Mobile,19,Month-to-month,Basic,1,False
CX02196,54,Fitness,Paid Social,Desktop,7,Annual,Standard,2,False
CX02197,59,Gaming,Organic Search,Mobile,9,Month-to-month,Basic,2,False
CX02198,39,Cloud Storage,App Store,Desktop,26,Annual,Basic,2,False
CX02199,44,Productivity,App Store,Mobile,35,Annual,Basic,3,False
CX02200,38,News & Media,Paid Social,Mobile,18,Two year,Premium,5,True
CX02201,21,Streaming,Referral,Mobile,2,Month-to-month,Standard,3,False
CX02202,18,Streaming,Influencer,Smart TV,28,Annual,Standard,3,True
CX02203,50,Productivity,Referral,Desktop,34,Month-to-month,Plus,2,True
CX02204,34,Productivity,Influencer,Mobile,17,Month-to-month,Plus,3,True
CX02205,44,Fintech,Email Campaign,Desktop,32,Annual,Basic,1,False
CX02206,31,Streaming,Paid Social,Mobile,6,Month-to-month,Standard,2,True
CX02207,26,News & Media,App Store,Mobile,12,Annual,Plus,6,False
CX02208,53,Streaming,Email Campaign,Desktop,14,Month-to-month,Plus,3,False
CX02209,18,Gaming,Referral,Mobile,8,Month-to-month,Plus,3,False
CX02210,42,Gaming,Referral,Tablet,80,Annual,Standard,1,True
CX02211,49,Fintech,Referral,Desktop,21,Annual,Plus,6,False
CX02212,44,Fintech,Paid Social,Mobile,20,Month-to-month,Plus,3,True
CX02213,20,Gaming,Referral,Mobile,12,Month-to-month,Plus,4,False
CX02214,29,Streaming,Paid Social,Desktop,8,Month-to-month,Premium,7,True
CX02215,39,Streaming,Organic Search,Mobile,17,Month-to-month,Premium,4,True
CX02216,33,Cloud Storage,App Store,Desktop,38,Month-to-month,Basic,1,False
CX02217,46,Streaming,App Store,Smart TV,21,Annual,Plus,5,False
CX02218,47,Cloud Storage,Organic Search,Desktop,28,Annual,Basic,1,False
CX02219,50,Streaming,Organic Search,Mobile,1,Month-to-month,Basic,1,False
CX02220,44,Fintech,Organic Search,Mobile,20,Month-to-month,Plus,5,False
CX02221,25,Streaming,Influencer,Desktop,10,Month-to-month,Premium,5,False
CX02222,22,Fintech,Influencer,Mobile,6,Month-to-month,Plus,3,True
CX02223,37,Fintech,Referral,Desktop,20,Two year,Plus,3,False
CX02224,29,News & Media,App Store,Mobile,40,Month-to-month,Standard,2,False
CX02225,51,Gaming,Organic Search,Mobile,15,Month-to-month,Standard,3,True
CX02226,42,Productivity,App Store,Mobile,33,Two year,Basic,2,False
CX02227,58,Cloud Storage,Referral,Mobile,72,Two year,Premium,4,False
CX02228,41,Fitness,Paid Social,Mobile,7,Month-to-month,Premium,6,False
CX02229,39,Fintech,Influencer,Tablet,23,Month-to-month,Premium,3,False
CX02230,49,Streaming,Influencer,Mobile,25,Month-to-month,Basic,1,True
CX02231,29,Gaming,Paid Social,Mobile,10,Annual,Standard,4,False
CX02232,37,Fintech,App Store,Mobile,12,Month-to-month,Basic,2,False
CX02233,26,Gaming,Organic Search,Mobile,11,Month-to-month,Basic,4,False
CX02234,50,Streaming,App Store,Desktop,27,Two year,Standard,2,True
CX02235,31,Cloud Storage,Paid Social,Smart TV,4,Month-to-month,Standard,3,False
CX02236,36,Cloud Storage,Paid Social,Mobile,8,Month-to-month,Basic,2,False
CX02237,30,Streaming,App Store,Mobile,4,Month-to-month,Plus,4,False
CX02238,18,Cloud Storage,Organic Search,Mobile,5,Month-to-month,Standard,5,False
CX02239,37,Fintech,App Store,Mobile,21,Month-to-month,Plus,4,False
CX02240,28,Fitness,Organic Search,Mobile,19,Two year,Standard,3,False
CX02241,50,Streaming,Paid Social,Smart TV,32,Two year,Basic,1,False
CX02242,54,Fintech,Paid Social,Tablet,78,Two year,Standard,6,False
CX02243,42,Gaming,Paid Social,Desktop,15,Month-to-month,Standard,4,True
CX02244,20,Cloud Storage,Organic Search,Smart TV,28,Two year,Standard,2,False
CX02245,45,Cloud Storage,App Store,Desktop,5,Two year,Basic,1,False
CX02246,22,News & Media,Paid Social,Desktop,2,Month-to-month,Basic,1,False
CX02247,30,Fintech,Paid Social,Mobile,19,Annual,Standard,2,False
CX02248,45,Gaming,Organic Search,Mobile,14,Annual,Basic,1,True
CX02249,18,Streaming,Referral,Mobile,18,Month-to-month,Plus,1,False
CX02250,47,Gaming,Organic Search,Mobile,23,Annual,Premium,3,True
CX02251,39,Fintech,Organic Search,Mobile,7,Annual,Premium,5,True
CX02252,30,Streaming,Email Campaign,Mobile,11,Month-to-month,Plus,4,False
CX02253,32,Fintech,Paid Social,Mobile,22,Annual,Plus,6,False
CX02254,18,News & Media,Organic Search,Desktop,39,Month-to-month,Basic,3,False
CX02255,30,Cloud Storage,App Store,Mobile,14,Month-to-month,Standard,2,False
CX02256,30,Streaming,Email Campaign,Smart TV,16,Month-to-month,Standard,3,False
CX02257,21,Fitness,Paid Social,Mobile,16,Month-to-month,Standard,2,False
CX02258,29,Fitness,Referral,Mobile,29,Month-to-month,Basic,3,False
CX02259,29,Fintech,Email Campaign,Mobile,72,Month-to-month,Plus,6,True
CX02260,37,Streaming,Organic Search,Desktop,18,Month-to-month,Plus,5,False
CX02261,34,Streaming,Referral,Mobile,5,Month-to-month,Basic,2,False
CX02262,42,Productivity,Organic Search,Desktop,7,Month-to-month,Basic,3,False
CX02263,25,Streaming,Influencer,Mobile,17,Annual,Standard,1,False
CX02264,18,Fintech,App Store,Tablet,38,Two year,Basic,2,False
CX02265,34,Productivity,Paid Social,Desktop,2,Month-to-month,Basic,2,False
CX02266,18,Cloud Storage,Organic Search,Desktop,25,Month-to-month,Standard,3,True
CX02267,28,Fitness,App Store,Mobile,5,Two year,Basic,4,False
CX02268,33,Productivity,Paid Social,Mobile,36,Month-to-month,Plus,5,False
CX02269,67,Fitness,App Store,Mobile,25,Annual,Basic,3,True
CX02270,32,Cloud Storage,Organic Search,Smart TV,19,Annual,Standard,1,False
CX02271,18,Streaming,Organic Search,Mobile,55,Annual,Standard,4,False
CX02272,18,Fitness,Paid Social,Mobile,26,Two year,Basic,1,True
CX02273,44,Fintech,Paid Social,Mobile,14,Month-to-month,Standard,2,True
CX02274,44,Gaming,Referral,Desktop,4,Month-to-month,Standard,2,False
CX02275,43,Fintech,Paid Social,Mobile,21,Two year,Plus,5,False
CX02276,31,Fintech,Email Campaign,Tablet,83,Annual,Plus,7,False
CX02277,47,Streaming,App Store,Mobile,17,Month-to-month,Standard,3,False
CX02278,29,Fintech,Referral,Mobile,32,Two year,Standard,5,False
CX02279,43,Fitness,Paid Social,Desktop,33,Two year,Premium,4,False
CX02280,45,Fitness,App Store,Mobile,44,Two year,Plus,3,False
CX02281,20,Streaming,Organic Search,Mobile,4,Month-to-month,Basic,1,True
CX02282,47,Streaming,Influencer,Mobile,3,Month-to-month,Plus,3,False
CX02283,37,Streaming,Organic Search,Mobile,2,Annual,Premium,4,False
CX02284,37,Cloud Storage,Influencer,Mobile,27,Month-to-month,Basic,3,False
CX02285,40,Fitness,Organic Search,Smart TV,13,Annual,Standard,4,False
CX02286,31,Fitness,Referral,Mobile,17,Annual,Standard,1,False
CX02287,44,Streaming,Referral,Desktop,38,Annual,Plus,4,True
CX02288,48,Streaming,Influencer,Desktop,44,Month-to-month,Basic,2,False
CX02289,49,Streaming,App Store,Mobile,36,Annual,Standard,2,True
CX02290,28,Streaming,Organic Search,Mobile,43,Two year,Basic,1,False
CX02291,34,Streaming,Organic Search,Mobile,21,Month-to-month,Basic,1,True
CX02292,40,Cloud Storage,Referral,Mobile,21,Month-to-month,Standard,2,False
CX02293,32,News & Media,Organic Search,Desktop,16,Annual,Basic,5,True
CX02294,34,Fitness,Referral,Mobile,15,Month-to-month,Plus,4,False
CX02295,22,Productivity,Referral,Mobile,11,Month-to-month,Premium,8,False
CX02296,39,Cloud Storage,Email Campaign,Mobile,6,Month-to-month,Basic,3,False
CX02297,49,Productivity,Email Campaign,Desktop,46,Annual,Basic,3,False
CX02298,39,Fitness,Paid Social,Mobile,9,Annual,Basic,2,False
CX02299,43,Fintech,Paid Social,Smart TV,22,Annual,Plus,7,False
CX02300,36,Gaming,Paid Social,Desktop,5,Month-to-month,Standard,2,False
CX02301,46,Streaming,Organic Search,Mobile,1,Month-to-month,Standard,2,False
CX02302,37,Streaming,Paid Social,Mobile,66,Two year,Basic,1,False
CX02303,47,Fitness,Referral,Smart TV,72,Annual,Standard,3,True
CX02304,32,Gaming,Referral,Mobile,59,Two year,Basic,1,False
CX02305,40,Cloud Storage,Organic Search,Mobile,4,Month-to-month,Basic,1,False
CX02306,50,Productivity,App Store,Mobile,40,Month-to-month,Basic,3,True
CX02307,39,Fintech,Organic Search,Tablet,8,Annual,Plus,3,False
CX02308,19,Gaming,Paid Social,Desktop,60,Month-to-month,Basic,1,False
CX02309,18,Cloud Storage,Organic Search,Desktop,7,Month-to-month,Plus,1,True
CX02310,18,News & Media,Referral,Smart TV,22,Month-to-month,Plus,2,False
CX02311,48,Cloud Storage,Organic Search,Mobile,7,Annual,Basic,1,False
CX02312,37,Fitness,App Store,Mobile,26,Month-to-month,Standard,2,True
CX02313,37,News & Media,Paid Social,Mobile,23,Annual,Plus,3,True
CX02314,18,Streaming,Referral,Desktop,17,Month-to-month,Basic,3,True
CX02315,38,Cloud Storage,Paid Social,Mobile,37,Two year,Premium,7,True
CX02316,56,Streaming,Paid Social,Mobile,27,Two year,Standard,4,False
CX02317,49,Productivity,Organic Search,Mobile,3,Month-to-month,Standard,3,True
CX02318,37,Fintech,App Store,Mobile,25,Month-to-month,Standard,4,False
CX02319,32,News & Media,Organic Search,Mobile,34,Month-to-month,Standard,5,False
CX02320,55,Fitness,App Store,Mobile,53,Annual,Basic,3,False
CX02321,32,Productivity,Influencer,Tablet,24,Annual,Premium,5,False
CX02322,39,Fitness,Influencer,Mobile,18,Month-to-month,Basic,2,True
CX02323,39,Productivity,Email Campaign,Mobile,21,Month-to-month,Plus,3,False
CX02324,47,Streaming,App Store,Tablet,8,Month-to-month,Basic,2,False
CX02325,43,Fintech,Influencer,Mobile,19,Month-to-month,Premium,5,False
CX02326,44,Streaming,Organic Search,Mobile,8,Annual,Standard,2,False
CX02327,37,Cloud Storage,Referral,Mobile,27,Month-to-month,Standard,3,True
CX02328,41,News & Media,Email Campaign,Mobile,20,Two year,Plus,3,False
CX02329,34,Fintech,App Store,Mobile,15,Month-to-month,Premium,7,False
CX02330,38,Streaming,Paid Social,Mobile,1,Month-to-month,Basic,2,False
CX02331,28,Fintech,Organic Search,Mobile,48,Annual,Standard,2,False
CX02332,35,Streaming,Email Campaign,Tablet,45,Annual,Standard,1,True
CX02333,27,News & Media,App Store,Desktop,29,Annual,Basic,1,True
CX02334,19,Streaming,Referral,Tablet,22,Two year,Basic,3,False
CX02335,45,Cloud Storage,Organic Search,Smart TV,28,Two year,Plus,3,False
CX02336,18,Streaming,Organic Search,Desktop,7,Annual,Standard,2,False
CX02337,31,Gaming,App Store,Smart TV,17,Annual,Plus,7,True
CX02338,57,Fintech,Paid Social,Desktop,4,Month-to-month,Basic,5,False
CX02339,42,News & Media,Paid Social,Desktop,14,Month-to-month,Basic,1,False
CX02340,47,Fintech,Paid Social,Mobile,8,Month-to-month,Standard,3,False
CX02341,20,Productivity,Email Campaign,Mobile,22,Month-to-month,Standard,3,False
CX02342,32,Fintech,Influencer,Mobile,57,Annual,Plus,3,False
CX02343,26,Fintech,Organic Search,Mobile,9,Month-to-month,Plus,4,False
CX02344,33,Streaming,Paid Social,Desktop,21,Annual,Basic,1,False
CX02345,27,Fintech,Referral,Mobile,25,Two year,Standard,5,False
CX02346,42,Productivity,Email Campaign,Mobile,8,Month-to-month,Plus,6,True
CX02347,36,Gaming,App Store,Mobile,32,Annual,Standard,4,True
CX02348,26,Streaming,Influencer,Tablet,6,Month-to-month,Basic,4,False
CX02349,50,Fintech,Organic Search,Mobile,9,Month-to-month,Basic,2,False
CX02350,27,Productivity,Organic Search,Desktop,8,Month-to-month,Plus,2,True
CX02351,60,Streaming,Paid Social,Mobile,11,Month-to-month,Standard,3,False
CX02352,34,Streaming,Organic Search,Mobile,10,Month-to-month,Plus,5,False
CX02353,32,Fitness,Paid Social,Desktop,8,Month-to-month,Plus,2,True
CX02354,54,Streaming,App Store,Smart TV,53,Annual,Basic,4,False
CX02355,28,Fintech,App Store,Mobile,32,Annual,Basic,1,False
CX02356,49,Gaming,App Store,Desktop,38,Two year,Basic,3,False
CX02357,31,News & Media,Referral,Tablet,49,Two year,Basic,2,False
CX02358,35,Gaming,Influencer,Desktop,13,Annual,Premium,3,False
CX02359,18,Cloud Storage,App Store,Mobile,18,Annual,Plus,4,True
CX02360,52,Streaming,Email Campaign,Mobile,15,Annual,Standard,5,True
CX02361,36,Streaming,Organic Search,Mobile,8,Month-to-month,Basic,1,False
CX02362,63,Fintech,Organic Search,Desktop,21,Annual,Plus,4,False
CX02363,20,Productivity,Paid Social,Mobile,37,Annual,Standard,3,True
CX02364,31,News & Media,Referral,Mobile,23,Two year,Plus,8,True
CX02365,18,Gaming,Paid Social,Desktop,40,Month-to-month,Standard,6,False
CX02366,22,Streaming,App Store,Mobile,52,Two year,Basic,2,False
CX02367,49,Streaming,App Store,Mobile,13,Month-to-month,Standard,3,False
CX02368,29,Streaming,Referral,Mobile,4,Month-to-month,Standard,1,False
CX02369,34,Productivity,Referral,Desktop,30,Annual,Premium,2,False
CX02370,29,Fintech,Referral,Mobile,2,Month-to-month,Premium,5,True
CX02371,39,Productivity,Referral,Desktop,17,Month-to-month,Standard,3,True
CX02372,26,Productivity,Paid Social,Desktop,28,Month-to-month,Basic,1,False
CX02373,18,Streaming,App Store,Mobile,7,Month-to-month,Basic,4,False
CX02374,39,Productivity,App Store,Desktop,18,Annual,Plus,6,True
CX02375,37,Fitness,Paid Social,Mobile,13,Annual,Plus,4,False
CX02376,45,Fintech,App Store,Desktop,8,Month-to-month,Premium,5,False
CX02377,53,Fitness,Email Campaign,Smart TV,34,Month-to-month,Plus,4,True
CX02378,23,Fitness,Organic Search,Mobile,24,Annual,Plus,7,False
CX02379,28,News & Media,Influencer,Desktop,24,Month-to-month,Basic,1,False
CX02380,36,Productivity,Paid Social,Desktop,50,Annual,Standard,3,False
CX02381,51,Cloud Storage,Organic Search,Mobile,38,Two year,Plus,3,False
CX02382,32,Fintech,App Store,Mobile,31,Annual,Premium,3,False
CX02383,34,Fitness,App Store,Tablet,5,Annual,Premium,8,False
CX02384,37,Cloud Storage,Referral,Desktop,32,Annual,Basic,3,False
CX02385,47,Streaming,Organic Search,Mobile,5,Month-to-month,Premium,6,False
CX02386,19,Streaming,App Store,Mobile,43,Annual,Standard,6,False
CX02387,46,Fintech,Influencer,Mobile,23,Month-to-month,Standard,3,False
CX02388,38,Cloud Storage,App Store,Mobile,4,Month-to-month,Plus,4,False
CX02389,45,Fintech,Influencer,Mobile,4,Annual,Basic,2,False
CX02390,42,Gaming,Referral,Mobile,25,Month-to-month,Basic,2,False
CX02391,18,Fintech,Referral,Smart TV,37,Annual,Plus,5,True
CX02392,49,Productivity,App Store,Desktop,14,Annual,Premium,3,False
CX02393,48,Streaming,App Store,Tablet,39,Two year,Premium,3,False
CX02394,48,Fitness,App Store,Desktop,26,Month-to-month,Plus,3,True
CX02395,18,Fintech,Paid Social,Mobile,30,Annual,Plus,7,False
CX02396,26,Fintech,Organic Search,Desktop,8,Month-to-month,Standard,1,False
CX02397,46,News & Media,Paid Social,Smart TV,1,Month-to-month,Basic,2,False
CX02398,26,Fintech,Influencer,Mobile,2,Month-to-month,Basic,1,False
CX02399,18,Fintech,Email Campaign,Tablet,52,Two year,Standard,4,True
CX02400,34,Streaming,Organic Search,Mobile,2,Month-to-month,Basic,2,False
CX02401,26,Fintech,Referral,Mobile,55,Annual,Premium,4,True
CX02402,23,Streaming,Organic Search,Mobile,10,Two year,Plus,4,False
CX02403,29,Productivity,Referral,Mobile,43,Month-to-month,Standard,5,True
CX02404,18,Streaming,Organic Search,Mobile,38,Annual,Standard,2,False
CX02405,43,Streaming,Paid Social,Mobile,38,Annual,Standard,2,True
CX02406,23,Productivity,Paid Social,Mobile,43,Annual,Basic,1,False
CX02407,50,Gaming,Paid Social,Mobile,21,Month-to-month,Premium,5,True
CX02408,39,Gaming,Referral,Mobile,31,Two year,Basic,3,True
CX02409,33,Fitness,Referral,Desktop,13,Two year,Premium,5,True
CX02410,66,Streaming,Email Campaign,Mobile,4,Month-to-month,Plus,3,False
CX02411,50,Fintech,Email Campaign,Tablet,11,Month-to-month,Premium,6,False
CX02412,55,Streaming,Organic Search,Desktop,54,Annual,Standard,4,False
CX02413,46,Streaming,Paid Social,Mobile,6,Month-to-month,Standard,7,False
CX02414,36,News & Media,Referral,Mobile,9,Month-to-month,Plus,7,False
CX02415,46,Gaming,Referral,Mobile,28,Two year,Plus,4,False
CX02416,48,Streaming,Organic Search,Tablet,29,Annual,Standard,1,True
CX02417,31,Productivity,Email Campaign,Desktop,16,Month-to-month,Basic,2,False
CX02418,30,Cloud Storage,Paid Social,Mobile,7,Month-to-month,Plus,2,False
CX02419,23,Fitness,Organic Search,Mobile,26,Annual,Premium,5,False
CX02420,18,Fintech,Referral,Desktop,24,Month-to-month,Standard,2,False
CX02421,45,Streaming,Organic Search,Desktop,29,Annual,Basic,3,False
CX02422,41,Fintech,Organic Search,Mobile,2,Month-to-month,Standard,1,False
CX02423,32,Fintech,Email Campaign,Tablet,4,Month-to-month,Plus,2,False
CX02424,32,Productivity,App Store,Mobile,33,Annual,Plus,5,False
CX02425,23,News & Media,Organic Search,Mobile,26,Month-to-month,Premium,6,False
CX02426,40,Gaming,Paid Social,Mobile,27,Annual,Standard,2,False
CX02427,71,Streaming,App Store,Smart TV,14,Annual,Premium,5,False
CX02428,28,Productivity,Organic Search,Mobile,6,Annual,Plus,2,True
CX02429,39,Productivity,Paid Social,Smart TV,4,Month-to-month,Premium,3,False
CX02430,32,Cloud Storage,Referral,Desktop,10,Annual,Standard,3,False
CX02431,49,Streaming,Influencer,Mobile,14,Month-to-month,Standard,3,False
CX02432,48,Fintech,Paid Social,Mobile,10,Month-to-month,Standard,3,True
CX02433,49,Fintech,Organic Search,Mobile,18,Month-to-month,Basic,2,False
CX02434,24,Productivity,Paid Social,Desktop,18,Annual,Plus,4,True
CX02435,44,Fintech,App Store,Desktop,72,Annual,Basic,1,False
CX02436,48,Fintech,Paid Social,Mobile,25,Annual,Basic,2,False
CX02437,18,Productivity,App Store,Mobile,81,Two year,Standard,3,False
CX02438,57,Fintech,App Store,Tablet,16,Month-to-month,Standard,2,False
CX02439,34,Fintech,App Store,Desktop,1,Month-to-month,Plus,2,False
CX02440,32,Fintech,Organic Search,Desktop,8,Month-to-month,Standard,4,True
CX02441,56,Fintech,Paid Social,Desktop,14,Month-to-month,Plus,6,True
CX02442,24,Gaming,Organic Search,Mobile,42,Annual,Standard,2,False
CX02443,41,Streaming,Organic Search,Desktop,39,Annual,Standard,2,False
CX02444,39,News & Media,Organic Search,Mobile,5,Month-to-month,Plus,4,True
CX02445,22,Fitness,Paid Social,Mobile,37,Month-to-month,Basic,2,False
CX02446,36,News & Media,Organic Search,Mobile,26,Month-to-month,Standard,3,False
CX02447,18,Fitness,Organic Search,Mobile,18,Annual,Plus,3,False
CX02448,41,Gaming,Referral,Desktop,6,Month-to-month,Standard,6,False
CX02449,56,Fitness,Paid Social,Tablet,2,Month-to-month,Basic,5,True
CX02450,42,Fintech,App Store,Desktop,1,Month-to-month,Plus,6,False
CX02451,41,Streaming,Paid Social,Mobile,40,Annual,Standard,3,False
CX02452,36,Cloud Storage,App Store,Mobile,11,Month-to-month,Premium,8,False
CX02453,19,Streaming,Email Campaign,Desktop,11,Month-to-month,Standard,3,False
CX02454,33,Fintech,Organic Search,Mobile,13,Month-to-month,Basic,3,False
CX02455,53,Fitness,App Store,Mobile,4,Month-to-month,Standard,1,False
CX02456,34,Fintech,App Store,Mobile,56,Annual,Basic,2,False
CX02457,25,Productivity,Paid Social,Mobile,20,Month-to-month,Plus,5,True
CX02458,18,Streaming,Organic Search,Mobile,21,Month-to-month,Premium,4,False
CX02459,25,Fitness,Organic Search,Desktop,3,Month-to-month,Standard,3,False
CX02460,61,Streaming,Paid Social,Desktop,12,Month-to-month,Basic,3,False
CX02461,38,Cloud Storage,Paid Social,Desktop,7,Annual,Plus,1,False
CX02462,31,Fitness,Organic Search,Desktop,18,Month-to-month,Plus,3,False
CX02463,40,Productivity,Organic Search,Mobile,42,Annual,Standard,2,True
CX02464,44,Productivity,Paid Social,Mobile,13,Annual,Plus,5,True
CX02465,60,Fintech,Referral,Mobile,10,Month-to-month,Plus,3,False
CX02466,37,Cloud Storage,Organic Search,Mobile,5,Month-to-month,Standard,1,False
CX02467,51,News & Media,Organic Search,Mobile,40,Month-to-month,Basic,3,False
CX02468,40,Fintech,Influencer,Desktop,3,Month-to-month,Standard,4,False
CX02469,26,Gaming,Referral,Tablet,12,Month-to-month,Basic,1,False
CX02470,47,Streaming,Influencer,Mobile,15,Annual,Standard,2,True
CX02471,40,Fintech,Paid Social,Mobile,19,Month-to-month,Standard,3,True
CX02472,21,Fitness,App Store,Mobile,16,Annual,Basic,1,True
CX02473,55,Streaming,Influencer,Mobile,12,Month-to-month,Plus,2,False
CX02474,41,Gaming,Influencer,Desktop,26,Annual,Standard,2,True
CX02475,22,Fintech,Paid Social,Smart TV,21,Two year,Plus,5,True
CX02476,39,Productivity,Paid Social,Tablet,13,Annual,Basic,2,False
CX02477,29,News & Media,App Store,Smart TV,2,Month-to-month,Standard,3,False
CX02478,19,Gaming,Paid Social,Mobile,14,Annual,Plus,4,False
CX02479,27,Fintech,Paid Social,Mobile,25,Annual,Premium,5,True
CX02480,18,Fintech,App Store,Desktop,16,Month-to-month,Basic,2,False
CX02481,42,Fintech,Organic Search,Mobile,1,Month-to-month,Premium,5,False
CX02482,43,Streaming,Organic Search,Mobile,17,Month-to-month,Standard,3,False
CX02483,49,Productivity,Paid Social,Tablet,5,Month-to-month,Plus,2,False
CX02484,45,Streaming,App Store,Mobile,5,Month-to-month,Basic,3,True
CX02485,32,Productivity,Paid Social,Desktop,15,Month-to-month,Basic,1,False
CX02486,61,Streaming,Referral,Mobile,27,Month-to-month,Basic,1,False
CX02487,34,Streaming,Referral,Desktop,16,Month-to-month,Basic,4,False
CX02488,55,Fintech,Influencer,Smart TV,8,Month-to-month,Premium,5,False
CX02489,35,Productivity,Paid Social,Mobile,3,Month-to-month,Standard,3,False
CX02490,18,Fintech,Paid Social,Mobile,4,Month-to-month,Standard,7,False
CX02491,49,Gaming,Organic Search,Mobile,15,Two year,Plus,3,False
CX02492,37,Fintech,Referral,Mobile,46,Month-to-month,Standard,1,False
CX02493,29,Streaming,App Store,Mobile,28,Month-to-month,Standard,4,False
CX02494,33,Fitness,Influencer,Mobile,12,Two year,Standard,2,False
CX02495,18,Productivity,Paid Social,Tablet,5,Month-to-month,Plus,4,False
CX02496,40,Streaming,Referral,Desktop,34,Two year,Plus,3,False
CX02497,38,Streaming,Paid Social,Desktop,16,Month-to-month,Basic,1,False
CX02498,31,Cloud Storage,Referral,Mobile,35,Two year,Premium,5,False
CX02499,54,Cloud Storage,Influencer,Mobile,33,Month-to-month,Plus,4,False
CX02500,18,Streaming,App Store,Desktop,11,Annual,Basic,2,False
CX02501,62,Gaming,App Store,Smart TV,20,Month-to-month,Premium,3,True
CX02502,47,Productivity,Paid Social,Mobile,8,Month-to-month,Basic,1,False
CX02503,42,Streaming,Paid Social,Mobile,29,Month-to-month,Plus,4,True
CX02504,30,Streaming,Influencer,Mobile,17,Month-to-month,Standard,3,False
CX02505,30,Gaming,Organic Search,Desktop,5,Month-to-month,Standard,1,False
CX02506,34,Productivity,Influencer,Desktop,16,Annual,Plus,6,False
CX02507,42,Gaming,Organic Search,Mobile,22,Annual,Standard,4,False
CX02508,30,Fintech,Paid Social,Smart TV,14,Month-to-month,Basic,1,True
CX02509,29,Fintech,Organic Search,Tablet,6,Month-to-month,Premium,4,False
CX02510,63,Streaming,Organic Search,Mobile,30,Annual,Plus,4,False
CX02511,48,Fintech,App Store,Desktop,15,Month-to-month,Standard,2,False
CX02512,52,Productivity,Influencer,Mobile,62,Two year,Standard,4,False
CX02513,25,Cloud Storage,Organic Search,Mobile,34,Annual,Plus,4,False
CX02514,18,Streaming,Organic Search,Smart TV,20,Annual,Plus,7,False
CX02515,40,Productivity,Organic Search,Mobile,31,Month-to-month,Plus,5,False
CX02516,27,Streaming,Paid Social,Mobile,2,Month-to-month,Standard,4,False
CX02517,55,Streaming,Referral,Mobile,12,Month-to-month,Standard,3,False
CX02518,30,Productivity,Influencer,Tablet,57,Two year,Standard,1,False
CX02519,47,Streaming,Referral,Smart TV,4,Month-to-month,Standard,2,False
CX02520,35,Streaming,Paid Social,Mobile,17,Annual,Premium,4,False
CX02521,41,Streaming,App Store,Desktop,23,Month-to-month,Premium,3,True
CX02522,26,Fitness,App Store,Mobile,4,Month-to-month,Basic,2,True
CX02523,18,Streaming,Paid Social,Smart TV,13,Month-to-month,Premium,3,False
CX02524,63,Productivity,App Store,Mobile,10,Annual,Premium,5,False
CX02525,29,Fintech,App Store,Mobile,41,Two year,Premium,6,False
CX02526,29,Cloud Storage,Paid Social,Mobile,32,Month-to-month,Basic,1,False
CX02527,53,Productivity,Organic Search,Mobile,24,Annual,Premium,1,False
CX02528,44,Gaming,App Store,Mobile,10,Month-to-month,Basic,2,True
CX02529,36,Cloud Storage,App Store,Mobile,4,Month-to-month,Standard,4,False
CX02530,31,Cloud Storage,Organic Search,Mobile,4,Month-to-month,Plus,5,False
CX02531,45,Productivity,Organic Search,Desktop,21,Month-to-month,Basic,1,False
CX02532,40,Gaming,Paid Social,Mobile,3,Month-to-month,Plus,7,False
CX02533,33,Streaming,Email Campaign,Mobile,11,Annual,Standard,5,False
CX02534,38,Fintech,App Store,Mobile,9,Month-to-month,Basic,2,False
CX02535,44,Fintech,Organic Search,Mobile,32,Annual,Plus,5,False
CX02536,42,Streaming,Organic Search,Desktop,32,Annual,Basic,1,False
CX02537,39,Productivity,Paid Social,Mobile,40,Month-to-month,Plus,3,False
CX02538,36,Cloud Storage,Paid Social,Mobile,19,Annual,Basic,3,False
CX02539,52,Productivity,Paid Social,Mobile,9,Month-to-month,Premium,4,False
CX02540,29,Fintech,Organic Search,Mobile,17,Two year,Plus,4,True
CX02541,48,Productivity,App Store,Desktop,21,Annual,Plus,5,False
CX02542,28,Streaming,Paid Social,Tablet,50,Annual,Basic,3,False
CX02543,52,Gaming,Organic Search,Mobile,6,Month-to-month,Standard,4,False
CX02544,51,News & Media,App Store,Smart TV,59,Annual,Standard,2,False
CX02545,31,News & Media,Referral,Mobile,17,Annual,Premium,2,False
CX02546,43,Streaming,Organic Search,Smart TV,8,Annual,Premium,3,False
CX02547,30,Cloud Storage,Referral,Tablet,6,Month-to-month,Basic,3,False
CX02548,37,News & Media,Email Campaign,Mobile,1,Month-to-month,Standard,3,False
CX02549,24,Gaming,Paid Social,Mobile,53,Annual,Premium,4,False
CX02550,45,Streaming,App Store,Mobile,4,Month-to-month,Standard,2,False
CX02551,56,Streaming,Paid Social,Smart TV,25,Month-to-month,Premium,4,False
CX02552,28,Streaming,Organic Search,Mobile,2,Month-to-month,Basic,2,False
CX02553,32,News & Media,Organic Search,Mobile,24,Month-to-month,Basic,2,True
CX02554,34,Cloud Storage,Referral,Mobile,24,Month-to-month,Standard,2,False
CX02555,25,Fintech,Organic Search,Mobile,14,Annual,Basic,2,True
CX02556,29,Streaming,App Store,Desktop,26,Month-to-month,Basic,1,False
CX02557,44,News & Media,Referral,Mobile,7,Month-to-month,Premium,2,True
CX02558,55,News & Media,Influencer,Mobile,26,Two year,Standard,3,False
CX02559,18,Streaming,App Store,Tablet,13,Annual,Basic,4,False
CX02560,18,Fitness,Paid Social,Mobile,5,Annual,Basic,2,True
CX02561,32,Productivity,App Store,Mobile,14,Annual,Standard,2,False
CX02562,21,Streaming,Paid Social,Desktop,14,Month-to-month,Basic,2,True
CX02563,36,Streaming,Referral,Mobile,9,Annual,Basic,1,True
CX02564,42,News & Media,Paid Social,Mobile,33,Annual,Basic,4,False
CX02565,18,Fintech,Referral,Mobile,18,Month-to-month,Standard,5,True
CX02566,44,Cloud Storage,Paid Social,Mobile,13,Month-to-month,Basic,3,False
CX02567,38,Cloud Storage,Paid Social,Mobile,25,Month-to-month,Standard,3,False
CX02568,40,Streaming,App Store,Mobile,16,Month-to-month,Standard,4,True
CX02569,28,Fitness,Email Campaign,Smart TV,4,Annual,Basic,1,False
CX02570,18,Fintech,App Store,Mobile,18,Two year,Premium,4,False
CX02571,51,Fintech,Organic Search,Desktop,15,Two year,Standard,3,True
CX02572,36,Cloud Storage,Paid Social,Desktop,16,Annual,Premium,6,False
CX02573,49,Streaming,Organic Search,Mobile,15,Month-to-month,Basic,2,False
CX02574,41,Fitness,Email Campaign,Mobile,18,Month-to-month,Plus,2,False
CX02575,48,Cloud Storage,Referral,Mobile,5,Month-to-month,Plus,6,False
CX02576,34,Streaming,App Store,Tablet,10,Month-to-month,Plus,3,False
CX02577,35,Productivity,Paid Social,Desktop,4,Month-to-month,Standard,2,False
CX02578,55,Fintech,App Store,Mobile,32,Annual,Standard,1,False
CX02579,37,Fintech,Organic Search,Mobile,3,Month-to-month,Plus,7,False
CX02580,40,Cloud Storage,Organic Search,Mobile,27,Annual,Basic,2,False
CX02581,42,Cloud Storage,Referral,Mobile,9,Annual,Standard,3,False
CX02582,45,Fitness,Referral,Mobile,63,Month-to-month,Basic,2,False
CX02583,38,Gaming,Influencer,Tablet,22,Annual,Standard,1,False
CX02584,31,Streaming,Paid Social,Mobile,25,Annual,Plus,7,False
CX02585,21,Streaming,Organic Search,Tablet,2,Month-to-month,Standard,2,False
CX02586,65,Productivity,Influencer,Mobile,1,Month-to-month,Basic,2,False
CX02587,30,Productivity,App Store,Mobile,17,Month-to-month,Plus,5,False
CX02588,40,Fintech,Influencer,Mobile,31,Two year,Plus,8,False
CX02589,37,News & Media,Organic Search,Mobile,20,Month-to-month,Standard,3,False
CX02590,41,Productivity,Organic Search,Mobile,7,Month-to-month,Plus,6,True
CX02591,36,Productivity,Paid Social,Desktop,9,Month-to-month,Standard,3,True
CX02592,19,Cloud Storage,Paid Social,Mobile,9,Month-to-month,Plus,2,False
CX02593,31,Streaming,Paid Social,Mobile,28,Annual,Standard,2,False
CX02594,31,Fintech,Referral,Desktop,4,Month-to-month,Premium,3,True
CX02595,57,Productivity,Referral,Mobile,18,Annual,Basic,2,False
CX02596,37,Gaming,Organic Search,Mobile,53,Two year,Standard,1,False
CX02597,44,Fitness,Influencer,Smart TV,12,Month-to-month,Plus,3,False
CX02598,26,Streaming,App Store,Desktop,25,Month-to-month,Basic,4,False
CX02599,41,Fintech,App Store,Mobile,12,Month-to-month,Basic,2,False
CX02600,40,Streaming,Paid Social,Mobile,17,Month-to-month,Basic,1,True
CX02601,25,Streaming,Organic Search,Mobile,8,Month-to-month,Basic,2,False
CX02602,51,Productivity,Paid Social,Mobile,14,Annual,Basic,1,False
CX02603,18,Streaming,Influencer,Mobile,66,Month-to-month,Basic,2,True
CX02604,18,Cloud Storage,Organic Search,Desktop,44,Annual,Premium,4,True
CX02605,34,Fitness,Organic Search,Desktop,57,Annual,Basic,1,False
CX02606,31,Productivity,Organic Search,Mobile,8,Annual,Standard,2,False
CX02607,45,Cloud Storage,App Store,Desktop,15,Month-to-month,Basic,2,True
CX02608,35,Cloud Storage,App Store,Tablet,8,Annual,Standard,2,False
CX02609,23,Fintech,App Store,Mobile,28,Month-to-month,Standard,4,True
CX02610,40,News & Media,Referral,Desktop,13,Month-to-month,Standard,3,False
CX02611,44,Fintech,Referral,Mobile,24,Month-to-month,Standard,4,True
CX02612,41,Fintech,App Store,Tablet,7,Month-to-month,Basic,1,False
CX02613,39,Streaming,App Store,Mobile,24,Two year,Plus,6,False
CX02614,29,Cloud Storage,Organic Search,Desktop,28,Month-to-month,Plus,8,False
CX02615,26,Streaming,Organic Search,Mobile,23,Month-to-month,Basic,4,False
CX02616,43,Streaming,Organic Search,Desktop,15,Month-to-month,Basic,1,False
CX02617,38,Productivity,Organic Search,Smart TV,1,Month-to-month,Standard,3,False
CX02618,44,Streaming,Organic Search,Mobile,8,Month-to-month,Premium,3,False
CX02619,40,Fintech,App Store,Tablet,16,Month-to-month,Basic,3,False
CX02620,41,Productivity,Organic Search,Mobile,75,Annual,Standard,2,False
CX02621,47,News & Media,App Store,Mobile,4,Month-to-month,Standard,1,False
CX02622,36,Productivity,Paid Social,Mobile,26,Month-to-month,Plus,6,False
CX02623,49,Fitness,Paid Social,Desktop,15,Month-to-month,Basic,4,False
CX02624,22,Cloud Storage,Organic Search,Smart TV,22,Month-to-month,Standard,2,True
CX02625,46,Fintech,Referral,Smart TV,21,Month-to-month,Premium,6,False
CX02626,38,Cloud Storage,Influencer,Desktop,18,Month-to-month,Basic,3,False
CX02627,27,Cloud Storage,App Store,Mobile,25,Month-to-month,Plus,3,False
CX02628,58,Productivity,Paid Social,Mobile,16,Month-to-month,Basic,2,False
CX02629,41,Streaming,Organic Search,Mobile,7,Month-to-month,Plus,6,False
CX02630,28,Gaming,Organic Search,Desktop,7,Month-to-month,Basic,2,False
CX02631,39,Fitness,Referral,Mobile,24,Annual,Plus,8,True
CX02632,53,News & Media,Paid Social,Smart TV,21,Two year,Basic,1,False
CX02633,51,News & Media,Influencer,Smart TV,10,Month-to-month,Basic,3,False
CX02634,29,Fitness,Referral,Mobile,7,Month-to-month,Plus,5,True
CX02635,40,Gaming,Referral,Tablet,5,Month-to-month,Basic,1,False
CX02636,32,Streaming,Paid Social,Desktop,4,Month-to-month,Standard,3,False
CX02637,28,Gaming,Organic Search,Tablet,35,Two year,Basic,2,True
CX02638,26,Gaming,Referral,Mobile,8,Month-to-month,Premium,7,False
CX02639,37,Productivity,App Store,Mobile,3,Month-to-month,Premium,3,False
CX02640,27,Productivity,Paid Social,Desktop,34,Two year,Basic,2,False
CX02641,29,Streaming,Organic Search,Mobile,14,Annual,Basic,1,True
CX02642,39,Streaming,Paid Social,Desktop,18,Annual,Plus,5,False
CX02643,41,Fintech,Influencer,Mobile,9,Month-to-month,Standard,4,False
CX02644,47,Productivity,Organic Search,Tablet,19,Month-to-month,Standard,5,True
CX02645,52,Productivity,App Store,Desktop,30,Annual,Basic,1,False
CX02646,56,Cloud Storage,Influencer,Mobile,30,Month-to-month,Standard,2,False
CX02647,21,Cloud Storage,Email Campaign,Tablet,11,Month-to-month,Premium,4,False
CX02648,18,News & Media,Paid Social,Mobile,2,Month-to-month,Basic,2,False
CX02649,31,Streaming,Organic Search,Desktop,8,Month-to-month,Standard,7,False
CX02650,24,Fintech,Paid Social,Mobile,37,Annual,Basic,1,False
CX02651,18,Fintech,App Store,Mobile,2,Annual,Standard,4,False
CX02652,27,Gaming,Referral,Smart TV,2,Month-to-month,Basic,2,False
CX02653,24,Fitness,Email Campaign,Smart TV,16,Annual,Plus,4,True
CX02654,32,Fintech,App Store,Tablet,5,Month-to-month,Premium,5,False
CX02655,32,Fintech,Influencer,Desktop,5,Month-to-month,Plus,7,False
CX02656,32,Fitness,App Store,Tablet,13,Annual,Basic,2,False
CX02657,40,Fintech,Influencer,Desktop,16,Month-to-month,Basic,2,True
CX02658,44,Fintech,App Store,Mobile,29,Annual,Basic,1,False
CX02659,45,Fitness,Referral,Tablet,33,Two year,Plus,4,True
CX02660,49,Streaming,App Store,Mobile,30,Annual,Basic,2,False
CX02661,34,Productivity,Influencer,Tablet,14,Annual,Standard,4,False
CX02662,38,Streaming,Paid Social,Smart TV,9,Month-to-month,Basic,3,True
CX02663,50,Gaming,Email Campaign,Desktop,4,Month-to-month,Basic,3,False
CX02664,44,News & Media,Paid Social,Mobile,7,Month-to-month,Standard,2,False
CX02665,35,Streaming,Paid Social,Mobile,23,Annual,Standard,2,True
CX02666,47,Streaming,Paid Social,Mobile,31,Month-to-month,Basic,2,True
CX02667,49,Streaming,Paid Social,Smart TV,15,Month-to-month,Basic,2,False
CX02668,51,Streaming,Email Campaign,Mobile,28,Two year,Standard,4,True
CX02669,53,Productivity,App Store,Mobile,1,Month-to-month,Basic,3,False
CX02670,36,Fintech,Organic Search,Desktop,52,Month-to-month,Standard,5,False
CX02671,31,Gaming,App Store,Desktop,20,Month-to-month,Basic,2,False
CX02672,18,Fintech,App Store,Desktop,10,Annual,Standard,2,True
CX02673,47,Streaming,Organic Search,Desktop,2,Month-to-month,Plus,2,False
CX02674,43,Fintech,Influencer,Desktop,18,Annual,Standard,3,True
CX02675,44,News & Media,Organic Search,Tablet,16,Month-to-month,Standard,1,False
CX02676,53,Productivity,Influencer,Mobile,42,Two year,Standard,3,False
CX02677,42,Streaming,Organic Search,Mobile,24,Month-to-month,Standard,4,False
CX02678,27,Streaming,App Store,Mobile,8,Month-to-month,Basic,3,True
CX02679,54,Streaming,Paid Social,Mobile,23,Annual,Standard,3,False
CX02680,41,Streaming,App Store,Mobile,73,Two year,Standard,1,False
CX02681,49,Streaming,Organic Search,Desktop,12,Month-to-month,Plus,4,True
CX02682,49,Fitness,Organic Search,Mobile,12,Month-to-month,Standard,1,False
CX02683,49,Streaming,Paid Social,Desktop,16,Month-to-month,Basic,2,False
CX02684,41,Fitness,Paid Social,Mobile,69,Two year,Premium,7,False
CX02685,50,Gaming,Influencer,Mobile,21,Month-to-month,Plus,6,False
CX02686,38,Streaming,App Store,Mobile,34,Annual,Premium,2,True
CX02687,45,Productivity,App Store,Tablet,9,Two year,Standard,2,False
CX02688,22,Fintech,App Store,Smart TV,40,Annual,Standard,5,False
CX02689,42,Streaming,Email Campaign,Desktop,43,Annual,Basic,1,True
CX02690,45,Streaming,Paid Social,Mobile,2,Month-to-month,Standard,5,False
CX02691,37,Fintech,App Store,Mobile,2,Month-to-month,Premium,3,False
CX02692,18,Gaming,Organic Search,Desktop,15,Month-to-month,Standard,2,False
CX02693,30,News & Media,Organic Search,Mobile,18,Month-to-month,Standard,1,False
CX02694,23,Productivity,App Store,Tablet,22,Annual,Premium,4,False
CX02695,48,Streaming,App Store,Desktop,39,Annual,Standard,3,False
CX02696,38,Productivity,Referral,Tablet,53,Annual,Standard,3,False
CX02697,29,Streaming,Organic Search,Mobile,7,Annual,Premium,2,False
CX02698,35,Productivity,Organic Search,Mobile,56,Annual,Standard,1,False
CX02699,26,Productivity,Organic Search,Mobile,18,Month-to-month,Basic,1,False
CX02700,19,Productivity,Paid Social,Tablet,2,Month-to-month,Basic,2,False
CX02701,23,Productivity,Referral,Tablet,10,Two year,Basic,3,False
CX02702,43,Fintech,Organic Search,Desktop,3,Month-to-month,Basic,2,True
CX02703,29,Fintech,Organic Search,Desktop,4,Month-to-month,Basic,1,False
CX02704,40,Streaming,App Store,Tablet,2,Month-to-month,Basic,1,False
CX02705,32,Fitness,Organic Search,Desktop,2,Month-to-month,Basic,5,False
CX02706,28,Fintech,Organic Search,Smart TV,14,Month-to-month,Standard,2,False
CX02707,20,News & Media,Organic Search,Desktop,16,Annual,Plus,4,True
CX02708,49,Fintech,Organic Search,Mobile,20,Month-to-month,Basic,1,False
CX02709,21,News & Media,App Store,Smart TV,4,Month-to-month,Basic,2,True
CX02710,33,Fitness,Referral,Mobile,15,Month-to-month,Standard,1,True
CX02711,57,Productivity,Paid Social,Mobile,34,Month-to-month,Basic,2,False
CX02712,37,Fitness,Email Campaign,Desktop,10,Month-to-month,Basic,1,True
CX02713,42,Gaming,Influencer,Mobile,70,Two year,Basic,4,True
CX02714,38,News & Media,Email Campaign,Mobile,47,Month-to-month,Plus,4,False
CX02715,41,Streaming,App Store,Desktop,32,Annual,Standard,2,False
CX02716,46,Fintech,Influencer,Desktop,36,Two year,Basic,1,False
CX02717,36,Streaming,Organic Search,Desktop,20,Two year,Standard,2,False
CX02718,48,News & Media,Organic Search,Desktop,4,Month-to-month,Premium,5,True
CX02719,18,News & Media,Email Campaign,Mobile,17,Month-to-month,Premium,5,True
CX02720,33,Streaming,Paid Social,Desktop,9,Month-to-month,Plus,5,False
CX02721,31,Productivity,App Store,Tablet,19,Annual,Premium,6,False
CX02722,35,Fintech,App Store,Mobile,27,Month-to-month,Plus,3,False
CX02723,32,Productivity,Paid Social,Desktop,39,Annual,Plus,4,True
CX02724,27,Streaming,Paid Social,Mobile,19,Month-to-month,Premium,4,True
CX02725,33,Gaming,Organic Search,Desktop,20,Month-to-month,Plus,2,False
CX02726,30,News & Media,Paid Social,Smart TV,29,Annual,Basic,2,False
CX02727,44,Streaming,Organic Search,Mobile,46,Annual,Basic,4,False
CX02728,44,Streaming,Organic Search,Desktop,19,Month-to-month,Standard,4,True
CX02729,32,Fitness,Referral,Desktop,10,Month-to-month,Basic,2,False
CX02730,30,Fitness,Referral,Mobile,17,Month-to-month,Standard,3,False
CX02731,38,Fintech,Referral,Desktop,5,Month-to-month,Standard,3,False
CX02732,46,Productivity,Paid Social,Mobile,9,Month-to-month,Premium,4,False
CX02733,39,Streaming,Organic Search,Mobile,12,Annual,Standard,3,False
CX02734,33,Cloud Storage,Referral,Desktop,24,Month-to-month,Basic,3,False
CX02735,39,Gaming,Paid Social,Mobile,28,Annual,Plus,6,False
CX02736,26,Streaming,Paid Social,Mobile,27,Month-to-month,Standard,2,False
CX02737,49,News & Media,Organic Search,Tablet,23,Month-to-month,Standard,7,False
CX02738,28,Streaming,Paid Social,Mobile,18,Month-to-month,Basic,1,False
CX02739,48,Cloud Storage,Influencer,Smart TV,24,Month-to-month,Basic,2,False
CX02740,44,Cloud Storage,Organic Search,Desktop,17,Annual,Basic,2,False
CX02741,42,Fintech,Paid Social,Mobile,2,Month-to-month,Standard,2,True
CX02742,46,Cloud Storage,Organic Search,Mobile,28,Two year,Standard,3,True
CX02743,23,Fitness,Organic Search,Mobile,21,Annual,Basic,5,True
CX02744,52,Fintech,Paid Social,Mobile,7,Month-to-month,Plus,3,False
CX02745,48,Streaming,Paid Social,Smart TV,10,Month-to-month,Premium,6,True
CX02746,64,Streaming,Organic Search,Mobile,27,Month-to-month,Standard,2,False
CX02747,29,Cloud Storage,Referral,Mobile,14,Annual,Premium,4,True
CX02748,39,Productivity,Organic Search,Desktop,5,Month-to-month,Standard,3,True
CX02749,45,Gaming,Email Campaign,Mobile,2,Annual,Basic,2,False
CX02750,29,Fintech,App Store,Desktop,9,Month-to-month,Standard,3,False
CX02751,31,Cloud Storage,Paid Social,Tablet,55,Two year,Plus,8,False
CX02752,42,Streaming,App Store,Mobile,79,Two year,Basic,3,False
CX02753,51,Fintech,App Store,Mobile,54,Annual,Basic,1,False
CX02754,40,Streaming,App Store,Mobile,11,Month-to-month,Standard,5,False
CX02755,63,Fintech,Paid Social,Mobile,42,Month-to-month,Basic,1,False
CX02756,43,Productivity,Organic Search,Desktop,17,Month-to-month,Basic,3,False
CX02757,35,Gaming,Organic Search,Mobile,9,Month-to-month,Basic,1,False
CX02758,18,Fintech,Influencer,Desktop,4,Month-to-month,Standard,5,False
CX02759,38,Streaming,Paid Social,Mobile,19,Month-to-month,Standard,4,False
CX02760,23,Fintech,Paid Social,Desktop,9,Month-to-month,Standard,3,False
CX02761,48,Fintech,Referral,Mobile,61,Two year,Plus,3,False
CX02762,56,Fintech,Paid Social,Mobile,30,Annual,Standard,2,False
CX02763,43,Cloud Storage,Email Campaign,Desktop,14,Annual,Plus,3,False
CX02764,36,Cloud Storage,Organic Search,Mobile,4,Month-to-month,Plus,3,False
CX02765,28,Cloud Storage,App Store,Mobile,22,Month-to-month,Premium,6,False
CX02766,42,Productivity,Organic Search,Desktop,33,Two year,Standard,2,False
CX02767,41,Streaming,Referral,Mobile,35,Month-to-month,Standard,3,False
CX02768,46,News & Media,Paid Social,Desktop,22,Month-to-month,Plus,6,False
CX02769,35,Gaming,Paid Social,Desktop,18,Month-to-month,Standard,3,False
CX02770,18,Fitness,Paid Social,Mobile,34,Month-to-month,Standard,2,False
CX02771,31,News & Media,Influencer,Mobile,19,Two year,Premium,5,False
CX02772,45,Streaming,App Store,Mobile,27,Two year,Plus,3,True
CX02773,43,Cloud Storage,Referral,Desktop,21,Month-to-month,Standard,2,False
CX02774,22,News & Media,Influencer,Mobile,14,Annual,Standard,2,True
CX02775,57,Streaming,Referral,Mobile,3,Month-to-month,Plus,2,False
CX02776,45,Streaming,Paid Social,Mobile,42,Annual,Plus,3,False
CX02777,27,Productivity,Paid Social,Desktop,54,Two year,Basic,2,True
CX02778,40,Fitness,Paid Social,Desktop,6,Annual,Premium,8,False
CX02779,30,News & Media,Organic Search,Tablet,7,Month-to-month,Plus,4,False
CX02780,43,Productivity,Organic Search,Mobile,3,Month-to-month,Premium,8,True
CX02781,57,Cloud Storage,Email Campaign,Mobile,15,Two year,Basic,1,True
CX02782,52,Cloud Storage,Paid Social,Desktop,14,Two year,Standard,5,False
CX02783,46,Streaming,Referral,Mobile,49,Annual,Basic,1,False
CX02784,44,News & Media,Referral,Desktop,77,Two year,Plus,5,True
CX02785,52,Fintech,Paid Social,Desktop,39,Month-to-month,Standard,2,True
CX02786,36,Productivity,Referral,Desktop,15,Month-to-month,Standard,4,False
CX02787,33,Fintech,Organic Search,Tablet,33,Two year,Basic,3,False
CX02788,36,Fitness,App Store,Smart TV,15,Month-to-month,Standard,1,True
CX02789,30,Gaming,App Store,Mobile,32,Month-to-month,Basic,1,True
CX02790,39,News & Media,Organic Search,Mobile,9,Month-to-month,Basic,1,False
CX02791,29,News & Media,Email Campaign,Mobile,6,Month-to-month,Basic,1,False
CX02792,32,Streaming,App Store,Desktop,23,Month-to-month,Plus,5,False
CX02793,44,Fitness,Referral,Mobile,17,Annual,Basic,2,False
CX02794,45,Fintech,Referral,Desktop,38,Annual,Premium,5,False
CX02795,31,Cloud Storage,Email Campaign,Mobile,17,Month-to-month,Premium,6,False
CX02796,34,Cloud Storage,Referral,Mobile,45,Month-to-month,Standard,6,False
CX02797,47,Streaming,Paid Social,Mobile,48,Annual,Plus,3,False
CX02798,42,Fintech,Referral,Mobile,28,Annual,Plus,2,False
CX02799,21,Productivity,Email Campaign,Tablet,9,Month-to-month,Plus,5,False
CX02800,25,Productivity,App Store,Mobile,16,Annual,Standard,2,False
CX02801,30,Fintech,App Store,Smart TV,45,Annual,Standard,3,True
CX02802,25,Streaming,App Store,Mobile,9,Month-to-month,Basic,1,False
CX02803,39,Productivity,Email Campaign,Tablet,15,Month-to-month,Premium,6,False
CX02804,58,Cloud Storage,Organic Search,Tablet,12,Month-to-month,Basic,1,False
CX02805,24,Fintech,Organic Search,Mobile,22,Month-to-month,Standard,5,False
CX02806,44,Fintech,Organic Search,Mobile,13,Month-to-month,Plus,4,False
CX02807,33,Streaming,Organic Search,Mobile,27,Annual,Basic,2,False
CX02808,50,Fintech,Organic Search,Desktop,3,Annual,Standard,2,False
CX02809,22,Streaming,Email Campaign,Desktop,80,Two year,Basic,3,True
CX02810,28,Cloud Storage,Organic Search,Mobile,67,Two year,Plus,3,False
CX02811,37,Gaming,Influencer,Desktop,10,Month-to-month,Basic,1,False
CX02812,45,Streaming,Organic Search,Tablet,33,Annual,Basic,3,True
CX02813,33,Cloud Storage,Email Campaign,Mobile,19,Month-to-month,Standard,1,False
CX02814,33,Streaming,Paid Social,Mobile,13,Month-to-month,Plus,2,False
CX02815,45,Fintech,Organic Search,Mobile,25,Month-to-month,Standard,3,False
CX02816,19,Productivity,Paid Social,Mobile,24,Month-to-month,Standard,3,False
CX02817,32,Productivity,Referral,Mobile,27,Annual,Standard,2,True
CX02818,40,Streaming,Paid Social,Desktop,20,Month-to-month,Standard,1,True
CX02819,38,Productivity,Organic Search,Mobile,7,Month-to-month,Standard,4,False
CX02820,37,Productivity,Influencer,Smart TV,18,Month-to-month,Premium,4,False
CX02821,38,Fitness,Influencer,Desktop,21,Two year,Basic,3,False
CX02822,41,Streaming,Organic Search,Tablet,40,Month-to-month,Premium,6,False
CX02823,23,News & Media,Organic Search,Mobile,37,Annual,Plus,4,False
CX02824,21,News & Media,Referral,Mobile,17,Annual,Basic,2,True
CX02825,36,Productivity,Organic Search,Mobile,2,Month-to-month,Basic,3,False
CX02826,25,Fintech,Organic Search,Desktop,13,Annual,Standard,2,False
CX02827,40,News & Media,Paid Social,Tablet,20,Month-to-month,Basic,1,False
CX02828,30,Fintech,Organic Search,Mobile,6,Annual,Basic,1,False
CX02829,19,Fintech,Influencer,Mobile,5,Month-to-month,Premium,6,True
CX02830,32,Fintech,Referral,Desktop,5,Month-to-month,Standard,4,False
CX02831,32,Cloud Storage,Referral,Mobile,12,Month-to-month,Plus,8,False
CX02832,34,Streaming,App Store,Mobile,12,Month-to-month,Basic,2,False
CX02833,51,Streaming,Organic Search,Mobile,25,Two year,Basic,1,False
CX02834,25,Fitness,App Store,Desktop,11,Annual,Plus,7,False
CX02835,37,Streaming,Email Campaign,Tablet,29,Annual,Basic,1,False
CX02836,29,Streaming,Influencer,Mobile,5,Month-to-month,Standard,3,False
CX02837,37,Streaming,App Store,Desktop,26,Annual,Plus,4,True
CX02838,51,Gaming,Paid Social,Desktop,40,Month-to-month,Premium,7,False
CX02839,61,Streaming,Organic Search,Mobile,8,Month-to-month,Standard,5,False
CX02840,30,Productivity,Organic Search,Desktop,63,Two year,Plus,3,False
CX02841,37,Cloud Storage,App Store,Desktop,19,Annual,Standard,6,True
CX02842,38,Streaming,Paid Social,Desktop,39,Month-to-month,Plus,3,False
CX02843,32,Fitness,Organic Search,Desktop,15,Annual,Plus,3,True
CX02844,32,Fintech,Paid Social,Smart TV,10,Month-to-month,Plus,1,False
CX02845,18,Fintech,Referral,Mobile,28,Annual,Basic,2,False
CX02846,35,Fitness,Organic Search,Desktop,3,Month-to-month,Standard,4,True
CX02847,51,Streaming,Referral,Mobile,20,Annual,Plus,5,True
CX02848,29,Cloud Storage,Organic Search,Smart TV,23,Two year,Basic,1,False
CX02849,38,Fintech,Influencer,Mobile,24,Annual,Plus,4,False
CX02850,19,Gaming,Organic Search,Mobile,4,Month-to-month,Standard,2,True
CX02851,38,Gaming,Influencer,Mobile,11,Month-to-month,Standard,3,False
CX02852,47,Fitness,App Store,Desktop,16,Month-to-month,Plus,3,False
CX02853,43,Fintech,Paid Social,Desktop,65,Month-to-month,Premium,6,False
CX02854,33,Productivity,App Store,Desktop,1,Month-to-month,Standard,2,True
CX02855,25,Streaming,Paid Social,Mobile,16,Annual,Basic,1,False
CX02856,37,Cloud Storage,Organic Search,Smart TV,38,Month-to-month,Basic,3,False
CX02857,43,Gaming,App Store,Desktop,38,Month-to-month,Basic,1,False
CX02858,31,Productivity,Paid Social,Tablet,25,Two year,Basic,5,False
CX02859,32,Productivity,Organic Search,Mobile,6,Month-to-month,Basic,3,False
CX02860,51,Fitness,Referral,Mobile,47,Two year,Plus,6,True
CX02861,49,News & Media,Organic Search,Mobile,5,Month-to-month,Standard,2,False
CX02862,34,Cloud Storage,Organic Search,Mobile,48,Month-to-month,Basic,2,False
CX02863,44,Streaming,Paid Social,Desktop,31,Month-to-month,Standard,3,True
CX02864,26,Productivity,App Store,Mobile,15,Annual,Standard,4,True
CX02865,53,Streaming,App Store,Tablet,27,Two year,Standard,3,False
CX02866,27,Cloud Storage,Organic Search,Mobile,47,Month-to-month,Standard,3,False
CX02867,20,Gaming,Organic Search,Desktop,57,Annual,Premium,2,False
CX02868,41,Productivity,App Store,Mobile,11,Month-to-month,Standard,2,False
CX02869,18,Cloud Storage,Referral,Mobile,23,Month-to-month,Basic,2,False
CX02870,49,Fitness,Organic Search,Mobile,34,Month-to-month,Standard,3,False
CX02871,47,Cloud Storage,Email Campaign,Mobile,4,Month-to-month,Basic,2,False
CX02872,31,Fintech,Organic Search,Desktop,1,Month-to-month,Premium,4,False
CX02873,35,Fintech,Organic Search,Desktop,8,Month-to-month,Plus,4,True
CX02874,45,Productivity,Referral,Desktop,25,Annual,Plus,2,True
CX02875,49,Productivity,Email Campaign,Mobile,32,Month-to-month,Plus,1,False
CX02876,45,Cloud Storage,Organic Search,Mobile,6,Month-to-month,Premium,5,True
CX02877,42,Streaming,Organic Search,Desktop,6,Month-to-month,Plus,4,False
CX02878,18,Cloud Storage,Referral,Tablet,10,Two year,Basic,2,False
CX02879,41,Streaming,Referral,Desktop,28,Month-to-month,Plus,2,False
CX02880,36,Cloud Storage,Organic Search,Smart TV,28,Month-to-month,Premium,6,False
CX02881,30,Streaming,Organic Search,Mobile,16,Month-to-month,Plus,6,False
CX02882,53,Streaming,App Store,Mobile,56,Annual,Standard,3,True
CX02883,32,News & Media,Organic Search,Desktop,18,Month-to-month,Standard,1,False
CX02884,33,News & Media,Paid Social,Mobile,15,Annual,Standard,3,False
CX02885,42,Gaming,Email Campaign,Desktop,30,Annual,Basic,3,True
CX02886,33,Streaming,Paid Social,Mobile,17,Month-to-month,Standard,3,False
CX02887,33,Fintech,Paid Social,Mobile,22,Annual,Premium,2,True
CX02888,44,Fintech,App Store,Mobile,48,Two year,Standard,4,False
CX02889,33,Streaming,Organic Search,Desktop,1,Month-to-month,Plus,4,False
CX02890,49,Fitness,App Store,Mobile,13,Month-to-month,Plus,3,False
CX02891,48,Productivity,Referral,Smart TV,30,Month-to-month,Premium,3,False
CX02892,18,Cloud Storage,Paid Social,Smart TV,7,Month-to-month,Standard,3,True
CX02893,41,Productivity,Organic Search,Tablet,34,Two year,Standard,3,False
CX02894,27,News & Media,Referral,Mobile,27,Two year,Plus,4,False
CX02895,39,Fitness,Email Campaign,Smart TV,13,Month-to-month,Basic,2,False
CX02896,34,Streaming,Organic Search,Desktop,19,Annual,Plus,2,False
CX02897,45,Fintech,Organic Search,Mobile,29,Month-to-month,Basic,2,False
CX02898,43,Streaming,Paid Social,Desktop,19,Annual,Standard,2,False
CX02899,27,Streaming,Paid Social,Desktop,35,Month-to-month,Basic,2,False
CX02900,23,Streaming,Referral,Mobile,15,Month-to-month,Standard,2,True
CX02901,36,Cloud Storage,Paid Social,Desktop,49,Two year,Premium,6,False
CX02902,54,Productivity,Referral,Mobile,10,Month-to-month,Plus,4,False
CX02903,42,Streaming,Organic Search,Desktop,45,Annual,Basic,1,False
CX02904,27,Streaming,Paid Social,Desktop,4,Month-to-month,Standard,3,False
CX02905,26,Cloud Storage,Email Campaign,Desktop,19,Annual,Basic,2,True
CX02906,52,Cloud Storage,Influencer,Mobile,4,Month-to-month,Basic,1,False
CX02907,18,Productivity,Referral,Mobile,36,Month-to-month,Plus,4,False
CX02908,24,News & Media,Email Campaign,Mobile,23,Month-to-month,Basic,1,False
CX02909,41,Cloud Storage,Organic Search,Tablet,12,Annual,Standard,3,True
CX02910,24,Productivity,App Store,Smart TV,21,Month-to-month,Premium,3,False
CX02911,35,Streaming,Email Campaign,Mobile,7,Month-to-month,Standard,5,False
CX02912,23,Fintech,Organic Search,Desktop,11,Annual,Basic,2,False
CX02913,49,Fitness,Organic Search,Desktop,21,Annual,Basic,1,False
CX02914,53,Cloud Storage,Referral,Desktop,5,Month-to-month,Basic,1,False
CX02915,23,Fitness,Organic Search,Tablet,39,Annual,Standard,4,False
CX02916,19,Cloud Storage,Organic Search,Mobile,2,Month-to-month,Standard,3,False
CX02917,33,Gaming,Email Campaign,Desktop,13,Two year,Standard,5,False
CX02918,26,Streaming,Organic Search,Desktop,45,Two year,Standard,2,True
CX02919,34,Fintech,Referral,Mobile,16,Month-to-month,Basic,1,False
CX02920,42,Fintech,Organic Search,Mobile,32,Annual,Plus,2,False
CX02921,39,News & Media,Paid Social,Desktop,11,Month-to-month,Standard,3,True
CX02922,58,Cloud Storage,App Store,Mobile,5,Month-to-month,Plus,3,False
CX02923,50,Productivity,Paid Social,Mobile,24,Annual,Premium,8,False
CX02924,63,Streaming,Referral,Desktop,24,Annual,Basic,3,True
CX02925,51,Streaming,Paid Social,Desktop,14,Month-to-month,Basic,1,True
CX02926,38,News & Media,App Store,Mobile,21,Annual,Plus,5,False
CX02927,38,Productivity,Paid Social,Mobile,51,Two year,Standard,4,True
CX02928,47,News & Media,Organic Search,Mobile,64,Month-to-month,Standard,5,False
CX02929,27,Fintech,Organic Search,Mobile,5,Month-to-month,Standard,3,False
CX02930,42,Fitness,Referral,Tablet,8,Month-to-month,Basic,2,False
CX02931,53,Productivity,Paid Social,Desktop,13,Annual,Plus,5,True
CX02932,53,Streaming,Paid Social,Desktop,14,Month-to-month,Basic,2,False
CX02933,23,Cloud Storage,Influencer,Desktop,15,Annual,Standard,5,True
CX02934,26,Fintech,Influencer,Mobile,9,Month-to-month,Plus,2,False
CX02935,18,Fitness,Paid Social,Mobile,10,Month-to-month,Standard,1,False
CX02936,41,Cloud Storage,Paid Social,Desktop,56,Two year,Standard,3,False
CX02937,49,Streaming,Paid Social,Desktop,36,Annual,Plus,1,False
CX02938,21,Streaming,App Store,Desktop,16,Month-to-month,Basic,3,False
CX02939,54,Fintech,Paid Social,Smart TV,8,Month-to-month,Plus,3,True
CX02940,38,Streaming,Paid Social,Smart TV,21,Annual,Premium,6,False
CX02941,26,Productivity,Referral,Mobile,37,Annual,Premium,5,False
CX02942,30,Streaming,Paid Social,Mobile,11,Annual,Standard,6,False
CX02943,22,Productivity,Referral,Mobile,8,Annual,Standard,4,False
CX02944,27,Productivity,App Store,Mobile,3,Month-to-month,Standard,5,False
CX02945,37,Streaming,App Store,Mobile,43,Month-to-month,Basic,3,False
CX02946,28,Cloud Storage,App Store,Mobile,28,Month-to-month,Standard,2,False
CX02947,28,Fintech,Referral,Mobile,21,Month-to-month,Basic,1,True
CX02948,25,Fintech,Organic Search,Mobile,6,Month-to-month,Basic,1,False
CX02949,36,Productivity,Organic Search,Desktop,32,Annual,Premium,4,False
CX02950,58,Fintech,Paid Social,Mobile,23,Two year,Premium,5,False
CX02951,36,Streaming,Referral,Desktop,24,Two year,Premium,4,True
CX02952,39,Streaming,App Store,Mobile,5,Month-to-month,Plus,8,False
CX02953,18,Streaming,Paid Social,Desktop,6,Annual,Standard,1,False
CX02954,33,Productivity,Organic Search,Smart TV,26,Month-to-month,Basic,3,False
CX02955,18,Productivity,Paid Social,Mobile,27,Two year,Standard,2,False
CX02956,18,Productivity,App Store,Mobile,9,Month-to-month,Plus,6,False
CX02957,45,Cloud Storage,App Store,Mobile,45,Month-to-month,Premium,4,False
CX02958,51,Cloud Storage,Influencer,Smart TV,11,Month-to-month,Standard,4,True
CX02959,23,Cloud Storage,App Store,Mobile,16,Month-to-month,Basic,2,False
CX02960,43,Gaming,Paid Social,Desktop,20,Two year,Plus,3,False
CX02961,22,Fintech,App Store,Smart TV,36,Two year,Standard,3,False
CX02962,41,Cloud Storage,Paid Social,Mobile,18,Month-to-month,Basic,1,False
CX02963,28,Productivity,Organic Search,Mobile,13,Month-to-month,Standard,6,True
CX02964,31,Streaming,App Store,Mobile,17,Annual,Plus,4,True
CX02965,42,Streaming,App Store,Mobile,32,Annual,Premium,2,False
CX02966,28,Streaming,Referral,Desktop,33,Two year,Standard,5,False
CX02967,32,Fitness,Paid Social,Desktop,15,Annual,Standard,4,False
CX02968,34,Productivity,Paid Social,Desktop,34,Two year,Plus,5,False
CX02969,39,News & Media,Influencer,Mobile,30,Annual,Standard,4,False
CX02970,39,Gaming,Organic Search,Mobile,3,Month-to-month,Standard,3,False
CX02971,46,Cloud Storage,App Store,Mobile,18,Two year,Premium,1,True
CX02972,18,Streaming,Email Campaign,Mobile,10,Month-to-month,Basic,1,True
CX02973,41,Cloud Storage,Paid Social,Mobile,17,Month-to-month,Plus,3,False
CX02974,23,Streaming,Organic Search,Mobile,44,Annual,Plus,4,False
CX02975,51,Streaming,App Store,Mobile,26,Annual,Standard,3,True
CX02976,29,Fintech,Organic Search,Smart TV,13,Annual,Standard,3,True
CX02977,29,Fintech,Paid Social,Mobile,33,Annual,Standard,2,True
CX02978,18,Fintech,Paid Social,Mobile,27,Month-to-month,Basic,2,False
CX02979,25,Fintech,Organic Search,Smart TV,21,Annual,Premium,3,True
CX02980,35,Cloud Storage,Paid Social,Desktop,5,Annual,Plus,2,False
CX02981,19,Fitness,Paid Social,Desktop,7,Month-to-month,Basic,2,False
CX02982,29,Streaming,Organic Search,Mobile,14,Annual,Basic,2,True
CX02983,18,Fitness,Organic Search,Smart TV,3,Month-to-month,Plus,2,False
CX02984,47,Cloud Storage,App Store,Tablet,5,Month-to-month,Basic,2,False
CX02985,43,Streaming,Organic Search,Desktop,18,Month-to-month,Standard,2,True
CX02986,18,Streaming,Paid Social,Tablet,21,Month-to-month,Plus,5,False
CX02987,40,Fintech,App Store,Desktop,28,Month-to-month,Standard,4,True
CX02988,23,Gaming,Paid Social,Desktop,3,Month-to-month,Basic,1,False
CX02989,48,Cloud Storage,Referral,Mobile,20,Annual,Basic,1,False
CX02990,54,Productivity,Organic Search,Smart TV,9,Month-to-month,Basic,1,True
CX02991,41,News & Media,Referral,Mobile,21,Month-to-month,Basic,3,False
CX02992,56,Fitness,Email Campaign,Desktop,17,Month-to-month,Basic,1,False
CX02993,42,Fitness,Organic Search,Desktop,33,Annual,Premium,4,False
CX02994,39,Fitness,App Store,Desktop,22,Two year,Standard,4,False
CX02995,43,Cloud Storage,Influencer,Mobile,20,Month-to-month,Standard,5,False
CX02996,35,Gaming,Organic Search,Desktop,43,Two year,Standard,1,False
CX02997,34,Streaming,Influencer,Mobile,49,Annual,Basic,2,False
CX02998,21,Fintech,Paid Social,Mobile,24,Annual,Basic,3,False
CX02999,38,Fintech,App Store,Mobile,31,Month-to-month,Plus,2,False
CX03000,44,Productivity,Organic Search,Mobile,30,Two year,Plus,4,False
CX03001,25,Productivity,Organic Search,Mobile,8,Month-to-month,Standard,3,False
CX03002,39,Streaming,Organic Search,Tablet,16,Month-to-month,Premium,6,True
CX03003,34,Streaming,App Store,Mobile,50,Month-to-month,Plus,3,False
CX03004,30,Productivity,App Store,Mobile,6,Month-to-month,Plus,4,False
CX03005,48,Fintech,App Store,Mobile,18,Annual,Standard,1,False
CX03006,18,Cloud Storage,Influencer,Smart TV,9,Month-to-month,Standard,2,False
CX03007,33,News & Media,App Store,Mobile,26,Two year,Plus,7,False
CX03008,49,Fitness,Email Campaign,Mobile,41,Month-to-month,Basic,2,False
CX03009,51,Streaming,App Store,Smart TV,5,Month-to-month,Basic,2,True
CX03010,55,Fitness,Organic Search,Mobile,30,Month-to-month,Basic,2,False
CX03011,46,Fintech,Paid Social,Tablet,10,Month-to-month,Plus,5,False
CX03012,22,Productivity,Email Campaign,Tablet,12,Month-to-month,Standard,4,False
CX03013,42,Fitness,Paid Social,Tablet,26,Month-to-month,Standard,3,False
CX03014,49,Streaming,App Store,Desktop,18,Month-to-month,Plus,2,True
CX03015,25,Streaming,Organic Search,Mobile,2,Month-to-month,Standard,4,False
CX03016,35,Streaming,Organic Search,Desktop,18,Month-to-month,Plus,5,True
CX03017,34,Cloud Storage,Paid Social,Desktop,28,Month-to-month,Premium,5,False
CX03018,43,Productivity,Paid Social,Desktop,37,Annual,Standard,1,False
CX03019,27,Fitness,Email Campaign,Desktop,33,Annual,Plus,6,True
CX03020,24,Productivity,Influencer,Smart TV,7,Month-to-month,Premium,2,False
CX03021,38,Streaming,Organic Search,Mobile,17,Month-to-month,Standard,6,True
CX03022,32,Productivity,Organic Search,Mobile,6,Month-to-month,Standard,1,True
CX03023,44,Fintech,Paid Social,Smart TV,3,Month-to-month,Basic,1,True
CX03024,30,Streaming,Email Campaign,Desktop,24,Two year,Premium,4,True
CX03025,26,Productivity,Influencer,Tablet,11,Month-to-month,Plus,4,False
CX03026,26,Streaming,Email Campaign,Tablet,36,Annual,Basic,1,False
CX03027,23,Streaming,App Store,Mobile,31,Month-to-month,Standard,2,True
CX03028,51,Fintech,Organic Search,Tablet,19,Two year,Standard,1,False
CX03029,32,Fintech,Organic Search,Desktop,18,Two year,Premium,5,True
CX03030,24,Streaming,Paid Social,Mobile,17,Annual,Standard,3,True
CX03031,31,Cloud Storage,Paid Social,Mobile,64,Annual,Standard,4,True
CX03032,37,Productivity,Organic Search,Mobile,22,Two year,Standard,2,True
CX03033,34,Streaming,Paid Social,Mobile,31,Month-to-month,Plus,5,False
CX03034,32,News & Media,Paid Social,Mobile,20,Month-to-month,Premium,4,False
CX03035,42,Fitness,Influencer,Tablet,64,Two year,Basic,2,False
CX03036,54,Gaming,Paid Social,Mobile,18,Annual,Basic,2,False
CX03037,56,Streaming,Organic Search,Mobile,7,Two year,Plus,6,False
CX03038,23,Productivity,Referral,Tablet,27,Month-to-month,Plus,3,False
CX03039,40,Productivity,Influencer,Mobile,29,Annual,Standard,8,False
CX03040,37,Productivity,Influencer,Desktop,20,Annual,Plus,6,False
CX03041,42,Streaming,Organic Search,Mobile,18,Annual,Standard,6,False
CX03042,52,Gaming,Paid Social,Mobile,30,Two year,Standard,4,True
CX03043,20,Fintech,Paid Social,Mobile,47,Two year,Standard,3,False
CX03044,45,Fitness,Email Campaign,Mobile,7,Two year,Basic,2,False
CX03045,20,Streaming,Referral,Mobile,15,Month-to-month,Basic,2,False
CX03046,41,Gaming,Influencer,Desktop,2,Month-to-month,Premium,7,False
CX03047,35,Productivity,Referral,Mobile,12,Month-to-month,Standard,4,False
CX03048,41,Streaming,Paid Social,Desktop,7,Month-to-month,Standard,2,True
CX03049,45,Streaming,App Store,Desktop,10,Annual,Basic,1,True
CX03050,35,Cloud Storage,Organic Search,Mobile,4,Month-to-month,Standard,3,False
CX03051,21,Gaming,Organic Search,Mobile,19,Month-to-month,Standard,4,False
CX03052,26,Streaming,App Store,Mobile,28,Two year,Standard,3,False
CX03053,40,Gaming,Organic Search,Mobile,15,Month-to-month,Standard,5,False
CX03054,44,News & Media,Paid Social,Mobile,20,Two year,Basic,1,True
CX03055,45,Streaming,App Store,Desktop,15,Annual,Plus,3,True
CX03056,29,Fitness,Organic Search,Mobile,3,Month-to-month,Standard,6,False
CX03057,27,Fintech,Referral,Smart TV,21,Month-to-month,Plus,5,False
CX03058,35,Fitness,Paid Social,Desktop,47,Annual,Standard,1,False
CX03059,47,Fitness,Paid Social,Mobile,4,Month-to-month,Basic,2,True
CX03060,29,Cloud Storage,App Store,Smart TV,35,Two year,Basic,1,True
CX03061,24,Streaming,Organic Search,Desktop,16,Annual,Standard,3,False
CX03062,26,Fitness,App Store,Mobile,5,Month-to-month,Premium,7,False
CX03063,39,Gaming,Influencer,Desktop,39,Annual,Premium,3,True
CX03064,39,Cloud Storage,Referral,Mobile,4,Month-to-month,Plus,4,False
CX03065,33,Gaming,Email Campaign,Mobile,1,Month-to-month,Basic,3,False
CX03066,39,Fintech,Paid Social,Mobile,36,Annual,Standard,2,False
CX03067,18,Fitness,App Store,Desktop,23,Month-to-month,Basic,1,False
CX03068,32,Productivity,App Store,Mobile,5,Month-to-month,Premium,3,False
CX03069,46,Productivity,Organic Search,Mobile,38,Two year,Basic,1,True
CX03070,48,Gaming,Paid Social,Mobile,33,Month-to-month,Standard,4,False
CX03071,31,Streaming,Organic Search,Tablet,6,Month-to-month,Basic,2,False
CX03072,24,Streaming,Email Campaign,Mobile,10,Month-to-month,Basic,3,True
CX03073,46,Cloud Storage,Organic Search,Mobile,11,Month-to-month,Premium,8,False
CX03074,56,Streaming,App Store,Mobile,10,Month-to-month,Basic,2,False
CX03075,53,Fintech,Organic Search,Smart TV,50,Two year,Standard,5,False
CX03076,26,Fintech,Paid Social,Mobile,1,Month-to-month,Plus,5,True
CX03077,38,Streaming,App Store,Mobile,25,Month-to-month,Plus,4,False
CX03078,26,Cloud Storage,Referral,Desktop,8,Month-to-month,Basic,1,True
CX03079,38,Fintech,App Store,Mobile,22,Month-to-month,Plus,2,True
CX03080,23,Streaming,Influencer,Desktop,9,Month-to-month,Basic,1,False
CX03081,36,Fintech,Organic Search,Desktop,6,Month-to-month,Plus,2,False
CX03082,52,Cloud Storage,Paid Social,Smart TV,9,Annual,Basic,2,False
CX03083,50,Cloud Storage,Paid Social,Desktop,11,Two year,Standard,5,False
CX03084,26,Streaming,Referral,Mobile,17,Month-to-month,Plus,4,False
CX03085,41,Fitness,Paid Social,Mobile,10,Month-to-month,Premium,2,False
CX03086,45,Fitness,Organic Search,Mobile,24,Month-to-month,Standard,3,True
CX03087,62,Productivity,Email Campaign,Desktop,28,Annual,Premium,1,False
CX03088,40,Streaming,Organic Search,Mobile,29,Two year,Standard,4,False
CX03089,26,Fintech,Organic Search,Smart TV,8,Month-to-month,Standard,4,False
CX03090,30,Fintech,Paid Social,Tablet,12,Annual,Premium,3,False
CX03091,45,Productivity,Email Campaign,Desktop,26,Two year,Plus,2,False
CX03092,51,Streaming,Organic Search,Tablet,47,Annual,Basic,1,False
CX03093,18,Fitness,Referral,Tablet,8,Month-to-month,Plus,3,False
CX03094,32,Productivity,App Store,Smart TV,11,Month-to-month,Standard,3,False
CX03095,22,Fintech,Referral,Mobile,17,Month-to-month,Standard,2,False
CX03096,54,Streaming,Influencer,Mobile,26,Month-to-month,Premium,5,True
CX03097,46,Productivity,Paid Social,Desktop,40,Month-to-month,Standard,4,False
CX03098,40,Fintech,Paid Social,Mobile,3,Month-to-month,Plus,1,True
CX03099,47,Fitness,Organic Search,Desktop,6,Month-to-month,Standard,4,False
CX03100,55,Productivity,App Store,Mobile,2,Month-to-month,Basic,1,False
CX03101,35,Cloud Storage,Organic Search,Mobile,9,Annual,Standard,1,True
CX03102,38,Streaming,Referral,Mobile,31,Two year,Standard,3,False
CX03103,29,Streaming,App Store,Mobile,7,Annual,Basic,1,False
CX03104,75,Streaming,Referral,Mobile,15,Month-to-month,Plus,6,False
CX03105,64,Fintech,App Store,Mobile,8,Annual,Plus,7,True
CX03106,52,Gaming,Organic Search,Mobile,26,Month-to-month,Basic,2,False
CX03107,27,Productivity,Paid Social,Tablet,8,Month-to-month,Plus,5,False
CX03108,38,Fitness,Influencer,Mobile,22,Month-to-month,Standard,2,False
CX03109,43,Gaming,App Store,Mobile,4,Month-to-month,Standard,2,False
CX03110,39,Productivity,Organic Search,Mobile,23,Month-to-month,Standard,4,False
CX03111,35,Streaming,Referral,Mobile,30,Annual,Premium,6,False
CX03112,33,Fintech,Organic Search,Mobile,10,Annual,Basic,2,True
CX03113,30,Streaming,App Store,Mobile,29,Two year,Plus,4,False
CX03114,34,Productivity,App Store,Smart TV,8,Annual,Standard,3,False
CX03115,45,Cloud Storage,App Store,Mobile,21,Two year,Standard,5,False
CX03116,47,Productivity,Influencer,Tablet,17,Month-to-month,Basic,3,True
CX03117,54,Fintech,Paid Social,Desktop,13,Annual,Premium,4,True
CX03118,28,Streaming,Referral,Smart TV,20,Two year,Premium,4,False
CX03119,39,Fintech,Email Campaign,Tablet,40,Two year,Premium,8,False
CX03120,23,Cloud Storage,Email Campaign,Mobile,17,Month-to-month,Standard,3,False
CX03121,24,Cloud Storage,Referral,Mobile,10,Month-to-month,Plus,2,False
CX03122,26,Productivity,Referral,Mobile,14,Annual,Standard,2,False
CX03123,43,Fitness,Organic Search,Mobile,13,Month-to-month,Standard,6,False
CX03124,33,News & Media,App Store,Desktop,21,Month-to-month,Standard,1,False
CX03125,18,Productivity,Organic Search,Mobile,25,Two year,Plus,2,False
CX03126,47,Fitness,Referral,Desktop,9,Month-to-month,Premium,7,True
CX03127,58,Fintech,App Store,Tablet,15,Month-to-month,Plus,5,True
CX03128,31,Streaming,Organic Search,Mobile,20,Annual,Standard,3,False
CX03129,41,Streaming,Organic Search,Desktop,19,Annual,Premium,5,True
CX03130,41,Fintech,Email Campaign,Tablet,7,Month-to-month,Basic,1,True
CX03131,46,Productivity,App Store,Desktop,5,Annual,Basic,1,False
CX03132,28,Fitness,App Store,Mobile,14,Month-to-month,Basic,3,True
CX03133,18,Streaming,Paid Social,Mobile,41,Annual,Plus,6,False
CX03134,20,Fitness,Influencer,Desktop,6,Month-to-month,Standard,4,False
CX03135,50,Streaming,Paid Social,Mobile,12,Month-to-month,Basic,1,False
CX03136,49,Streaming,Email Campaign,Mobile,10,Month-to-month,Plus,6,False
CX03137,23,Fintech,Email Campaign,Mobile,21,Month-to-month,Standard,3,False
CX03138,19,Streaming,App Store,Mobile,4,Month-to-month,Basic,2,True
CX03139,41,Fitness,Email Campaign,Mobile,9,Month-to-month,Standard,4,False
CX03140,26,Cloud Storage,Paid Social,Mobile,14,Annual,Basic,5,False
CX03141,34,Productivity,Organic Search,Mobile,19,Annual,Basic,1,False
CX03142,47,Cloud Storage,Organic Search,Tablet,26,Month-to-month,Plus,4,False
CX03143,33,News & Media,Paid Social,Mobile,33,Annual,Premium,4,False
CX03144,43,Fintech,Organic Search,Mobile,8,Month-to-month,Standard,4,True
CX03145,23,Streaming,Referral,Mobile,23,Annual,Basic,3,True
CX03146,52,Productivity,Organic Search,Mobile,18,Annual,Basic,2,False
CX03147,21,Cloud Storage,App Store,Desktop,2,Month-to-month,Plus,4,True
CX03148,37,Cloud Storage,Paid Social,Tablet,20,Annual,Premium,5,False
CX03149,44,Gaming,Influencer,Tablet,35,Month-to-month,Standard,4,False
CX03150,18,Productivity,Organic Search,Tablet,35,Two year,Basic,1,False
CX03151,18,Gaming,Referral,Desktop,20,Two year,Basic,1,False
CX03152,43,Productivity,App Store,Mobile,13,Month-to-month,Standard,2,False
CX03153,31,Streaming,Email Campaign,Mobile,10,Annual,Standard,3,False
CX03154,60,News & Media,App Store,Mobile,58,Month-to-month,Standard,2,True
CX03155,22,Streaming,App Store,Mobile,10,Annual,Basic,2,False
CX03156,36,Streaming,Paid Social,Desktop,37,Two year,Plus,3,True
CX03157,28,Cloud Storage,Influencer,Desktop,22,Annual,Basic,2,False
CX03158,48,Gaming,Organic Search,Desktop,19,Month-to-month,Plus,7,False
CX03159,61,Fintech,App Store,Mobile,2,Month-to-month,Basic,3,False
CX03160,34,Fitness,Paid Social,Mobile,15,Two year,Basic,1,True
CX03161,23,News & Media,Paid Social,Tablet,19,Month-to-month,Basic,3,False
CX03162,46,Cloud Storage,Organic Search,Desktop,27,Month-to-month,Standard,4,True
CX03163,39,News & Media,Paid Social,Tablet,21,Month-to-month,Standard,3,True
CX03164,35,Productivity,Organic Search,Desktop,12,Annual,Plus,2,False
CX03165,39,Fintech,Referral,Mobile,9,Month-to-month,Basic,2,False
CX03166,34,Productivity,Referral,Mobile,15,Month-to-month,Premium,7,False
CX03167,39,Streaming,Organic Search,Mobile,24,Annual,Standard,1,False
CX03168,52,Cloud Storage,Organic Search,Mobile,22,Month-to-month,Plus,5,True
CX03169,42,News & Media,Organic Search,Desktop,3,Month-to-month,Basic,3,False
CX03170,57,Productivity,App Store,Mobile,24,Annual,Plus,3,True
CX03171,33,Productivity,Paid Social,Mobile,13,Month-to-month,Standard,4,False
CX03172,67,Streaming,Referral,Mobile,20,Month-to-month,Standard,1,False
CX03173,29,Streaming,Email Campaign,Mobile,14,Annual,Standard,2,False
CX03174,31,Cloud Storage,App Store,Mobile,21,Month-to-month,Premium,7,False
CX03175,45,Gaming,Influencer,Mobile,13,Month-to-month,Basic,2,False
CX03176,37,Streaming,Organic Search,Mobile,60,Two year,Plus,3,False
CX03177,37,Streaming,Email Campaign,Mobile,15,Annual,Basic,2,True
CX03178,36,Cloud Storage,Organic Search,Smart TV,8,Month-to-month,Basic,2,False
CX03179,27,Gaming,Paid Social,Smart TV,17,Month-to-month,Basic,2,False
CX03180,18,Streaming,Organic Search,Mobile,42,Annual,Standard,2,True
CX03181,45,News & Media,Influencer,Mobile,21,Annual,Basic,3,False
CX03182,27,Gaming,App Store,Tablet,3,Month-to-month,Premium,3,False
CX03183,35,Productivity,Referral,Desktop,20,Month-to-month,Premium,4,False
CX03184,45,Productivity,App Store,Tablet,1,Month-to-month,Plus,5,True
CX03185,30,Fintech,Referral,Mobile,32,Two year,Standard,5,True
CX03186,18,Fitness,Paid Social,Desktop,35,Annual,Basic,1,True
CX03187,50,Cloud Storage,Organic Search,Mobile,17,Two year,Premium,4,True
CX03188,34,Fitness,Organic Search,Mobile,17,Annual,Basic,2,False
CX03189,48,Productivity,App Store,Tablet,39,Annual,Premium,4,False
CX03190,68,Cloud Storage,Paid Social,Mobile,34,Two year,Premium,5,True
CX03191,32,Streaming,Referral,Tablet,41,Annual,Standard,2,False
CX03192,54,Streaming,Paid Social,Desktop,1,Month-to-month,Premium,7,False
CX03193,40,Streaming,Organic Search,Mobile,16,Month-to-month,Plus,3,False
CX03194,40,Streaming,App Store,Mobile,15,Annual,Basic,1,False
CX03195,40,Productivity,Influencer,Mobile,21,Two year,Basic,1,True
CX03196,35,Fintech,App Store,Tablet,5,Month-to-month,Plus,8,False
CX03197,43,Streaming,Referral,Tablet,9,Annual,Plus,3,False
CX03198,28,Fintech,Organic Search,Mobile,12,Month-to-month,Standard,2,False
CX03199,56,Productivity,Paid Social,Mobile,23,Annual,Basic,1,False
CX03200,36,Cloud Storage,Email Campaign,Mobile,5,Month-to-month,Plus,3,False
CX03201,37,Streaming,App Store,Tablet,6,Month-to-month,Basic,1,False
CX03202,22,Productivity,Paid Social,Desktop,39,Annual,Basic,2,True
CX03203,45,Productivity,Paid Social,Mobile,20,Annual,Premium,3,True
CX03204,43,Fitness,Organic Search,Desktop,17,Annual,Premium,3,False
CX03205,36,News & Media,Email Campaign,Mobile,38,Month-to-month,Standard,4,True
CX03206,27,Streaming,Paid Social,Mobile,28,Two year,Standard,2,False
CX03207,40,Streaming,App Store,Desktop,10,Month-to-month,Basic,2,False
CX03208,34,Fitness,Influencer,Tablet,10,Month-to-month,Basic,1,False
CX03209,26,Streaming,App Store,Mobile,2,Month-to-month,Plus,3,True
CX03210,36,Cloud Storage,Influencer,Mobile,16,Month-to-month,Plus,5,False
CX03211,47,Productivity,Email Campaign,Mobile,20,Annual,Premium,6,True
CX03212,36,Productivity,App Store,Mobile,42,Two year,Plus,3,True
CX03213,36,Gaming,Influencer,Mobile,10,Month-to-month,Basic,2,False
CX03214,32,Fintech,App Store,Tablet,10,Month-to-month,Basic,2,True
CX03215,20,Streaming,App Store,Mobile,67,Month-to-month,Premium,5,True
CX03216,47,Cloud Storage,Organic Search,Mobile,51,Annual,Plus,6,False
CX03217,34,Productivity,Organic Search,Mobile,19,Month-to-month,Basic,2,False
CX03218,53,Streaming,Referral,Mobile,38,Annual,Plus,5,True
CX03219,18,News & Media,Paid Social,Mobile,5,Month-to-month,Basic,4,False
CX03220,18,News & Media,App Store,Mobile,23,Annual,Premium,5,True
CX03221,18,Cloud Storage,App Store,Mobile,6,Annual,Basic,2,False
CX03222,18,Cloud Storage,Paid Social,Desktop,14,Month-to-month,Basic,2,False
CX03223,44,Cloud Storage,Organic Search,Mobile,10,Month-to-month,Standard,3,False
CX03224,46,Productivity,Organic Search,Mobile,26,Annual,Plus,2,True
CX03225,33,Streaming,Organic Search,Mobile,14,Annual,Premium,5,False
CX03226,67,Streaming,Paid Social,Mobile,4,Month-to-month,Basic,2,False
CX03227,52,Cloud Storage,Paid Social,Mobile,1,Month-to-month,Basic,1,False
CX03228,35,Fitness,Referral,Mobile,24,Annual,Standard,3,False
CX03229,28,Productivity,Email Campaign,Desktop,8,Month-to-month,Plus,3,False
CX03230,33,News & Media,Organic Search,Tablet,33,Annual,Plus,4,True
CX03231,45,Streaming,Referral,Mobile,19,Month-to-month,Premium,5,False
CX03232,43,Gaming,Paid Social,Mobile,8,Annual,Standard,3,False
CX03233,22,Cloud Storage,Organic Search,Smart TV,17,Two year,Standard,3,False
CX03234,40,Cloud Storage,Influencer,Mobile,15,Month-to-month,Basic,5,False
CX03235,29,Fintech,Organic Search,Desktop,29,Two year,Basic,1,False
CX03236,47,Fintech,Organic Search,Desktop,33,Two year,Basic,1,False
CX03237,18,Fintech,Email Campaign,Mobile,27,Month-to-month,Basic,2,True
CX03238,21,Fintech,Paid Social,Mobile,11,Month-to-month,Plus,4,False
CX03239,38,Fintech,Referral,Smart TV,31,Annual,Basic,2,True
CX03240,43,Fintech,Paid Social,Mobile,21,Annual,Plus,2,True
CX03241,50,Cloud Storage,Influencer,Smart TV,32,Month-to-month,Premium,4,False
CX03242,28,Streaming,Influencer,Mobile,24,Month-to-month,Standard,6,False
CX03243,27,News & Media,Organic Search,Desktop,14,Month-to-month,Plus,3,False
CX03244,43,Fintech,Organic Search,Desktop,4,Month-to-month,Basic,4,False
CX03245,47,Gaming,Paid Social,Mobile,24,Month-to-month,Premium,2,False
CX03246,52,News & Media,App Store,Desktop,6,Month-to-month,Basic,1,False
CX03247,29,Fintech,App Store,Desktop,11,Annual,Standard,3,False
CX03248,46,Cloud Storage,App Store,Mobile,9,Annual,Standard,5,False
CX03249,41,Fintech,Paid Social,Desktop,25,Month-to-month,Standard,2,False
CX03250,18,Streaming,App Store,Mobile,4,Annual,Basic,3,True
CX03251,48,Fintech,Referral,Mobile,22,Month-to-month,Basic,1,False
CX03252,46,Streaming,Influencer,Mobile,27,Month-to-month,Premium,5,False
CX03253,18,Fitness,Paid Social,Mobile,22,Month-to-month,Premium,3,False
CX03254,52,Fintech,Paid Social,Smart TV,23,Month-to-month,Plus,3,False
CX03255,35,Cloud Storage,Paid Social,Mobile,9,Month-to-month,Plus,3,False
CX03256,31,Fitness,Paid Social,Desktop,27,Annual,Premium,3,True
CX03257,39,Fintech,Organic Search,Desktop,5,Month-to-month,Basic,1,False
CX03258,30,Cloud Storage,Organic Search,Desktop,23,Month-to-month,Premium,6,True
CX03259,46,Productivity,App Store,Desktop,7,Annual,Basic,2,False
CX03260,18,Fintech,Organic Search,Mobile,24,Two year,Premium,6,False
CX03261,29,Fintech,Paid Social,Desktop,16,Month-to-month,Plus,5,False
CX03262,18,News & Media,App Store,Desktop,49,Annual,Plus,5,True
CX03263,43,Productivity,Organic Search,Mobile,23,Month-to-month,Basic,3,False
CX03264,46,Gaming,Referral,Desktop,10,Month-to-month,Plus,4,False
CX03265,38,Fintech,Paid Social,Mobile,43,Month-to-month,Basic,1,False
CX03266,43,Productivity,Paid Social,Mobile,22,Month-to-month,Basic,2,False
CX03267,32,Streaming,Paid Social,Mobile,63,Two year,Standard,3,False
CX03268,33,Fintech,Paid Social,Mobile,12,Month-to-month,Basic,1,False
CX03269,29,Cloud Storage,Influencer,Desktop,13,Month-to-month,Basic,1,False
CX03270,37,Productivity,App Store,Desktop,9,Annual,Plus,4,False
CX03271,31,Fintech,Email Campaign,Mobile,28,Annual,Basic,2,True
CX03272,41,Productivity,Paid Social,Desktop,47,Two year,Plus,3,False
CX03273,56,Productivity,Referral,Desktop,6,Month-to-month,Basic,1,True
CX03274,51,Productivity,Organic Search,Mobile,5,Month-to-month,Plus,6,False
CX03275,34,Fintech,Organic Search,Desktop,11,Month-to-month,Basic,5,True
CX03276,46,Streaming,Email Campaign,Desktop,16,Annual,Premium,6,True
CX03277,58,Streaming,Referral,Mobile,25,Annual,Basic,3,False
CX03278,54,Streaming,App Store,Desktop,10,Month-to-month,Basic,1,False
CX03279,32,Fintech,Organic Search,Mobile,9,Month-to-month,Plus,3,False
CX03280,20,Fintech,Email Campaign,Mobile,18,Month-to-month,Standard,4,False
CX03281,44,Streaming,App Store,Mobile,47,Two year,Premium,5,True
CX03282,34,Gaming,Referral,Tablet,7,Month-to-month,Standard,2,False
CX03283,33,Productivity,Paid Social,Desktop,5,Month-to-month,Standard,2,False
CX03284,49,Fitness,App Store,Mobile,37,Annual,Basic,1,False
CX03285,34,Fintech,Referral,Mobile,61,Annual,Standard,3,True
CX03286,40,News & Media,Organic Search,Smart TV,28,Annual,Premium,2,True
CX03287,37,Fitness,Email Campaign,Mobile,8,Annual,Plus,4,True
CX03288,28,Fintech,App Store,Mobile,4,Month-to-month,Plus,4,False
CX03289,42,Cloud Storage,Influencer,Desktop,22,Annual,Standard,5,False
CX03290,25,Streaming,Influencer,Mobile,2,Month-to-month,Standard,4,False
CX03291,36,Fitness,Referral,Mobile,3,Month-to-month,Basic,2,False
CX03292,40,Streaming,Email Campaign,Smart TV,32,Annual,Standard,3,False
CX03293,25,Fintech,Paid Social,Mobile,38,Annual,Standard,4,False
CX03294,36,Cloud Storage,Organic Search,Desktop,27,Two year,Plus,5,False
CX03295,32,Streaming,Paid Social,Mobile,14,Month-to-month,Standard,5,False
CX03296,19,Fitness,Referral,Mobile,24,Month-to-month,Standard,1,False
CX03297,42,Productivity,Referral,Desktop,52,Two year,Standard,3,True
CX03298,48,Streaming,Paid Social,Mobile,22,Two year,Premium,8,False
CX03299,38,Streaming,Organic Search,Mobile,2,Month-to-month,Basic,1,False
CX03300,29,Streaming,Email Campaign,Mobile,18,Month-to-month,Standard,5,False
CX03301,36,Fintech,App Store,Mobile,10,Month-to-month,Premium,3,False
CX03302,31,Streaming,Influencer,Mobile,52,Month-to-month,Standard,5,False
CX03303,46,Cloud Storage,Paid Social,Desktop,30,Month-to-month,Standard,2,False
CX03304,38,Fintech,App Store,Mobile,19,Month-to-month,Standard,3,False
CX03305,37,Gaming,Organic Search,Tablet,10,Month-to-month,Standard,4,False
CX03306,41,Gaming,App Store,Tablet,10,Month-to-month,Plus,4,False
CX03307,43,News & Media,Paid Social,Mobile,2,Month-to-month,Plus,5,False
CX03308,32,Streaming,Organic Search,Desktop,13,Month-to-month,Basic,2,False
CX03309,52,Streaming,Referral,Mobile,20,Month-to-month,Premium,3,True
CX03310,40,Fitness,Paid Social,Desktop,50,Two year,Basic,3,False
CX03311,44,Streaming,Influencer,Mobile,2,Month-to-month,Premium,4,False
CX03312,23,Productivity,Paid Social,Mobile,11,Month-to-month,Premium,3,False
CX03313,25,Streaming,Email Campaign,Desktop,15,Annual,Plus,4,False
CX03314,18,Productivity,Organic Search,Desktop,4,Month-to-month,Standard,4,False
CX03315,46,Streaming,Email Campaign,Mobile,52,Month-to-month,Premium,5,False
CX03316,39,Gaming,Paid Social,Mobile,24,Annual,Basic,1,False
CX03317,54,Productivity,Referral,Desktop,48,Two year,Premium,6,False
CX03318,42,Fitness,Email Campaign,Mobile,21,Month-to-month,Premium,4,True
CX03319,45,Fitness,Paid Social,Desktop,23,Two year,Standard,6,False
CX03320,34,Gaming,Organic Search,Mobile,7,Month-to-month,Plus,6,False
CX03321,32,Cloud Storage,Organic Search,Mobile,32,Annual,Basic,1,False
CX03322,29,Streaming,Paid Social,Mobile,52,Annual,Plus,8,False
CX03323,20,News & Media,Organic Search,Desktop,18,Month-to-month,Basic,2,False
CX03324,36,News & Media,App Store,Mobile,18,Month-to-month,Premium,2,False
CX03325,39,Cloud Storage,Influencer,Mobile,4,Month-to-month,Standard,2,False
CX03326,54,Fitness,Organic Search,Desktop,34,Month-to-month,Standard,1,False
CX03327,56,Streaming,Paid Social,Desktop,7,Month-to-month,Standard,5,False
CX03328,21,Fintech,Organic Search,Mobile,11,Month-to-month,Standard,1,True
CX03329,48,Fintech,Referral,Desktop,2,Month-to-month,Plus,3,True
CX03330,33,Streaming,App Store,Mobile,9,Month-to-month,Standard,2,True
CX03331,40,Cloud Storage,Referral,Desktop,26,Annual,Plus,5,False
CX03332,31,Streaming,Organic Search,Mobile,29,Month-to-month,Basic,3,False
CX03333,19,News & Media,App Store,Mobile,4,Month-to-month,Basic,3,False
CX03334,23,Streaming,Paid Social,Desktop,13,Month-to-month,Standard,2,False
CX03335,51,Productivity,Organic Search,Mobile,4,Month-to-month,Standard,3,True
CX03336,47,Streaming,App Store,Desktop,17,Annual,Standard,2,False
CX03337,53,Fitness,Organic Search,Desktop,34,Month-to-month,Basic,3,False
CX03338,47,Productivity,Referral,Mobile,4,Month-to-month,Plus,5,True
CX03339,21,Fintech,App Store,Mobile,43,Annual,Premium,2,True
CX03340,26,Gaming,App Store,Mobile,4,Annual,Basic,2,False
CX03341,23,News & Media,Paid Social,Mobile,6,Month-to-month,Basic,2,False
CX03342,33,Fitness,Organic Search,Mobile,59,Month-to-month,Standard,2,False
CX03343,18,Streaming,Influencer,Desktop,27,Month-to-month,Standard,3,False
CX03344,36,Streaming,Referral,Desktop,8,Month-to-month,Plus,1,False
CX03345,30,Gaming,Influencer,Mobile,42,Annual,Plus,3,False
CX03346,50,News & Media,Paid Social,Mobile,15,Annual,Standard,3,True
CX03347,20,Gaming,Organic Search,Desktop,12,Month-to-month,Plus,4,False
CX03348,52,News & Media,Referral,Mobile,7,Annual,Plus,3,True
CX03349,31,Streaming,Paid Social,Desktop,42,Two year,Plus,3,False
CX03350,33,Streaming,Organic Search,Mobile,16,Month-to-month,Premium,8,False
CX03351,30,Fitness,Paid Social,Mobile,46,Annual,Basic,2,True
CX03352,39,News & Media,Paid Social,Desktop,8,Month-to-month,Basic,2,False
CX03353,38,Fintech,Influencer,Mobile,3,Month-to-month,Plus,2,True
CX03354,62,Cloud Storage,Organic Search,Mobile,6,Annual,Basic,2,False
CX03355,18,Cloud Storage,App Store,Smart TV,13,Annual,Plus,3,False
CX03356,32,Productivity,App Store,Desktop,18,Annual,Premium,5,False
CX03357,38,Productivity,Referral,Desktop,40,Two year,Basic,1,False
CX03358,43,Gaming,Referral,Mobile,12,Month-to-month,Standard,2,False
CX03359,41,Fitness,Email Campaign,Tablet,21,Month-to-month,Plus,2,False
CX03360,32,Streaming,App Store,Smart TV,56,Annual,Standard,4,False
CX03361,43,Productivity,Influencer,Desktop,5,Month-to-month,Standard,2,True
CX03362,52,Productivity,App Store,Mobile,41,Month-to-month,Basic,1,False
CX03363,30,Fitness,App Store,Mobile,10,Annual,Basic,1,False
CX03364,42,Streaming,Paid Social,Desktop,43,Two year,Standard,3,True
CX03365,27,Productivity,Paid Social,Mobile,28,Month-to-month,Standard,3,True
CX03366,44,Cloud Storage,Organic Search,Mobile,4,Month-to-month,Standard,1,False
CX03367,23,Gaming,Paid Social,Smart TV,19,Month-to-month,Basic,3,True
CX03368,48,Fitness,Paid Social,Mobile,23,Two year,Basic,1,False
CX03369,18,Streaming,Organic Search,Mobile,52,Two year,Standard,4,False
CX03370,25,Fitness,Organic Search,Mobile,38,Annual,Plus,2,False
CX03371,57,News & Media,Organic Search,Mobile,40,Month-to-month,Plus,4,False
CX03372,36,Cloud Storage,App Store,Mobile,3,Month-to-month,Premium,4,False
CX03373,32,Productivity,Influencer,Desktop,17,Month-to-month,Standard,1,False
CX03374,53,Cloud Storage,App Store,Mobile,18,Month-to-month,Basic,3,True
CX03375,55,Gaming,Referral,Mobile,30,Two year,Premium,5,False
CX03376,39,Cloud Storage,App Store,Mobile,7,Month-to-month,Plus,7,False
CX03377,27,Fitness,Referral,Mobile,4,Month-to-month,Standard,3,True
CX03378,33,Cloud Storage,Organic Search,Smart TV,30,Month-to-month,Basic,3,False
CX03379,21,Gaming,Paid Social,Mobile,31,Annual,Standard,4,False
CX03380,38,Streaming,Paid Social,Tablet,16,Month-to-month,Plus,5,False
CX03381,37,Fintech,Organic Search,Smart TV,18,Month-to-month,Basic,4,False
CX03382,45,Cloud Storage,App Store,Mobile,13,Month-to-month,Basic,1,False
CX03383,44,News & Media,Organic Search,Desktop,1,Month-to-month,Plus,2,False
CX03384,42,Productivity,App Store,Mobile,28,Month-to-month,Standard,3,False
CX03385,46,Fintech,Referral,Desktop,5,Month-to-month,Plus,4,False
CX03386,44,Productivity,Organic Search,Mobile,24,Two year,Plus,5,False
CX03387,46,Fintech,Organic Search,Smart TV,37,Two year,Plus,6,False
CX03388,21,Fintech,Paid Social,Mobile,62,Month-to-month,Basic,2,False
CX03389,48,Fitness,App Store,Mobile,47,Annual,Standard,3,False
CX03390,18,Productivity,Paid Social,Smart TV,8,Month-to-month,Plus,7,False
CX03391,47,Fitness,Email Campaign,Mobile,12,Month-to-month,Basic,1,False
CX03392,63,Fintech,Email Campaign,Mobile,1,Month-to-month,Standard,4,False
CX03393,37,Productivity,Influencer,Desktop,6,Month-to-month,Basic,1,False
CX03394,48,Fitness,Referral,Mobile,24,Month-to-month,Plus,5,False
CX03395,33,Fitness,Paid Social,Mobile,32,Annual,Standard,4,False
CX03396,42,News & Media,Organic Search,Mobile,8,Annual,Plus,4,False
CX03397,41,Streaming,Influencer,Mobile,19,Two year,Standard,2,False
CX03398,27,News & Media,Referral,Mobile,34,Two year,Standard,2,False
CX03399,18,Cloud Storage,Referral,Desktop,13,Month-to-month,Basic,3,False
CX03400,50,Fintech,Organic Search,Mobile,26,Annual,Basic,2,True
CX03401,45,Cloud Storage,Organic Search,Mobile,59,Annual,Plus,5,False
CX03402,30,Productivity,App Store,Mobile,2,Month-to-month,Standard,4,False
CX03403,59,Productivity,Referral,Mobile,1,Month-to-month,Plus,3,False
CX03404,32,News & Media,Paid Social,Desktop,22,Month-to-month,Plus,5,False
CX03405,18,Fitness,Organic Search,Mobile,1,Month-to-month,Premium,3,False
CX03406,50,Streaming,Organic Search,Mobile,49,Annual,Basic,4,False
CX03407,35,Productivity,App Store,Mobile,20,Annual,Standard,4,True
CX03408,29,Streaming,Organic Search,Desktop,25,Month-to-month,Standard,3,False
CX03409,23,Fintech,App Store,Mobile,26,Annual,Premium,8,True
CX03410,34,Fitness,Organic Search,Mobile,34,Month-to-month,Standard,4,False
CX03411,37,Gaming,Referral,Mobile,26,Month-to-month,Standard,3,False
CX03412,30,Fintech,Referral,Mobile,10,Month-to-month,Standard,3,True
CX03413,22,News & Media,Paid Social,Mobile,29,Month-to-month,Basic,1,False
CX03414,52,Productivity,Paid Social,Mobile,25,Annual,Basic,3,False
CX03415,18,News & Media,Paid Social,Mobile,14,Two year,Standard,8,True
CX03416,42,Fintech,Email Campaign,Mobile,1,Month-to-month,Standard,3,False
CX03417,44,Fintech,Organic Search,Mobile,17,Month-to-month,Premium,3,False
CX03418,36,Cloud Storage,Paid Social,Mobile,12,Month-to-month,Plus,4,False
CX03419,19,Fitness,Referral,Desktop,67,Month-to-month,Basic,2,True
CX03420,32,Streaming,Influencer,Desktop,14,Annual,Standard,4,True
CX03421,49,Fintech,Organic Search,Smart TV,25,Month-to-month,Premium,2,False
CX03422,34,Streaming,Organic Search,Desktop,34,Two year,Plus,4,True
CX03423,33,Cloud Storage,Paid Social,Desktop,27,Annual,Standard,3,False
CX03424,45,Gaming,App Store,Tablet,33,Two year,Plus,5,False
CX03425,32,Streaming,Paid Social,Mobile,62,Two year,Premium,5,False
CX03426,31,Fintech,Organic Search,Mobile,30,Annual,Standard,3,False
CX03427,18,Streaming,Organic Search,Mobile,14,Month-to-month,Standard,4,False
CX03428,37,Fintech,Organic Search,Mobile,3,Annual,Basic,2,True
CX03429,34,Gaming,Organic Search,Desktop,1,Month-to-month,Plus,2,False
CX03430,28,Fintech,App Store,Mobile,7,Month-to-month,Standard,5,False
CX03431,30,Productivity,Referral,Mobile,50,Month-to-month,Basic,3,True
CX03432,18,Fintech,Paid Social,Smart TV,9,Month-to-month,Basic,3,False
CX03433,31,News & Media,Referral,Mobile,12,Month-to-month,Premium,6,False
CX03434,36,Cloud Storage,Referral,Mobile,8,Month-to-month,Plus,6,True
CX03435,18,News & Media,Paid Social,Mobile,36,Two year,Plus,3,False
CX03436,42,Fintech,Organic Search,Mobile,9,Month-to-month,Standard,3,True
CX03437,73,News & Media,Organic Search,Mobile,21,Month-to-month,Basic,2,False
CX03438,63,Fitness,Paid Social,Desktop,14,Month-to-month,Standard,3,False
CX03439,37,Cloud Storage,App Store,Mobile,35,Annual,Basic,1,False
CX03440,23,Fintech,Organic Search,Desktop,19,Two year,Basic,3,False
CX03441,50,Cloud Storage,Paid Social,Mobile,4,Month-to-month,Plus,3,True
CX03442,25,Productivity,App Store,Mobile,1,Month-to-month,Standard,4,False
CX03443,28,Streaming,Influencer,Mobile,6,Month-to-month,Basic,3,False
CX03444,27,Streaming,Influencer,Desktop,28,Two year,Basic,2,False
CX03445,18,Productivity,App Store,Tablet,29,Month-to-month,Basic,1,False
CX03446,44,Fintech,Paid Social,Mobile,17,Month-to-month,Plus,3,False
CX03447,26,News & Media,Organic Search,Mobile,23,Month-to-month,Standard,3,False
CX03448,45,Streaming,Paid Social,Mobile,26,Annual,Standard,6,False
CX03449,55,News & Media,Organic Search,Desktop,25,Month-to-month,Standard,2,True
CX03450,18,Streaming,Paid Social,Desktop,49,Annual,Basic,1,True
CX03451,37,Fintech,Paid Social,Mobile,24,Annual,Standard,3,False
CX03452,36,Productivity,Paid Social,Mobile,13,Annual,Plus,4,False
CX03453,41,Productivity,Paid Social,Mobile,11,Month-to-month,Basic,2,False
CX03454,42,Gaming,App Store,Mobile,9,Annual,Basic,1,False
CX03455,28,Cloud Storage,App Store,Mobile,25,Two year,Basic,1,False
CX03456,50,Fintech,App Store,Mobile,27,Annual,Standard,3,False
CX03457,50,Cloud Storage,Paid Social,Mobile,28,Month-to-month,Standard,2,True
CX03458,47,Streaming,Organic Search,Mobile,11,Month-to-month,Standard,2,False
CX03459,21,Gaming,Organic Search,Tablet,15,Month-to-month,Plus,1,False
CX03460,18,Fintech,Paid Social,Mobile,1,Month-to-month,Standard,1,False
CX03461,44,Fitness,App Store,Mobile,31,Month-to-month,Standard,3,True
CX03462,43,Gaming,Paid Social,Mobile,15,Month-to-month,Plus,3,False
CX03463,49,Productivity,Organic Search,Desktop,1,Month-to-month,Standard,2,False
CX03464,57,News & Media,Referral,Tablet,40,Annual,Basic,1,False
CX03465,39,Productivity,App Store,Mobile,25,Month-to-month,Basic,3,True
CX03466,34,Streaming,Email Campaign,Desktop,18,Month-to-month,Basic,3,False
CX03467,39,Fintech,App Store,Mobile,32,Month-to-month,Basic,2,False
CX03468,64,Fintech,App Store,Mobile,31,Annual,Plus,6,False
CX03469,36,Streaming,Paid Social,Mobile,37,Month-to-month,Basic,2,False
CX03470,56,News & Media,Paid Social,Tablet,6,Month-to-month,Standard,3,False
CX03471,59,Fintech,App Store,Smart TV,24,Annual,Standard,4,False
CX03472,26,Gaming,Referral,Mobile,4,Annual,Standard,3,True
CX03473,43,News & Media,Referral,Mobile,12,Month-to-month,Standard,3,False
CX03474,35,Fintech,Paid Social,Desktop,2,Month-to-month,Standard,2,False
CX03475,23,Streaming,Influencer,Mobile,39,Two year,Basic,2,False
CX03476,54,Gaming,Influencer,Mobile,41,Month-to-month,Premium,3,True
CX03477,39,Streaming,Paid Social,Mobile,45,Annual,Standard,4,False
CX03478,45,Fintech,Organic Search,Tablet,10,Month-to-month,Basic,2,False
CX03479,20,Streaming,Organic Search,Mobile,20,Annual,Standard,2,False
CX03480,32,Gaming,App Store,Mobile,18,Month-to-month,Plus,1,False
CX03481,46,Cloud Storage,Organic Search,Tablet,20,Month-to-month,Premium,6,False
CX03482,51,Fintech,Influencer,Desktop,22,Month-to-month,Standard,5,False
CX03483,47,Streaming,App Store,Desktop,31,Annual,Premium,6,False
CX03484,51,Streaming,Referral,Mobile,43,Two year,Plus,3,False
CX03485,49,Streaming,Organic Search,Desktop,8,Month-to-month,Standard,1,False
CX03486,42,Streaming,Organic Search,Mobile,4,Month-to-month,Standard,2,False
CX03487,38,Fitness,Paid Social,Desktop,9,Annual,Standard,3,False
CX03488,39,Fintech,App Store,Tablet,12,Annual,Standard,2,False
CX03489,47,Productivity,Paid Social,Tablet,17,Annual,Standard,2,False
CX03490,37,Streaming,Paid Social,Mobile,3,Month-to-month,Premium,2,False
CX03491,25,Streaming,Influencer,Tablet,25,Annual,Premium,2,False
CX03492,45,Productivity,Organic Search,Mobile,52,Two year,Basic,4,False
CX03493,40,Streaming,Referral,Mobile,28,Annual,Basic,2,True
CX03494,18,Fintech,Influencer,Tablet,28,Month-to-month,Plus,2,False
CX03495,24,Gaming,Organic Search,Desktop,29,Annual,Plus,4,True
CX03496,44,Streaming,App Store,Desktop,11,Month-to-month,Basic,1,False
CX03497,28,Fintech,Paid Social,Desktop,38,Two year,Basic,3,False
CX03498,46,Fitness,Referral,Smart TV,4,Annual,Premium,3,False
CX03499,49,Productivity,Paid Social,Mobile,34,Month-to-month,Standard,1,False
CX03500,37,News & Media,Organic Search,Mobile,26,Month-to-month,Premium,6,False
CX03501,50,Fintech,App Store,Desktop,16,Month-to-month,Standard,1,False
CX03502,34,Productivity,Organic Search,Desktop,47,Two year,Basic,1,False
CX03503,44,Streaming,Organic Search,Mobile,31,Annual,Standard,3,False
CX03504,42,Fintech,Paid Social,Desktop,52,Annual,Standard,2,True
CX03505,42,Fintech,App Store,Mobile,31,Annual,Basic,3,True
CX03506,31,Fintech,Paid Social,Desktop,3,Month-to-month,Basic,2,False
CX03507,25,Productivity,App Store,Smart TV,41,Annual,Standard,2,False
CX03508,46,Cloud Storage,Paid Social,Tablet,11,Month-to-month,Basic,3,False
CX03509,52,Productivity,Organic Search,Tablet,5,Month-to-month,Basic,1,False
CX03510,30,News & Media,Organic Search,Mobile,15,Month-to-month,Standard,5,True
CX03511,18,Streaming,Influencer,Desktop,37,Month-to-month,Basic,2,True
CX03512,27,Productivity,Referral,Desktop,18,Month-to-month,Standard,3,True
CX03513,30,Streaming,Referral,Mobile,65,Two year,Standard,1,True
CX03514,39,News & Media,Paid Social,Mobile,14,Month-to-month,Basic,3,True
CX03515,41,Streaming,Referral,Smart TV,6,Annual,Plus,4,False
CX03516,50,Streaming,Organic Search,Tablet,12,Month-to-month,Basic,2,False
CX03517,41,Productivity,Organic Search,Mobile,37,Annual,Premium,1,True
CX03518,46,Fitness,Organic Search,Desktop,21,Annual,Standard,3,True
CX03519,55,Streaming,Paid Social,Mobile,26,Month-to-month,Basic,3,True
CX03520,48,Streaming,Paid Social,Mobile,5,Month-to-month,Basic,2,False
CX03521,32,Streaming,Paid Social,Desktop,12,Month-to-month,Basic,1,False
CX03522,36,Fitness,Paid Social,Mobile,49,Annual,Basic,2,True
CX03523,32,Fintech,Organic Search,Mobile,28,Annual,Plus,3,False
CX03524,22,Streaming,Paid Social,Mobile,7,Month-to-month,Standard,2,False
CX03525,38,Cloud Storage,Referral,Mobile,37,Month-to-month,Standard,4,False
CX03526,53,Streaming,Referral,Tablet,27,Annual,Standard,2,True
CX03527,31,Fintech,Organic Search,Mobile,10,Month-to-month,Basic,2,True
CX03528,18,Cloud Storage,Paid Social,Mobile,9,Annual,Standard,6,False
CX03529,21,Productivity,Paid Social,Desktop,6,Two year,Plus,2,False
CX03530,35,Productivity,Organic Search,Mobile,13,Month-to-month,Standard,3,False
CX03531,43,News & Media,Organic Search,Tablet,11,Annual,Premium,1,False
CX03532,27,Productivity,Paid Social,Tablet,15,Month-to-month,Plus,1,False
CX03533,27,Fintech,App Store,Mobile,27,Annual,Plus,4,False
CX03534,24,Gaming,Organic Search,Smart TV,37,Annual,Standard,2,False
CX03535,18,Streaming,Organic Search,Mobile,8,Month-to-month,Basic,1,True
CX03536,53,Streaming,Paid Social,Mobile,17,Month-to-month,Basic,3,False
CX03537,20,Gaming,App Store,Mobile,19,Month-to-month,Standard,3,False
CX03538,35,Fintech,Organic Search,Mobile,30,Annual,Premium,6,False
CX03539,58,Productivity,App Store,Desktop,29,Month-to-month,Standard,3,False
CX03540,34,Fintech,Paid Social,Desktop,42,Month-to-month,Basic,2,False
CX03541,18,Fintech,Referral,Mobile,23,Annual,Plus,5,True
CX03542,26,Fitness,App Store,Mobile,65,Two year,Basic,1,False
CX03543,43,Gaming,App Store,Desktop,34,Two year,Premium,3,True
CX03544,53,News & Media,Influencer,Mobile,46,Annual,Standard,4,True
CX03545,34,News & Media,Influencer,Desktop,83,Two year,Plus,6,False
CX03546,33,Gaming,App Store,Mobile,75,Annual,Basic,2,False
CX03547,27,Streaming,Organic Search,Mobile,33,Annual,Standard,3,False
CX03548,40,Streaming,Referral,Smart TV,15,Month-to-month,Standard,1,False
CX03549,37,Productivity,App Store,Mobile,14,Annual,Standard,3,True
CX03550,40,Gaming,Email Campaign,Mobile,16,Month-to-month,Plus,5,False
CX03551,39,Streaming,Paid Social,Mobile,24,Month-to-month,Premium,4,False
CX03552,50,Cloud Storage,Referral,Mobile,12,Annual,Basic,1,False
CX03553,52,Streaming,Paid Social,Mobile,59,Annual,Plus,6,False
CX03554,37,Fintech,Paid Social,Mobile,9,Month-to-month,Standard,3,False
CX03555,48,Fitness,Influencer,Desktop,11,Two year,Standard,5,False
CX03556,18,Fintech,Influencer,Desktop,25,Annual,Plus,5,False
CX03557,31,Fintech,Paid Social,Tablet,6,Month-to-month,Plus,5,False
CX03558,31,Streaming,Paid Social,Desktop,34,Annual,Standard,1,False
CX03559,24,Productivity,App Store,Smart TV,51,Month-to-month,Basic,3,True
CX03560,59,Fintech,Referral,Desktop,13,Annual,Basic,2,False
CX03561,24,Cloud Storage,Referral,Mobile,2,Month-to-month,Basic,1,True
CX03562,61,Cloud Storage,Influencer,Mobile,2,Month-to-month,Basic,4,False
CX03563,44,Fintech,App Store,Desktop,44,Month-to-month,Standard,2,True
CX03564,36,Productivity,Organic Search,Mobile,17,Annual,Plus,5,False
CX03565,22,News & Media,Referral,Desktop,31,Annual,Basic,3,False
CX03566,31,Fintech,App Store,Mobile,12,Month-to-month,Standard,5,True
CX03567,29,Cloud Storage,App Store,Smart TV,21,Annual,Plus,4,False
CX03568,18,Productivity,App Store,Mobile,9,Month-to-month,Standard,1,True
CX03569,39,Cloud Storage,Referral,Desktop,2,Month-to-month,Premium,5,False
CX03570,46,Streaming,Paid Social,Tablet,40,Annual,Basic,2,False
CX03571,36,Streaming,Email Campaign,Smart TV,9,Annual,Standard,3,False
CX03572,36,Productivity,Paid Social,Mobile,19,Two year,Standard,3,True
CX03573,44,Fintech,Organic Search,Smart TV,10,Month-to-month,Plus,8,False
CX03574,32,Gaming,App Store,Desktop,22,Two year,Standard,1,False
CX03575,32,Fintech,Paid Social,Mobile,10,Month-to-month,Premium,3,False
CX03576,23,Streaming,Paid Social,Mobile,12,Month-to-month,Premium,8,False
CX03577,29,Streaming,Email Campaign,Mobile,56,Annual,Basic,1,True
CX03578,33,News & Media,Organic Search,Tablet,10,Month-to-month,Plus,4,False
CX03579,49,Fitness,Organic Search,Mobile,16,Annual,Standard,1,False
CX03580,42,Streaming,Referral,Mobile,25,Month-to-month,Plus,5,False
CX03581,39,Streaming,App Store,Mobile,55,Two year,Standard,3,False
CX03582,18,Fintech,Influencer,Mobile,21,Annual,Premium,8,True
CX03583,43,Cloud Storage,Referral,Desktop,18,Month-to-month,Premium,3,True
CX03584,26,Productivity,Influencer,Tablet,35,Annual,Plus,5,False
CX03585,43,Productivity,Influencer,Desktop,12,Month-to-month,Basic,2,False
CX03586,45,Fintech,Email Campaign,Mobile,24,Month-to-month,Plus,1,False
CX03587,48,Cloud Storage,Referral,Mobile,18,Annual,Basic,2,False
CX03588,56,Cloud Storage,Influencer,Mobile,13,Month-to-month,Standard,3,False
CX03589,46,Streaming,App Store,Mobile,14,Month-to-month,Plus,4,False
CX03590,41,News & Media,Referral,Desktop,23,Month-to-month,Standard,2,False
CX03591,43,Streaming,Paid Social,Mobile,2,Month-to-month,Standard,1,False
CX03592,27,Productivity,Email Campaign,Mobile,13,Annual,Standard,1,False
CX03593,31,Streaming,Email Campaign,Mobile,42,Annual,Basic,1,False
CX03594,36,Productivity,Paid Social,Mobile,9,Month-to-month,Standard,3,False
CX03595,47,News & Media,Referral,Mobile,10,Month-to-month,Basic,2,False
CX03596,46,Streaming,Influencer,Mobile,4,Month-to-month,Basic,2,False
CX03597,30,News & Media,Organic Search,Mobile,64,Month-to-month,Premium,5,False
CX03598,37,Fintech,Paid Social,Mobile,30,Two year,Basic,1,False
CX03599,48,Cloud Storage,App Store,Desktop,27,Annual,Premium,5,False
CX03600,56,News & Media,Influencer,Smart TV,14,Month-to-month,Standard,2,False
CX03601,63,Fintech,Referral,Mobile,37,Annual,Plus,4,False
CX03602,20,News & Media,Paid Social,Mobile,2,Month-to-month,Basic,2,False
CX03603,45,Gaming,Referral,Mobile,26,Month-to-month,Standard,1,False
CX03604,26,Cloud Storage,Referral,Mobile,29,Annual,Standard,2,False
CX03605,42,Productivity,Organic Search,Mobile,36,Month-to-month,Standard,3,False
CX03606,29,Cloud Storage,Influencer,Mobile,9,Month-to-month,Standard,3,True
CX03607,39,Fitness,App Store,Mobile,14,Month-to-month,Standard,2,False
CX03608,35,Cloud Storage,Referral,Mobile,10,Month-to-month,Premium,4,True
CX03609,49,Fitness,Influencer,Smart TV,20,Month-to-month,Basic,3,False
CX03610,36,Productivity,Email Campaign,Tablet,25,Annual,Plus,2,False
CX03611,29,Streaming,Paid Social,Desktop,8,Annual,Plus,2,False
CX03612,47,Productivity,Paid Social,Mobile,17,Two year,Premium,5,True
CX03613,27,Productivity,Paid Social,Mobile,5,Month-to-month,Basic,2,False
CX03614,46,Fintech,App Store,Mobile,28,Two year,Basic,5,False
CX03615,35,Fitness,Referral,Mobile,28,Month-to-month,Basic,3,True
CX03616,47,Streaming,Organic Search,Mobile,40,Annual,Basic,1,False
CX03617,34,Streaming,Paid Social,Desktop,14,Month-to-month,Plus,1,False
CX03618,36,Productivity,Paid Social,Desktop,42,Two year,Standard,3,False
CX03619,34,Gaming,Referral,Mobile,24,Month-to-month,Basic,2,False
CX03620,35,News & Media,Influencer,Desktop,16,Month-to-month,Premium,4,False
CX03621,40,Fitness,Influencer,Mobile,76,Annual,Basic,1,False
CX03622,36,Gaming,Email Campaign,Desktop,29,Annual,Standard,1,True
CX03623,29,Gaming,Referral,Mobile,50,Annual,Basic,2,False
CX03624,30,Productivity,Organic Search,Mobile,40,Two year,Standard,1,False
CX03625,29,News & Media,Organic Search,Desktop,23,Annual,Premium,3,False
CX03626,25,Streaming,Paid Social,Mobile,30,Two year,Standard,2,False
CX03627,41,Productivity,Email Campaign,Smart TV,25,Month-to-month,Plus,7,True
CX03628,18,Streaming,Influencer,Mobile,25,Month-to-month,Standard,2,True
CX03629,50,Productivity,Paid Social,Desktop,9,Month-to-month,Plus,2,False
CX03630,37,Streaming,Referral,Mobile,34,Annual,Standard,4,False
CX03631,50,Fitness,Organic Search,Mobile,6,Month-to-month,Plus,4,True
CX03632,48,Productivity,App Store,Smart TV,27,Month-to-month,Standard,3,False
CX03633,49,Streaming,Referral,Desktop,12,Month-to-month,Standard,3,False
CX03634,39,Fintech,Referral,Tablet,23,Two year,Plus,3,False
CX03635,39,Streaming,Paid Social,Desktop,23,Month-to-month,Standard,4,False
CX03636,60,Fitness,Referral,Tablet,8,Month-to-month,Standard,3,True
CX03637,46,Fintech,Paid Social,Mobile,5,Month-to-month,Basic,2,False
CX03638,48,Fintech,Referral,Tablet,29,Annual,Standard,3,False
CX03639,33,Productivity,Paid Social,Mobile,20,Annual,Basic,2,False
CX03640,35,Gaming,Paid Social,Mobile,20,Annual,Basic,2,False
CX03641,56,Fintech,App Store,Mobile,15,Month-to-month,Plus,1,True
CX03642,32,Fintech,App Store,Desktop,19,Month-to-month,Basic,3,False
CX03643,41,Gaming,App Store,Smart TV,11,Month-to-month,Basic,3,False
CX03644,29,Streaming,Referral,Mobile,7,Month-to-month,Standard,2,False
CX03645,40,Fitness,App Store,Mobile,38,Annual,Plus,8,False
CX03646,43,Fitness,App Store,Desktop,18,Annual,Basic,2,False
CX03647,40,Fitness,Referral,Mobile,32,Month-to-month,Plus,2,True
CX03648,58,Fitness,Influencer,Mobile,4,Month-to-month,Plus,4,True
CX03649,49,Fitness,Referral,Mobile,58,Two year,Standard,3,False
CX03650,41,Streaming,Organic Search,Mobile,54,Two year,Standard,5,False
CX03651,35,Cloud Storage,App Store,Desktop,12,Month-to-month,Premium,5,False
CX03652,43,Streaming,App Store,Desktop,20,Annual,Standard,1,False
CX03653,46,Productivity,Organic Search,Desktop,7,Month-to-month,Standard,2,False
CX03654,31,Productivity,Influencer,Tablet,31,Annual,Basic,3,False
CX03655,31,Streaming,App Store,Mobile,7,Month-to-month,Standard,4,False
CX03656,22,Streaming,Influencer,Smart TV,25,Annual,Premium,8,False
CX03657,35,Productivity,Referral,Mobile,10,Month-to-month,Basic,2,False
CX03658,41,Fintech,Paid Social,Desktop,13,Month-to-month,Plus,5,False
CX03659,34,Cloud Storage,Influencer,Mobile,20,Annual,Standard,4,False
CX03660,22,Streaming,Paid Social,Mobile,16,Annual,Premium,6,True
CX03661,37,Fitness,Organic Search,Mobile,32,Month-to-month,Plus,4,False
CX03662,40,Gaming,Organic Search,Mobile,5,Month-to-month,Basic,1,True
CX03663,30,Fintech,App Store,Tablet,8,Month-to-month,Standard,2,False
CX03664,55,Streaming,Organic Search,Tablet,8,Month-to-month,Standard,1,False
CX03665,25,Cloud Storage,Organic Search,Mobile,3,Month-to-month,Plus,7,True
CX03666,23,Streaming,Paid Social,Mobile,8,Month-to-month,Premium,4,False
CX03667,25,Streaming,Referral,Mobile,23,Annual,Standard,5,False
CX03668,29,Fintech,Email Campaign,Mobile,25,Two year,Plus,4,False
CX03669,28,Cloud Storage,Organic Search,Desktop,5,Month-to-month,Standard,4,False
CX03670,45,Gaming,Influencer,Mobile,11,Month-to-month,Basic,3,True
CX03671,38,Cloud Storage,Paid Social,Mobile,15,Month-to-month,Premium,5,False
CX03672,35,Fintech,Referral,Mobile,43,Month-to-month,Standard,4,True
CX03673,45,Fitness,Paid Social,Mobile,9,Month-to-month,Basic,1,False
CX03674,18,Fintech,Paid Social,Smart TV,14,Two year,Basic,2,True
CX03675,50,Streaming,Referral,Mobile,63,Annual,Standard,4,False
CX03676,47,Streaming,Referral,Mobile,12,Month-to-month,Plus,8,True
CX03677,24,News & Media,App Store,Mobile,26,Annual,Standard,2,True
CX03678,32,News & Media,Paid Social,Desktop,16,Month-to-month,Premium,7,False
CX03679,41,Fitness,Organic Search,Mobile,4,Month-to-month,Standard,3,False
CX03680,33,Fitness,Organic Search,Mobile,17,Month-to-month,Basic,1,False
CX03681,54,Fitness,Paid Social,Mobile,20,Annual,Plus,6,False
CX03682,34,News & Media,Paid Social,Desktop,44,Month-to-month,Plus,3,True
CX03683,32,Gaming,Influencer,Mobile,18,Annual,Premium,4,False
CX03684,38,Fitness,Organic Search,Mobile,3,Annual,Plus,4,False
CX03685,30,Gaming,Paid Social,Mobile,31,Two year,Standard,5,False
CX03686,38,Cloud Storage,Organic Search,Tablet,20,Annual,Plus,4,False
CX03687,60,Fintech,App Store,Desktop,18,Annual,Plus,5,False
CX03688,29,Fintech,Paid Social,Mobile,10,Month-to-month,Standard,3,False
CX03689,53,Streaming,Organic Search,Smart TV,2,Month-to-month,Plus,3,False
CX03690,47,Streaming,Paid Social,Desktop,8,Month-to-month,Basic,1,False
CX03691,22,Gaming,Paid Social,Mobile,16,Annual,Standard,4,False
CX03692,47,Fintech,Paid Social,Mobile,5,Month-to-month,Premium,3,True
CX03693,36,Cloud Storage,Paid Social,Mobile,4,Month-to-month,Standard,3,False
CX03694,35,News & Media,App Store,Desktop,25,Month-to-month,Basic,3,False
CX03695,25,News & Media,Organic Search,Mobile,8,Month-to-month,Premium,8,True
CX03696,56,Fintech,Organic Search,Mobile,42,Two year,Standard,5,True
CX03697,47,Fintech,App Store,Mobile,19,Annual,Standard,2,False
CX03698,47,News & Media,Organic Search,Mobile,11,Month-to-month,Plus,4,True
CX03699,22,News & Media,Referral,Tablet,28,Two year,Premium,5,False
CX03700,23,Fintech,Paid Social,Tablet,20,Two year,Standard,2,False
CX03701,23,News & Media,App Store,Mobile,23,Annual,Plus,4,True
CX03702,41,Fintech,Referral,Smart TV,4,Month-to-month,Plus,3,False
CX03703,38,Gaming,Paid Social,Mobile,8,Month-to-month,Premium,4,False
CX03704,45,Gaming,Organic Search,Desktop,54,Two year,Plus,4,False
CX03705,54,Fintech,App Store,Tablet,17,Annual,Standard,6,False
CX03706,44,Streaming,App Store,Desktop,3,Month-to-month,Plus,5,True
CX03707,47,Productivity,Influencer,Mobile,25,Month-to-month,Basic,1,True
CX03708,28,Productivity,App Store,Desktop,18,Annual,Standard,1,False
CX03709,25,Streaming,Paid Social,Mobile,6,Month-to-month,Plus,4,False
CX03710,44,Streaming,Paid Social,Desktop,48,Annual,Standard,3,False
CX03711,24,Fintech,Paid Social,Mobile,15,Two year,Basic,1,False
CX03712,18,Productivity,Organic Search,Mobile,1,Month-to-month,Premium,3,False
CX03713,40,Cloud Storage,Organic Search,Desktop,34,Annual,Plus,2,False
CX03714,55,Fintech,Influencer,Desktop,63,Two year,Basic,1,False
CX03715,48,Fintech,Referral,Mobile,31,Month-to-month,Plus,4,True
CX03716,41,Streaming,Paid Social,Mobile,30,Month-to-month,Premium,5,False
CX03717,37,Fintech,Paid Social,Mobile,13,Month-to-month,Plus,6,False
CX03718,29,Cloud Storage,Paid Social,Mobile,19,Month-to-month,Standard,3,False
CX03719,25,Cloud Storage,Referral,Mobile,32,Annual,Standard,3,False
CX03720,26,Fitness,Paid Social,Desktop,28,Annual,Basic,3,True
CX03721,40,Fintech,Organic Search,Mobile,11,Annual,Standard,3,True
CX03722,49,Gaming,App Store,Mobile,34,Annual,Plus,2,False
CX03723,32,Streaming,Paid Social,Smart TV,44,Annual,Premium,3,False
CX03724,47,Productivity,Organic Search,Mobile,12,Month-to-month,Premium,6,False
CX03725,50,Streaming,Referral,Mobile,5,Annual,Plus,5,False
CX03726,26,Fitness,Organic Search,Desktop,24,Two year,Plus,6,False
CX03727,32,Cloud Storage,Paid Social,Smart TV,6,Month-to-month,Standard,3,False
CX03728,18,News & Media,Organic Search,Mobile,38,Annual,Standard,2,True
CX03729,35,Productivity,Influencer,Desktop,15,Month-to-month,Premium,3,True
CX03730,32,Productivity,Organic Search,Desktop,28,Month-to-month,Basic,1,False
CX03731,45,Productivity,Referral,Desktop,19,Month-to-month,Basic,2,True
CX03732,47,Productivity,Paid Social,Mobile,12,Annual,Standard,3,False
CX03733,40,Cloud Storage,Paid Social,Mobile,27,Annual,Standard,2,False
CX03734,30,Productivity,Influencer,Mobile,4,Annual,Standard,5,False
CX03735,52,Streaming,Influencer,Mobile,19,Month-to-month,Plus,6,False
CX03736,45,Fintech,App Store,Mobile,11,Month-to-month,Basic,2,True
CX03737,60,Cloud Storage,Paid Social,Mobile,8,Month-to-month,Premium,3,False
CX03738,56,Gaming,Referral,Desktop,18,Two year,Premium,8,False
CX03739,38,Fitness,Paid Social,Mobile,2,Month-to-month,Plus,1,False
CX03740,24,Fintech,Referral,Mobile,13,Annual,Basic,3,False
CX03741,18,Productivity,App Store,Smart TV,9,Month-to-month,Plus,2,True
CX03742,33,Streaming,Influencer,Desktop,3,Month-to-month,Standard,5,False
CX03743,42,Streaming,Influencer,Mobile,32,Two year,Plus,5,False
CX03744,19,Streaming,Influencer,Desktop,15,Month-to-month,Standard,4,False
CX03745,40,Gaming,Referral,Mobile,13,Month-to-month,Standard,4,False
CX03746,50,Productivity,Paid Social,Mobile,46,Month-to-month,Standard,2,False
CX03747,51,Streaming,Paid Social,Tablet,41,Two year,Premium,5,True
CX03748,35,Fitness,Paid Social,Mobile,21,Two year,Basic,1,False
CX03749,52,Gaming,Referral,Mobile,6,Month-to-month,Standard,4,False
CX03750,58,Streaming,Organic Search,Desktop,35,Month-to-month,Plus,8,False
CX03751,29,Cloud Storage,Influencer,Mobile,29,Annual,Premium,4,False
CX03752,51,Fitness,Paid Social,Mobile,38,Two year,Basic,2,False
CX03753,32,News & Media,Organic Search,Desktop,40,Annual,Premium,5,False
CX03754,43,Productivity,Email Campaign,Desktop,6,Annual,Standard,3,False
CX03755,48,Fintech,Referral,Desktop,2,Annual,Standard,4,False
CX03756,32,Fintech,Email Campaign,Desktop,15,Month-to-month,Plus,2,True
CX03757,48,Streaming,Paid Social,Desktop,2,Month-to-month,Basic,3,False
CX03758,52,Streaming,Influencer,Mobile,6,Month-to-month,Standard,4,False
CX03759,59,Productivity,Paid Social,Desktop,19,Month-to-month,Basic,4,False
CX03760,35,Streaming,Referral,Mobile,10,Month-to-month,Basic,2,False
CX03761,36,Fintech,Paid Social,Desktop,37,Two year,Standard,2,False
CX03762,36,Streaming,Paid Social,Mobile,26,Annual,Premium,2,False
CX03763,49,Gaming,Referral,Mobile,25,Two year,Basic,3,True
CX03764,35,Productivity,Paid Social,Desktop,12,Month-to-month,Standard,1,False
CX03765,44,Streaming,Organic Search,Tablet,23,Month-to-month,Plus,3,False
CX03766,37,Streaming,Referral,Mobile,10,Month-to-month,Basic,2,True
CX03767,49,Fintech,Paid Social,Desktop,11,Month-to-month,Premium,2,False
CX03768,31,Fitness,Paid Social,Mobile,31,Annual,Standard,4,False
CX03769,36,Fitness,Paid Social,Mobile,14,Annual,Basic,2,False
CX03770,27,Fintech,Paid Social,Mobile,57,Annual,Basic,3,True
CX03771,27,Productivity,Referral,Mobile,21,Annual,Plus,4,True
CX03772,39,News & Media,Email Campaign,Desktop,14,Month-to-month,Basic,4,True
CX03773,18,Fintech,Paid Social,Desktop,13,Two year,Basic,1,True
CX03774,43,Streaming,App Store,Desktop,26,Two year,Standard,2,False
CX03775,25,Productivity,App Store,Desktop,9,Month-to-month,Basic,2,False
CX03776,46,Productivity,Paid Social,Smart TV,16,Annual,Premium,3,True
CX03777,44,Fintech,App Store,Desktop,16,Annual,Plus,4,False
CX03778,43,Fintech,Referral,Smart TV,15,Month-to-month,Plus,6,False
CX03779,31,Fintech,Organic Search,Tablet,28,Month-to-month,Plus,3,False
CX03780,52,Productivity,Email Campaign,Tablet,12,Month-to-month,Premium,5,False
CX03781,36,Fintech,Email Campaign,Mobile,30,Two year,Plus,2,False
CX03782,57,Cloud Storage,Email Campaign,Mobile,18,Month-to-month,Plus,8,False
CX03783,42,Gaming,App Store,Tablet,9,Month-to-month,Basic,3,False
CX03784,29,Streaming,Organic Search,Smart TV,12,Month-to-month,Plus,6,False
CX03785,18,Streaming,Influencer,Desktop,66,Two year,Standard,7,False
CX03786,53,Cloud Storage,Organic Search,Mobile,6,Month-to-month,Standard,2,False
CX03787,32,Cloud Storage,Organic Search,Smart TV,11,Month-to-month,Premium,4,False
CX03788,43,Fitness,Email Campaign,Smart TV,6,Month-to-month,Premium,4,False
CX03789,48,Streaming,Referral,Mobile,22,Month-to-month,Standard,2,False
CX03790,34,Fitness,Referral,Desktop,12,Annual,Basic,1,False
CX03791,57,Fintech,Organic Search,Mobile,10,Month-to-month,Basic,2,True
CX03792,24,Fintech,Referral,Tablet,3,Month-to-month,Basic,3,False
CX03793,31,Streaming,Paid Social,Mobile,11,Month-to-month,Standard,2,False
CX03794,29,Streaming,Paid Social,Tablet,7,Month-to-month,Basic,3,False
CX03795,27,Streaming,Referral,Mobile,49,Annual,Plus,2,False
CX03796,18,Fintech,Paid Social,Mobile,22,Annual,Basic,2,False
CX03797,31,Streaming,Organic Search,Desktop,31,Month-to-month,Plus,4,False
CX03798,28,Streaming,Referral,Mobile,20,Annual,Premium,5,False
CX03799,46,Streaming,Email Campaign,Tablet,45,Annual,Basic,1,True
CX03800,32,Streaming,Influencer,Tablet,20,Month-to-month,Standard,3,False
CX03801,32,Fintech,Paid Social,Mobile,41,Annual,Plus,3,False
CX03802,20,News & Media,App Store,Tablet,21,Month-to-month,Standard,4,False
CX03803,44,Cloud Storage,Organic Search,Mobile,9,Annual,Plus,5,False
CX03804,18,Fitness,App Store,Mobile,24,Annual,Plus,5,True
CX03805,34,News & Media,Paid Social,Tablet,31,Annual,Plus,8,False
CX03806,47,Fintech,Organic Search,Desktop,7,Month-to-month,Standard,2,False
CX03807,40,Productivity,Paid Social,Tablet,27,Two year,Standard,1,False
CX03808,24,Streaming,Organic Search,Mobile,21,Month-to-month,Standard,2,False
CX03809,49,Fitness,Paid Social,Mobile,24,Month-to-month,Basic,1,False
CX03810,40,Productivity,Paid Social,Mobile,26,Annual,Plus,4,False
CX03811,32,Streaming,Referral,Mobile,21,Month-to-month,Basic,2,False
CX03812,42,Fintech,Organic Search,Mobile,23,Annual,Standard,2,False
CX03813,31,Fintech,Organic Search,Mobile,4,Month-to-month,Standard,3,False
CX03814,39,Streaming,App Store,Mobile,54,Two year,Standard,1,True
CX03815,49,Cloud Storage,Influencer,Desktop,13,Month-to-month,Plus,3,False
CX03816,47,Fintech,Organic Search,Smart TV,49,Two year,Plus,4,False
CX03817,18,Streaming,Paid Social,Mobile,3,Month-to-month,Basic,3,False
CX03818,40,Productivity,Paid Social,Mobile,7,Month-to-month,Standard,4,True
CX03819,21,Streaming,Paid Social,Smart TV,54,Annual,Premium,6,False
CX03820,41,Streaming,Paid Social,Mobile,5,Month-to-month,Premium,5,False
CX03821,44,Cloud Storage,Organic Search,Desktop,11,Month-to-month,Basic,1,False
CX03822,41,Fitness,Organic Search,Desktop,4,Month-to-month,Basic,3,False
CX03823,44,Streaming,Organic Search,Mobile,13,Month-to-month,Basic,1,False
CX03824,35,Fitness,Paid Social,Mobile,11,Month-to-month,Plus,2,True
CX03825,28,Gaming,Paid Social,Mobile,9,Month-to-month,Standard,7,False
CX03826,43,Gaming,Organic Search,Mobile,39,Annual,Plus,4,False
CX03827,48,Fintech,App Store,Mobile,21,Annual,Standard,2,True
CX03828,38,Productivity,Paid Social,Desktop,14,Annual,Basic,2,True
CX03829,30,Fintech,Email Campaign,Mobile,6,Month-to-month,Plus,2,False
CX03830,35,Cloud Storage,Referral,Mobile,7,Month-to-month,Standard,2,False
CX03831,30,Productivity,Paid Social,Tablet,31,Annual,Plus,4,True
CX03832,40,Fintech,Organic Search,Desktop,8,Annual,Premium,3,True
CX03833,36,Streaming,Referral,Smart TV,28,Annual,Standard,2,False
CX03834,40,Gaming,Referral,Mobile,17,Month-to-month,Premium,8,False
CX03835,29,Fintech,Referral,Mobile,4,Annual,Standard,5,False
CX03836,45,Productivity,Paid Social,Mobile,16,Month-to-month,Standard,5,False
CX03837,28,Cloud Storage,Referral,Mobile,6,Month-to-month,Premium,7,False
CX03838,18,Fintech,App Store,Mobile,39,Month-to-month,Standard,4,False
CX03839,35,Productivity,App Store,Mobile,13,Month-to-month,Basic,2,False
CX03840,36,Fintech,Organic Search,Tablet,5,Month-to-month,Plus,3,False
CX03841,24,Productivity,Organic Search,Mobile,14,Month-to-month,Standard,5,True
CX03842,38,Fintech,Organic Search,Desktop,1,Month-to-month,Plus,7,False
CX03843,36,Fintech,App Store,Smart TV,15,Annual,Standard,1,False
CX03844,30,Gaming,Paid Social,Smart TV,14,Month-to-month,Standard,4,True
CX03845,24,Fitness,Referral,Mobile,18,Month-to-month,Standard,3,False
CX03846,36,News & Media,Organic Search,Desktop,24,Two year,Standard,1,False
CX03847,41,Fintech,Organic Search,Mobile,19,Month-to-month,Standard,4,True
CX03848,38,Fintech,Referral,Mobile,11,Month-to-month,Plus,6,False
CX03849,46,Gaming,Paid Social,Desktop,67,Annual,Basic,3,False
CX03850,50,News & Media,Influencer,Mobile,15,Month-to-month,Standard,5,False
CX03851,44,News & Media,Organic Search,Desktop,18,Annual,Standard,2,False
CX03852,43,Productivity,Referral,Desktop,23,Month-to-month,Plus,1,False
CX03853,18,News & Media,Paid Social,Mobile,42,Two year,Basic,2,False
CX03854,57,Productivity,Paid Social,Mobile,28,Two year,Plus,4,True
CX03855,44,News & Media,App Store,Mobile,5,Month-to-month,Plus,4,False
CX03856,28,Fitness,Organic Search,Mobile,44,Month-to-month,Plus,4,False
CX03857,25,News & Media,App Store,Mobile,42,Annual,Standard,6,False
CX03858,45,Productivity,Paid Social,Tablet,12,Annual,Standard,3,False
CX03859,28,News & Media,Paid Social,Mobile,25,Two year,Standard,3,False
CX03860,54,Productivity,Email Campaign,Smart TV,31,Two year,Standard,4,True
CX03861,18,Fintech,Organic Search,Mobile,44,Annual,Plus,4,True
CX03862,40,Cloud Storage,Organic Search,Mobile,12,Month-to-month,Basic,2,False
CX03863,18,Streaming,Organic Search,Desktop,4,Month-to-month,Premium,1,False
CX03864,29,Productivity,Influencer,Mobile,20,Month-to-month,Plus,4,False
CX03865,22,Fintech,Paid Social,Desktop,62,Annual,Standard,3,True
CX03866,38,Streaming,Paid Social,Smart TV,1,Month-to-month,Standard,4,False
CX03867,30,Gaming,Paid Social,Mobile,19,Annual,Basic,3,False
CX03868,47,Gaming,Referral,Mobile,2,Month-to-month,Plus,4,False
CX03869,27,Gaming,Paid Social,Desktop,31,Two year,Premium,4,True
CX03870,46,Fitness,App Store,Mobile,12,Month-to-month,Premium,4,True
CX03871,43,Productivity,App Store,Mobile,50,Month-to-month,Basic,3,True
CX03872,31,Fintech,Referral,Mobile,12,Month-to-month,Standard,6,False
CX03873,32,Fitness,Email Campaign,Mobile,5,Month-to-month,Basic,1,False
CX03874,24,Fintech,Organic Search,Tablet,35,Annual,Plus,3,True
CX03875,21,Productivity,Paid Social,Desktop,7,Month-to-month,Standard,1,False
CX03876,24,Fitness,Email Campaign,Desktop,64,Annual,Premium,7,False
CX03877,28,Streaming,Organic Search,Mobile,40,Annual,Basic,5,True
CX03878,58,Streaming,Referral,Mobile,7,Month-to-month,Plus,5,False
CX03879,35,Streaming,Referral,Mobile,8,Month-to-month,Premium,5,False
CX03880,51,Fitness,App Store,Desktop,18,Annual,Premium,3,True
CX03881,39,Streaming,Organic Search,Mobile,9,Month-to-month,Plus,4,False
CX03882,31,Fitness,Organic Search,Tablet,11,Month-to-month,Standard,4,False
CX03883,19,Fintech,App Store,Mobile,43,Annual,Basic,5,True
CX03884,47,Cloud Storage,Referral,Mobile,20,Two year,Standard,3,False
CX03885,37,Cloud Storage,Paid Social,Tablet,27,Annual,Basic,5,False
CX03886,58,Streaming,App Store,Tablet,11,Annual,Premium,4,False
CX03887,58,Cloud Storage,Email Campaign,Tablet,8,Month-to-month,Plus,5,False
CX03888,31,Fintech,App Store,Mobile,17,Annual,Premium,4,False
CX03889,24,Fitness,App Store,Mobile,27,Two year,Basic,1,False
CX03890,31,Streaming,Organic Search,Mobile,17,Month-to-month,Plus,4,False
CX03891,44,Streaming,Email Campaign,Mobile,11,Annual,Basic,3,False
CX03892,22,Cloud Storage,App Store,Desktop,4,Month-to-month,Basic,3,False
CX03893,45,Fintech,Organic Search,Smart TV,29,Annual,Basic,2,False
CX03894,21,Streaming,Referral,Mobile,23,Annual,Basic,2,False
CX03895,23,News & Media,App Store,Desktop,24,Annual,Plus,1,True
CX03896,18,Productivity,App Store,Smart TV,10,Two year,Standard,2,True
CX03897,50,News & Media,Paid Social,Tablet,44,Two year,Standard,4,False
CX03898,46,Fitness,Influencer,Tablet,15,Month-to-month,Basic,3,False
CX03899,31,Fintech,Paid Social,Desktop,4,Month-to-month,Plus,1,False
CX03900,32,Cloud Storage,App Store,Mobile,19,Annual,Premium,3,False
CX03901,48,Productivity,App Store,Smart TV,35,Month-to-month,Standard,5,False
CX03902,24,Productivity,Paid Social,Mobile,41,Two year,Premium,2,False
CX03903,24,Fintech,Organic Search,Desktop,60,Two year,Plus,3,True
CX03904,22,Fitness,Email Campaign,Mobile,7,Month-to-month,Premium,7,False
CX03905,33,Fintech,Referral,Mobile,17,Month-to-month,Standard,2,False
CX03906,46,Fintech,Paid Social,Mobile,69,Two year,Basic,3,True
CX03907,31,Gaming,App Store,Desktop,12,Month-to-month,Standard,2,True
CX03908,44,News & Media,Organic Search,Mobile,13,Month-to-month,Premium,8,True
CX03909,29,Fintech,Organic Search,Smart TV,15,Month-to-month,Standard,7,True
CX03910,18,Gaming,Organic Search,Smart TV,29,Two year,Plus,4,False
CX03911,46,News & Media,Email Campaign,Mobile,27,Month-to-month,Premium,3,False
CX03912,24,Streaming,Email Campaign,Mobile,18,Annual,Standard,5,True
CX03913,38,Gaming,App Store,Mobile,3,Month-to-month,Premium,4,False
CX03914,34,News & Media,App Store,Mobile,31,Month-to-month,Plus,5,True
CX03915,32,Cloud Storage,Organic Search,Mobile,45,Annual,Premium,4,False
CX03916,37,Gaming,Paid Social,Desktop,14,Annual,Basic,2,True
CX03917,39,Fitness,Paid Social,Mobile,25,Month-to-month,Premium,2,True
CX03918,44,Cloud Storage,Paid Social,Desktop,25,Month-to-month,Standard,3,False
CX03919,56,Fintech,Influencer,Mobile,17,Month-to-month,Standard,5,False
CX03920,26,Productivity,Organic Search,Desktop,4,Month-to-month,Premium,4,False
CX03921,56,Gaming,Email Campaign,Desktop,69,Annual,Plus,1,False
CX03922,29,Gaming,App Store,Desktop,24,Annual,Premium,6,False
CX03923,38,Fintech,Referral,Desktop,16,Month-to-month,Basic,1,False
CX03924,33,Fintech,Paid Social,Desktop,11,Annual,Premium,6,False
CX03925,44,Cloud Storage,Referral,Desktop,7,Month-to-month,Standard,4,False
CX03926,44,Gaming,Email Campaign,Mobile,3,Month-to-month,Standard,5,True
CX03927,20,Fintech,Organic Search,Mobile,6,Month-to-month,Basic,3,True
CX03928,43,Streaming,Influencer,Tablet,17,Month-to-month,Standard,2,False
CX03929,27,Streaming,Influencer,Smart TV,8,Month-to-month,Plus,6,False
CX03930,47,Fitness,Influencer,Desktop,7,Month-to-month,Plus,3,True
CX03931,34,Streaming,Organic Search,Mobile,11,Month-to-month,Plus,4,False
CX03932,25,News & Media,Email Campaign,Mobile,23,Two year,Standard,3,False
CX03933,30,News & Media,Email Campaign,Desktop,52,Two year,Premium,3,False
CX03934,32,Fintech,App Store,Mobile,38,Annual,Standard,3,True
CX03935,46,Fitness,App Store,Mobile,16,Month-to-month,Basic,3,False
CX03936,51,Productivity,App Store,Mobile,12,Month-to-month,Standard,3,False
CX03937,33,Streaming,App Store,Mobile,73,Annual,Standard,2,False
CX03938,34,Fintech,App Store,Mobile,3,Month-to-month,Basic,2,True
CX03939,24,Fitness,App Store,Mobile,10,Month-to-month,Plus,3,False
CX03940,18,Streaming,Organic Search,Mobile,3,Month-to-month,Standard,3,False
CX03941,46,Streaming,Paid Social,Mobile,15,Month-to-month,Plus,3,False
CX03942,46,Gaming,Referral,Mobile,11,Month-to-month,Basic,3,False
CX03943,20,Gaming,Influencer,Mobile,33,Two year,Premium,3,False
CX03944,18,Productivity,Email Campaign,Mobile,9,Month-to-month,Standard,2,False
CX03945,26,News & Media,App Store,Mobile,14,Annual,Plus,2,False
CX03946,18,Streaming,Email Campaign,Desktop,15,Annual,Plus,4,False
CX03947,19,Cloud Storage,Referral,Desktop,17,Annual,Premium,6,False
CX03948,30,Streaming,App Store,Mobile,11,Month-to-month,Standard,3,False
CX03949,49,Productivity,Organic Search,Tablet,13,Month-to-month,Plus,5,True
CX03950,35,Fintech,Influencer,Desktop,8,Annual,Basic,2,True
CX03951,41,Cloud Storage,Influencer,Desktop,4,Month-to-month,Standard,1,False
CX03952,34,Cloud Storage,Organic Search,Desktop,11,Month-to-month,Standard,2,False
CX03953,26,Fitness,Organic Search,Mobile,15,Annual,Standard,4,False
CX03954,35,Fitness,Organic Search,Desktop,18,Two year,Plus,3,False
CX03955,40,Productivity,Organic Search,Mobile,22,Annual,Basic,3,False
CX03956,36,Productivity,Paid Social,Mobile,30,Month-to-month,Standard,1,False
CX03957,44,Streaming,Influencer,Mobile,47,Two year,Standard,6,True
CX03958,51,Streaming,Organic Search,Desktop,36,Two year,Standard,6,True
CX03959,23,Productivity,Paid Social,Mobile,14,Month-to-month,Standard,3,True
CX03960,56,Fintech,Organic Search,Desktop,7,Month-to-month,Basic,3,True
CX03961,21,Productivity,Email Campaign,Mobile,5,Month-to-month,Plus,5,False
CX03962,44,Fitness,Paid Social,Mobile,68,Annual,Premium,6,False
CX03963,27,Streaming,Influencer,Mobile,16,Month-to-month,Basic,3,False
CX03964,43,Fitness,Paid Social,Mobile,11,Month-to-month,Basic,3,False
CX03965,49,Cloud Storage,App Store,Desktop,28,Annual,Premium,5,True
CX03966,29,Streaming,App Store,Tablet,28,Annual,Plus,4,False
CX03967,29,News & Media,App Store,Mobile,29,Two year,Basic,1,False
CX03968,27,Fintech,Paid Social,Mobile,11,Month-to-month,Standard,2,False
CX03969,36,News & Media,Organic Search,Mobile,22,Annual,Basic,1,False
CX03970,18,Fintech,Paid Social,Tablet,38,Annual,Plus,3,False
CX03971,29,Productivity,Organic Search,Smart TV,73,Month-to-month,Premium,5,False
CX03972,51,Fintech,Paid Social,Desktop,10,Annual,Standard,3,False
CX03973,18,Cloud Storage,Influencer,Smart TV,27,Annual,Plus,2,False
CX03974,30,Streaming,Paid Social,Mobile,18,Two year,Premium,4,False
CX03975,18,Fitness,Paid Social,Desktop,3,Month-to-month,Plus,2,False
CX03976,41,Fitness,App Store,Smart TV,1,Month-to-month,Plus,5,False
CX03977,24,Fintech,Influencer,Mobile,12,Month-to-month,Basic,1,False
CX03978,53,Fintech,Referral,Mobile,7,Month-to-month,Standard,3,False
CX03979,24,Gaming,Paid Social,Mobile,17,Annual,Basic,1,False
CX03980,35,Fitness,Organic Search,Mobile,9,Month-to-month,Plus,5,True
CX03981,42,Cloud Storage,Paid Social,Tablet,18,Month-to-month,Basic,4,False
CX03982,34,Cloud Storage,App Store,Mobile,36,Annual,Plus,4,True
CX03983,44,Fitness,App Store,Desktop,35,Month-to-month,Basic,3,False
CX03984,34,Cloud Storage,Organic Search,Mobile,11,Annual,Plus,3,True
CX03985,46,Streaming,Influencer,Mobile,6,Month-to-month,Plus,2,False
CX03986,45,Gaming,App Store,Mobile,25,Month-to-month,Plus,1,False
CX03987,38,Fitness,Organic Search,Mobile,15,Month-to-month,Plus,3,False
CX03988,24,Streaming,App Store,Smart TV,26,Annual,Standard,3,True
CX03989,20,Streaming,Organic Search,Mobile,8,Month-to-month,Standard,1,False
CX03990,44,Fintech,Paid Social,Desktop,17,Month-to-month,Standard,3,True
CX03991,40,Fitness,Organic Search,Desktop,28,Month-to-month,Plus,2,False
CX03992,24,Cloud Storage,Referral,Mobile,12,Month-to-month,Plus,7,False
CX03993,57,Productivity,Organic Search,Mobile,5,Month-to-month,Plus,6,False
CX03994,39,Fintech,Paid Social,Mobile,65,Annual,Basic,3,False
CX03995,29,Gaming,Paid Social,Mobile,9,Month-to-month,Standard,3,True
CX03996,52,Fitness,App Store,Mobile,29,Annual,Standard,1,False
CX03997,39,Cloud Storage,Referral,Mobile,35,Month-to-month,Basic,2,False
CX03998,53,Cloud Storage,App Store,Mobile,34,Annual,Basic,1,True
CX03999,34,Streaming,Paid Social,Desktop,12,Month-to-month,Standard,4,False
CX04000,44,Streaming,Organic Search,Mobile,6,Month-to-month,Premium,3,False
CX04001,49,Productivity,Organic Search,Mobile,18,Annual,Basic,1,False
CX04002,39,Fintech,Organic Search,Smart TV,2,Month-to-month,Premium,3,False
CX04003,32,Streaming,Paid Social,Mobile,62,Two year,Standard,2,False
CX04004,51,Fintech,Influencer,Mobile,7,Month-to-month,Standard,3,False
CX04005,38,Fintech,Paid Social,Mobile,41,Annual,Standard,2,False
CX04006,26,News & Media,Paid Social,Tablet,30,Two year,Standard,4,False
CX04007,37,Streaming,Organic Search,Desktop,9,Month-to-month,Standard,6,False
CX04008,21,Cloud Storage,Organic Search,Mobile,21,Annual,Standard,6,False
CX04009,48,Gaming,Influencer,Desktop,16,Annual,Standard,2,True
CX04010,44,News & Media,Paid Social,Mobile,18,Month-to-month,Premium,4,False
CX04011,27,Streaming,Paid Social,Mobile,26,Annual,Premium,6,False
CX04012,34,Cloud Storage,Referral,Mobile,17,Annual,Standard,2,True
CX04013,38,Gaming,App Store,Mobile,30,Two year,Premium,5,True
CX04014,42,Streaming,Email Campaign,Tablet,76,Annual,Plus,5,False
CX04015,30,Fintech,Email Campaign,Mobile,11,Month-to-month,Plus,5,False
CX04016,53,Streaming,App Store,Mobile,6,Month-to-month,Standard,3,False
CX04017,19,Cloud Storage,Paid Social,Desktop,6,Month-to-month,Plus,4,False
CX04018,44,Cloud Storage,Referral,Desktop,26,Annual,Standard,5,False
CX04019,19,Fintech,App Store,Mobile,16,Month-to-month,Standard,4,False
CX04020,49,Streaming,Email Campaign,Mobile,20,Annual,Standard,4,False
CX04021,26,Cloud Storage,Email Campaign,Mobile,12,Month-to-month,Standard,3,False
CX04022,40,Gaming,Influencer,Mobile,11,Annual,Basic,3,False
CX04023,39,Cloud Storage,Paid Social,Desktop,17,Annual,Standard,5,False
CX04024,36,Productivity,Organic Search,Mobile,18,Annual,Plus,2,False
CX04025,44,Gaming,App Store,Desktop,47,Two year,Premium,3,False
CX04026,24,Cloud Storage,App Store,Mobile,5,Month-to-month,Basic,1,False
CX04027,41,News & Media,Referral,Mobile,25,Two year,Plus,2,False
CX04028,30,News & Media,Paid Social,Mobile,35,Two year,Basic,3,False
CX04029,31,Streaming,App Store,Smart TV,17,Month-to-month,Standard,4,False
CX04030,33,Cloud Storage,Paid Social,Mobile,8,Month-to-month,Standard,3,False
CX04031,20,Streaming,App Store,Mobile,35,Month-to-month,Standard,3,True
CX04032,58,Productivity,Organic Search,Mobile,16,Month-to-month,Standard,3,False
CX04033,45,Streaming,Referral,Desktop,23,Annual,Basic,3,False
CX04034,29,News & Media,Referral,Mobile,14,Month-to-month,Basic,1,False
CX04035,32,Fintech,Paid Social,Desktop,19,Month-to-month,Premium,4,False
CX04036,32,Productivity,Referral,Mobile,3,Month-to-month,Basic,3,True
CX04037,49,Fintech,App Store,Smart TV,3,Month-to-month,Basic,1,False
CX04038,56,Productivity,Organic Search,Mobile,23,Annual,Standard,3,False
CX04039,19,Fitness,Referral,Mobile,1,Month-to-month,Basic,2,False
CX04040,75,News & Media,App Store,Mobile,10,Month-to-month,Standard,2,True
CX04041,31,Productivity,Organic Search,Desktop,13,Month-to-month,Plus,3,False
CX04042,34,Gaming,Paid Social,Mobile,34,Month-to-month,Standard,4,False
CX04043,18,News & Media,Organic Search,Desktop,36,Annual,Basic,1,True
CX04044,38,Fintech,Paid Social,Mobile,22,Month-to-month,Standard,2,True
CX04045,29,Streaming,Referral,Desktop,15,Month-to-month,Plus,2,False
CX04046,21,Cloud Storage,App Store,Mobile,23,Month-to-month,Standard,2,False
CX04047,55,Fitness,Paid Social,Mobile,8,Annual,Basic,3,True
CX04048,27,News & Media,Email Campaign,Desktop,22,Two year,Standard,3,False
CX04049,59,Streaming,App Store,Mobile,27,Month-to-month,Plus,3,False
CX04050,32,Fintech,Organic Search,Mobile,40,Annual,Basic,2,False
CX04051,36,Fitness,Referral,Mobile,10,Month-to-month,Standard,5,False
CX04052,18,Productivity,App Store,Mobile,34,Month-to-month,Standard,2,False
CX04053,41,Fintech,Referral,Desktop,10,Month-to-month,Standard,3,False
CX04054,35,News & Media,Paid Social,Mobile,14,Annual,Basic,2,True
CX04055,25,Streaming,Organic Search,Desktop,19,Two year,Standard,2,False
CX04056,29,Cloud Storage,Influencer,Mobile,16,Month-to-month,Plus,2,False
CX04057,33,Productivity,App Store,Mobile,8,Month-to-month,Premium,8,False
CX04058,57,Fintech,Organic Search,Desktop,5,Month-to-month,Standard,1,False
CX04059,29,Productivity,Organic Search,Mobile,5,Month-to-month,Premium,4,False
CX04060,68,Cloud Storage,Referral,Mobile,70,Two year,Standard,1,False
CX04061,33,Fintech,App Store,Desktop,19,Annual,Plus,4,False
CX04062,40,Streaming,App Store,Mobile,4,Annual,Standard,2,False
CX04063,35,News & Media,Influencer,Mobile,23,Annual,Standard,4,False
CX04064,44,Productivity,App Store,Mobile,18,Annual,Premium,3,False
CX04065,41,Fintech,Organic Search,Mobile,27,Annual,Basic,3,False
CX04066,37,Fintech,Organic Search,Desktop,14,Two year,Standard,3,False
CX04067,31,Productivity,Email Campaign,Desktop,46,Annual,Basic,1,False
CX04068,28,Streaming,Organic Search,Desktop,52,Annual,Premium,4,False
CX04069,45,Streaming,Organic Search,Desktop,8,Annual,Standard,5,True
CX04070,40,Fitness,App Store,Desktop,47,Month-to-month,Plus,1,True
CX04071,45,Fitness,Email Campaign,Mobile,28,Two year,Plus,8,False
CX04072,46,Streaming,Email Campaign,Desktop,33,Month-to-month,Basic,2,False
CX04073,43,Cloud Storage,Paid Social,Mobile,46,Annual,Basic,1,False
CX04074,30,Fintech,App Store,Mobile,39,Two year,Premium,4,False
CX04075,54,Cloud Storage,Referral,Desktop,8,Month-to-month,Basic,3,False
CX04076,30,News & Media,Influencer,Mobile,27,Month-to-month,Standard,1,False
CX04077,18,News & Media,App Store,Desktop,9,Month-to-month,Plus,3,False
CX04078,18,Cloud Storage,Organic Search,Mobile,33,Two year,Premium,8,False
CX04079,20,Streaming,Paid Social,Smart TV,4,Month-to-month,Basic,1,True
CX04080,52,Streaming,App Store,Mobile,8,Month-to-month,Plus,4,True
CX04081,18,Streaming,Organic Search,Mobile,31,Month-to-month,Premium,2,False
CX04082,36,Cloud Storage,Influencer,Mobile,58,Two year,Standard,3,False
CX04083,45,Fintech,Paid Social,Mobile,19,Annual,Standard,4,False
CX04084,37,Cloud Storage,Referral,Mobile,6,Annual,Standard,2,False
CX04085,18,Fitness,Paid Social,Desktop,6,Annual,Standard,4,False
CX04086,36,Gaming,Organic Search,Mobile,39,Annual,Plus,1,False
CX04087,18,Fitness,Organic Search,Tablet,15,Annual,Basic,2,False
CX04088,24,Streaming,App Store,Mobile,18,Month-to-month,Basic,3,False
CX04089,23,Streaming,Organic Search,Mobile,22,Two year,Standard,3,False
CX04090,39,Streaming,Paid Social,Mobile,37,Month-to-month,Premium,7,False
CX04091,58,Productivity,App Store,Mobile,10,Month-to-month,Premium,5,False
CX04092,35,Productivity,Referral,Tablet,23,Annual,Standard,5,False
CX04093,49,Cloud Storage,Referral,Mobile,4,Month-to-month,Basic,1,False
CX04094,27,Fintech,Paid Social,Desktop,1,Month-to-month,Basic,3,True
CX04095,32,News & Media,Paid Social,Mobile,11,Month-to-month,Basic,5,False
CX04096,67,Cloud Storage,Organic Search,Desktop,29,Annual,Basic,1,False
CX04097,22,Streaming,Paid Social,Smart TV,20,Annual,Plus,3,False
CX04098,43,Cloud Storage,Referral,Mobile,27,Annual,Premium,1,False
CX04099,46,Cloud Storage,Organic Search,Mobile,19,Annual,Plus,4,False
CX04100,49,Fintech,Paid Social,Mobile,35,Annual,Premium,6,False
CX04101,49,News & Media,Influencer,Mobile,12,Month-to-month,Basic,2,False
CX04102,46,Gaming,Email Campaign,Desktop,6,Annual,Basic,2,True
CX04103,36,Gaming,Organic Search,Mobile,22,Annual,Premium,7,False
CX04104,46,Fitness,Organic Search,Desktop,33,Annual,Plus,2,False
CX04105,35,Fintech,Organic Search,Mobile,23,Annual,Premium,7,True
CX04106,18,News & Media,App Store,Mobile,5,Month-to-month,Plus,3,False
CX04107,25,Cloud Storage,Organic Search,Mobile,34,Annual,Basic,1,False
CX04108,43,News & Media,Referral,Mobile,25,Annual,Basic,2,False
CX04109,18,Productivity,App Store,Mobile,26,Month-to-month,Standard,3,True
CX04110,18,Productivity,Organic Search,Desktop,12,Month-to-month,Basic,3,True
CX04111,18,Gaming,Paid Social,Mobile,13,Month-to-month,Standard,4,False
CX04112,36,Streaming,Organic Search,Desktop,57,Two year,Plus,3,True
CX04113,34,Streaming,Referral,Tablet,9,Month-to-month,Basic,3,False
CX04114,29,Productivity,Organic Search,Mobile,33,Month-to-month,Plus,4,True
CX04115,41,Productivity,App Store,Smart TV,11,Annual,Standard,1,False
CX04116,39,Fintech,Influencer,Desktop,49,Annual,Premium,3,False
CX04117,21,Streaming,Referral,Smart TV,17,Month-to-month,Premium,5,False
CX04118,46,Streaming,Paid Social,Desktop,40,Month-to-month,Premium,8,False
CX04119,37,Fintech,Paid Social,Tablet,35,Two year,Plus,3,False
CX04120,39,Cloud Storage,Influencer,Mobile,13,Month-to-month,Premium,4,True
CX04121,37,Streaming,Referral,Mobile,30,Two year,Basic,2,True
CX04122,22,Fintech,Organic Search,Desktop,11,Month-to-month,Plus,6,True
CX04123,38,Fintech,Organic Search,Desktop,16,Month-to-month,Plus,7,False
CX04124,34,Streaming,Paid Social,Mobile,6,Month-to-month,Premium,4,False
CX04125,44,Fintech,Organic Search,Desktop,8,Month-to-month,Basic,1,False
CX04126,41,Gaming,App Store,Mobile,39,Annual,Plus,1,False
CX04127,41,Streaming,Organic Search,Mobile,26,Annual,Basic,3,False
CX04128,54,Gaming,Paid Social,Desktop,12,Month-to-month,Standard,2,False
CX04129,52,Fitness,Paid Social,Desktop,3,Month-to-month,Standard,3,True
CX04130,29,Fintech,Organic Search,Mobile,27,Annual,Standard,3,False
CX04131,38,Fitness,Paid Social,Smart TV,20,Two year,Basic,1,False
CX04132,18,Fitness,Paid Social,Desktop,27,Month-to-month,Standard,2,False
CX04133,29,Productivity,Email Campaign,Mobile,15,Annual,Standard,2,False
CX04134,41,Productivity,App Store,Mobile,15,Month-to-month,Premium,3,False
CX04135,24,Fintech,Paid Social,Mobile,9,Month-to-month,Basic,1,False
CX04136,34,Cloud Storage,Organic Search,Tablet,18,Month-to-month,Premium,4,False
CX04137,35,News & Media,App Store,Desktop,28,Annual,Standard,4,True
CX04138,35,Cloud Storage,App Store,Mobile,27,Annual,Plus,4,True
CX04139,53,Productivity,Email Campaign,Smart TV,9,Month-to-month,Basic,3,False
CX04140,28,Gaming,Organic Search,Mobile,18,Annual,Basic,2,True
CX04141,18,Fitness,Organic Search,Mobile,6,Month-to-month,Basic,2,False
CX04142,18,Fintech,App Store,Mobile,16,Month-to-month,Basic,3,True
CX04143,55,Streaming,Paid Social,Mobile,13,Annual,Premium,2,False
CX04144,39,Fitness,Paid Social,Desktop,22,Month-to-month,Standard,3,False
CX04145,24,Streaming,Email Campaign,Mobile,8,Month-to-month,Standard,2,False
CX04146,40,Fitness,Email Campaign,Mobile,20,Month-to-month,Plus,7,False
CX04147,34,Cloud Storage,Organic Search,Mobile,21,Annual,Standard,4,False
CX04148,28,Fintech,Organic Search,Tablet,4,Month-to-month,Standard,1,True
CX04149,34,Fitness,App Store,Mobile,84,Two year,Plus,4,True
CX04150,27,Productivity,App Store,Mobile,5,Month-to-month,Standard,3,True
CX04151,18,Streaming,Influencer,Smart TV,26,Month-to-month,Plus,3,False
CX04152,54,Streaming,Influencer,Smart TV,17,Month-to-month,Plus,5,False
CX04153,35,Fintech,Paid Social,Mobile,16,Month-to-month,Standard,2,False
CX04154,39,Streaming,App Store,Mobile,18,Month-to-month,Basic,1,False
CX04155,20,Streaming,App Store,Desktop,1,Month-to-month,Basic,1,False
CX04156,35,Productivity,Influencer,Smart TV,7,Month-to-month,Standard,3,True
CX04157,29,Gaming,Email Campaign,Mobile,70,Annual,Plus,3,False
CX04158,23,Fintech,Email Campaign,Tablet,24,Annual,Premium,5,False
CX04159,57,Cloud Storage,Organic Search,Mobile,2,Month-to-month,Standard,3,False
CX04160,28,Streaming,Organic Search,Desktop,29,Annual,Plus,3,False
CX04161,48,Streaming,Organic Search,Mobile,20,Month-to-month,Standard,4,False
CX04162,47,Fitness,Organic Search,Desktop,15,Annual,Basic,2,False
CX04163,44,Streaming,Influencer,Desktop,26,Month-to-month,Standard,3,True
CX04164,18,Productivity,Referral,Mobile,19,Month-to-month,Basic,1,True
CX04165,19,Fintech,App Store,Mobile,27,Annual,Basic,3,False
CX04166,52,Productivity,Organic Search,Mobile,13,Month-to-month,Basic,2,False
CX04167,36,Streaming,Organic Search,Mobile,53,Two year,Premium,6,False
CX04168,35,Streaming,Email Campaign,Desktop,34,Annual,Basic,4,True
CX04169,33,Streaming,Organic Search,Mobile,28,Two year,Standard,5,False
CX04170,51,News & Media,App Store,Mobile,16,Annual,Plus,4,False
CX04171,32,Fitness,Paid Social,Mobile,28,Annual,Plus,1,True
CX04172,18,News & Media,Paid Social,Desktop,13,Month-to-month,Basic,1,False
CX04173,18,Gaming,App Store,Mobile,57,Annual,Basic,1,True
CX04174,25,News & Media,Referral,Mobile,31,Two year,Plus,6,False
CX04175,50,Productivity,Organic Search,Smart TV,4,Month-to-month,Plus,1,False
CX04176,57,Fintech,Paid Social,Desktop,8,Month-to-month,Basic,3,False
CX04177,24,Cloud Storage,Referral,Mobile,12,Month-to-month,Plus,5,False
CX04178,29,News & Media,App Store,Mobile,65,Month-to-month,Standard,1,False
CX04179,37,Gaming,App Store,Tablet,32,Month-to-month,Standard,5,False
CX04180,51,Streaming,Email Campaign,Mobile,11,Month-to-month,Premium,2,False
CX04181,28,Cloud Storage,App Store,Mobile,10,Month-to-month,Plus,1,False
CX04182,33,Cloud Storage,Organic Search,Mobile,32,Annual,Standard,4,False
CX04183,41,Productivity,App Store,Smart TV,7,Month-to-month,Standard,4,False
CX04184,42,Streaming,Email Campaign,Mobile,2,Month-to-month,Basic,3,False
CX04185,28,News & Media,Referral,Mobile,37,Two year,Standard,3,False
CX04186,33,Fintech,Referral,Mobile,12,Month-to-month,Basic,1,False
CX04187,28,Fintech,Organic Search,Mobile,6,Month-to-month,Basic,2,False
CX04188,24,Cloud Storage,Organic Search,Smart TV,38,Annual,Premium,6,False
CX04189,31,Streaming,Organic Search,Desktop,12,Month-to-month,Plus,6,True
CX04190,30,Fitness,Paid Social,Tablet,54,Annual,Basic,1,False
CX04191,32,Gaming,Email Campaign,Mobile,57,Annual,Standard,3,False
CX04192,25,News & Media,Paid Social,Tablet,10,Month-to-month,Premium,3,True
CX04193,45,Streaming,Paid Social,Mobile,19,Annual,Basic,1,False
CX04194,57,Productivity,Paid Social,Mobile,63,Annual,Premium,5,False
CX04195,35,Streaming,Referral,Mobile,23,Month-to-month,Standard,6,False
CX04196,61,Streaming,App Store,Desktop,70,Two year,Basic,2,False
CX04197,24,Streaming,Referral,Mobile,10,Month-to-month,Standard,3,False
CX04198,30,Fintech,Organic Search,Smart TV,21,Annual,Premium,7,True
CX04199,46,Streaming,Organic Search,Mobile,12,Annual,Basic,1,False
CX04200,18,Productivity,Paid Social,Mobile,11,Month-to-month,Basic,1,True
CX04201,30,Cloud Storage,Organic Search,Desktop,13,Annual,Standard,1,True
CX04202,41,Productivity,Influencer,Mobile,29,Annual,Standard,5,False
CX04203,56,Fitness,Email Campaign,Desktop,2,Month-to-month,Basic,2,False
CX04204,18,Gaming,App Store,Desktop,65,Two year,Standard,6,False
CX04205,30,Streaming,Email Campaign,Mobile,15,Annual,Premium,7,False
CX04206,33,Productivity,Paid Social,Tablet,19,Month-to-month,Standard,1,True
CX04207,30,Productivity,Paid Social,Desktop,42,Annual,Standard,1,True
CX04208,29,Gaming,Organic Search,Desktop,35,Annual,Premium,5,False
CX04209,52,News & Media,Paid Social,Tablet,5,Annual,Basic,2,False
CX04210,34,Fitness,Paid Social,Mobile,31,Two year,Standard,5,False
CX04211,38,Fintech,App Store,Desktop,12,Two year,Premium,3,False
CX04212,36,Productivity,Referral,Smart TV,6,Month-to-month,Premium,6,False
CX04213,38,Fintech,App Store,Mobile,11,Annual,Basic,3,True
CX04214,41,Productivity,Organic Search,Mobile,15,Month-to-month,Basic,1,True
CX04215,44,Fintech,Paid Social,Mobile,10,Month-to-month,Plus,2,True
CX04216,22,Fitness,Email Campaign,Mobile,21,Month-to-month,Basic,2,False
CX04217,50,Cloud Storage,Paid Social,Tablet,1,Month-to-month,Plus,3,False
CX04218,29,Fintech,Referral,Desktop,16,Annual,Basic,2,False
CX04219,30,Streaming,Referral,Smart TV,27,Annual,Basic,2,False
CX04220,37,Fitness,App Store,Desktop,12,Month-to-month,Premium,3,False
CX04221,36,Productivity,App Store,Mobile,10,Annual,Basic,4,False
CX04222,32,Streaming,Organic Search,Mobile,14,Month-to-month,Plus,7,False
CX04223,48,Fintech,Influencer,Desktop,16,Two year,Basic,1,False
CX04224,27,Fitness,Organic Search,Mobile,7,Month-to-month,Premium,5,False
CX04225,32,Streaming,Paid Social,Mobile,21,Month-to-month,Plus,3,False
CX04226,55,News & Media,Organic Search,Desktop,8,Month-to-month,Basic,2,False
CX04227,33,Streaming,Organic Search,Mobile,6,Month-to-month,Plus,3,False
CX04228,33,Fintech,Influencer,Mobile,2,Month-to-month,Basic,2,False
CX04229,21,Cloud Storage,Influencer,Mobile,19,Month-to-month,Basic,2,False
CX04230,37,Streaming,Organic Search,Tablet,17,Month-to-month,Plus,4,False
CX04231,30,Fintech,Organic Search,Mobile,7,Month-to-month,Standard,2,True
CX04232,56,Streaming,Referral,Mobile,7,Month-to-month,Basic,2,False
CX04233,32,Cloud Storage,App Store,Tablet,8,Month-to-month,Standard,3,True
CX04234,29,Cloud Storage,Email Campaign,Smart TV,31,Annual,Basic,2,False
CX04235,45,News & Media,Organic Search,Tablet,18,Month-to-month,Standard,6,False
CX04236,49,Streaming,Referral,Mobile,12,Month-to-month,Basic,3,False
CX04237,41,Cloud Storage,Influencer,Tablet,25,Annual,Standard,4,False
CX04238,53,Fintech,Referral,Desktop,10,Annual,Standard,3,False
CX04239,34,Gaming,Paid Social,Mobile,4,Month-to-month,Plus,3,False
CX04240,18,Fitness,Referral,Smart TV,23,Annual,Standard,3,False
CX04241,32,Fintech,Organic Search,Mobile,25,Two year,Basic,2,False
CX04242,30,Gaming,Organic Search,Smart TV,19,Annual,Premium,6,False
CX04243,32,Cloud Storage,Paid Social,Mobile,15,Annual,Basic,1,True
CX04244,35,Streaming,Referral,Desktop,40,Two year,Basic,3,True
CX04245,22,Streaming,App Store,Smart TV,17,Month-to-month,Premium,6,False
CX04246,53,Productivity,Email Campaign,Mobile,42,Two year,Premium,3,False
CX04247,46,Fitness,Organic Search,Desktop,50,Month-to-month,Basic,6,False
CX04248,40,Streaming,Organic Search,Smart TV,43,Annual,Standard,2,True
CX04249,24,Streaming,Influencer,Desktop,11,Month-to-month,Standard,1,True
CX04250,18,Streaming,Organic Search,Smart TV,22,Month-to-month,Premium,4,False
CX04251,39,Cloud Storage,Paid Social,Mobile,8,Month-to-month,Basic,1,False
CX04252,40,Productivity,Organic Search,Desktop,46,Two year,Basic,1,True
CX04253,35,Streaming,Email Campaign,Mobile,1,Month-to-month,Standard,7,True
CX04254,40,Productivity,App Store,Mobile,8,Month-to-month,Standard,3,False
CX04255,35,Productivity,Paid Social,Smart TV,12,Annual,Standard,3,False
CX04256,27,News & Media,Paid Social,Mobile,22,Annual,Basic,3,True
CX04257,43,Streaming,Organic Search,Mobile,19,Month-to-month,Basic,3,True
CX04258,34,Streaming,Email Campaign,Desktop,29,Annual,Basic,1,True
CX04259,50,Fitness,Referral,Mobile,24,Annual,Standard,3,False
CX04260,40,Fitness,Paid Social,Mobile,33,Two year,Standard,2,True
CX04261,30,Cloud Storage,Paid Social,Tablet,5,Month-to-month,Basic,1,False
CX04262,24,Gaming,Email Campaign,Desktop,30,Annual,Plus,1,False
CX04263,18,Streaming,Referral,Desktop,10,Month-to-month,Basic,2,False
CX04264,51,Productivity,Organic Search,Mobile,35,Two year,Plus,2,False
CX04265,22,Fintech,Influencer,Mobile,9,Month-to-month,Standard,5,False
CX04266,44,Cloud Storage,Referral,Mobile,24,Month-to-month,Plus,4,False
CX04267,33,Productivity,Paid Social,Desktop,40,Two year,Standard,1,False
CX04268,40,Streaming,Paid Social,Mobile,37,Two year,Plus,5,False
CX04269,36,Fintech,App Store,Tablet,23,Month-to-month,Standard,1,False
CX04270,28,News & Media,Organic Search,Mobile,11,Month-to-month,Standard,3,False
CX04271,55,Productivity,App Store,Mobile,23,Month-to-month,Standard,4,False
CX04272,35,Cloud Storage,Referral,Desktop,46,Month-to-month,Basic,3,True
CX04273,46,Fintech,Organic Search,Desktop,2,Month-to-month,Basic,3,False
CX04274,38,Streaming,Organic Search,Desktop,18,Annual,Premium,5,False
CX04275,43,News & Media,Organic Search,Desktop,30,Month-to-month,Premium,5,False
CX04276,23,Cloud Storage,Referral,Desktop,52,Annual,Standard,3,False
CX04277,32,News & Media,App Store,Tablet,51,Annual,Plus,6,False
CX04278,18,News & Media,Organic Search,Mobile,13,Two year,Standard,2,True
CX04279,50,Fintech,Email Campaign,Mobile,10,Annual,Premium,5,False
CX04280,28,Streaming,Influencer,Desktop,15,Annual,Premium,8,False
CX04281,42,Streaming,Paid Social,Mobile,41,Month-to-month,Standard,5,False
CX04282,42,Streaming,Email Campaign,Mobile,11,Month-to-month,Plus,3,False
CX04283,38,Productivity,Paid Social,Mobile,48,Annual,Plus,8,False
CX04284,54,Streaming,Referral,Desktop,5,Month-to-month,Standard,3,False
CX04285,18,News & Media,Influencer,Smart TV,8,Month-to-month,Premium,3,False
CX04286,35,Streaming,Paid Social,Mobile,6,Month-to-month,Basic,4,False
CX04287,37,Fintech,Organic Search,Smart TV,25,Annual,Premium,4,False
CX04288,46,Productivity,Paid Social,Desktop,31,Month-to-month,Basic,2,True
CX04289,32,Gaming,App Store,Desktop,22,Month-to-month,Basic,4,False
CX04290,59,News & Media,Referral,Mobile,4,Month-to-month,Basic,3,False
CX04291,37,Fintech,Referral,Mobile,30,Month-to-month,Basic,2,True
CX04292,43,Streaming,Organic Search,Mobile,25,Annual,Standard,2,True
CX04293,23,Productivity,Email Campaign,Mobile,17,Annual,Premium,7,True
CX04294,61,Productivity,Referral,Smart TV,58,Two year,Basic,6,False
CX04295,34,Productivity,Referral,Tablet,22,Annual,Basic,1,False
CX04296,45,Fintech,Referral,Smart TV,19,Annual,Basic,1,False
CX04297,40,Fintech,App Store,Tablet,19,Annual,Premium,3,True
CX04298,25,Streaming,App Store,Desktop,1,Month-to-month,Basic,1,False
CX04299,38,Cloud Storage,Organic Search,Mobile,7,Annual,Plus,4,True
CX04300,49,Cloud Storage,Referral,Smart TV,13,Annual,Basic,2,False
CX04301,27,Streaming,Referral,Smart TV,43,Annual,Standard,3,False
CX04302,44,Productivity,Paid Social,Desktop,3,Month-to-month,Standard,2,False
CX04303,61,News & Media,Organic Search,Mobile,27,Annual,Standard,3,False
CX04304,51,Productivity,Organic Search,Smart TV,17,Two year,Standard,6,True
CX04305,56,Productivity,Paid Social,Tablet,1,Month-to-month,Plus,6,False
CX04306,48,Cloud Storage,App Store,Mobile,14,Annual,Plus,5,False
CX04307,24,Productivity,App Store,Tablet,8,Month-to-month,Standard,7,False
CX04308,31,Fintech,Email Campaign,Mobile,21,Month-to-month,Standard,5,False
CX04309,59,Fitness,Organic Search,Mobile,20,Annual,Basic,3,False
CX04310,33,Fintech,App Store,Mobile,11,Month-to-month,Basic,1,False
CX04311,27,News & Media,Organic Search,Mobile,8,Month-to-month,Basic,2,False
CX04312,24,Fintech,Paid Social,Tablet,7,Month-to-month,Standard,2,False
CX04313,53,Streaming,Paid Social,Mobile,18,Annual,Standard,3,False
CX04314,41,Fintech,Paid Social,Desktop,19,Month-to-month,Basic,2,False
CX04315,18,Fintech,Paid Social,Mobile,57,Annual,Basic,3,False
CX04316,50,Streaming,Influencer,Mobile,1,Month-to-month,Standard,2,False
CX04317,28,Productivity,Paid Social,Smart TV,23,Month-to-month,Basic,3,False
CX04318,34,Productivity,Influencer,Mobile,13,Month-to-month,Standard,2,True
CX04319,43,Streaming,Paid Social,Desktop,39,Two year,Plus,7,False
CX04320,27,Streaming,Email Campaign,Mobile,15,Month-to-month,Standard,2,False
CX04321,21,Cloud Storage,App Store,Desktop,21,Month-to-month,Plus,2,True
CX04322,27,Fitness,Paid Social,Mobile,52,Annual,Standard,3,True
CX04323,18,Streaming,Organic Search,Mobile,34,Annual,Plus,4,False
CX04324,20,Fintech,Influencer,Desktop,17,Month-to-month,Plus,2,True
CX04325,50,Cloud Storage,Paid Social,Mobile,20,Annual,Basic,2,False
CX04326,54,Streaming,Organic Search,Mobile,8,Month-to-month,Standard,4,False
CX04327,58,Streaming,App Store,Smart TV,13,Two year,Premium,7,True
CX04328,35,News & Media,Paid Social,Mobile,4,Month-to-month,Basic,2,True
CX04329,32,Fintech,Paid Social,Tablet,6,Month-to-month,Standard,3,False
CX04330,18,Cloud Storage,Referral,Mobile,31,Annual,Plus,3,False
CX04331,41,Streaming,Email Campaign,Mobile,8,Annual,Basic,2,False
CX04332,20,Cloud Storage,Referral,Mobile,9,Month-to-month,Plus,4,False
CX04333,47,Streaming,Organic Search,Desktop,52,Two year,Standard,2,False
CX04334,55,Productivity,Organic Search,Mobile,16,Month-to-month,Premium,4,False
CX04335,40,News & Media,Referral,Mobile,17,Annual,Basic,2,True
CX04336,18,Productivity,Organic Search,Desktop,12,Month-to-month,Basic,2,False
CX04337,26,Fitness,App Store,Mobile,25,Month-to-month,Basic,1,False
CX04338,56,Streaming,Email Campaign,Mobile,24,Month-to-month,Basic,3,True
CX04339,39,News & Media,Paid Social,Desktop,12,Annual,Standard,5,False
CX04340,23,Streaming,Referral,Mobile,41,Month-to-month,Basic,1,False
CX04341,18,Productivity,Paid Social,Mobile,24,Annual,Basic,1,False
CX04342,44,Cloud Storage,Paid Social,Desktop,24,Annual,Plus,2,False
CX04343,29,Cloud Storage,Influencer,Mobile,30,Annual,Basic,2,True
CX04344,54,Fitness,Organic Search,Mobile,5,Month-to-month,Standard,3,False
CX04345,28,Gaming,Referral,Mobile,3,Month-to-month,Plus,8,False
CX04346,32,Fintech,App Store,Mobile,19,Month-to-month,Standard,3,False
CX04347,45,Productivity,Paid Social,Mobile,24,Two year,Standard,2,False
CX04348,29,Fintech,Organic Search,Mobile,5,Month-to-month,Standard,3,False
CX04349,18,Productivity,Paid Social,Tablet,44,Annual,Plus,1,False
CX04350,27,Gaming,Organic Search,Desktop,23,Month-to-month,Plus,8,True
CX04351,36,News & Media,Paid Social,Smart TV,3,Month-to-month,Basic,2,False
CX04352,18,Productivity,Referral,Mobile,10,Month-to-month,Basic,3,False
CX04353,36,Fintech,Organic Search,Mobile,21,Annual,Basic,1,False
CX04354,43,Fintech,Paid Social,Mobile,4,Month-to-month,Standard,2,False
CX04355,18,Gaming,Influencer,Desktop,44,Two year,Plus,2,False
CX04356,51,Streaming,Organic Search,Mobile,22,Two year,Plus,2,True
CX04357,27,Fintech,Paid Social,Tablet,3,Month-to-month,Plus,4,False
CX04358,44,Streaming,Paid Social,Mobile,16,Annual,Basic,1,False
CX04359,21,Streaming,Paid Social,Desktop,11,Month-to-month,Plus,8,True
CX04360,28,Fintech,Organic Search,Mobile,11,Month-to-month,Standard,2,True
CX04361,38,Productivity,App Store,Mobile,25,Annual,Standard,3,False
CX04362,61,Fitness,Referral,Mobile,24,Month-to-month,Basic,2,True
CX04363,33,Cloud Storage,Paid Social,Desktop,18,Annual,Basic,2,True
CX04364,27,Fintech,Paid Social,Mobile,52,Annual,Standard,3,False
CX04365,46,Gaming,Paid Social,Desktop,28,Two year,Basic,2,True
CX04366,18,Productivity,Paid Social,Mobile,16,Month-to-month,Basic,2,False
CX04367,45,Streaming,App Store,Desktop,43,Two year,Basic,3,False
CX04368,27,Fitness,Organic Search,Mobile,4,Annual,Plus,4,False
CX04369,27,Fintech,Paid Social,Mobile,19,Annual,Basic,2,True
CX04370,23,Productivity,App Store,Mobile,29,Annual,Plus,2,False
CX04371,49,Productivity,Referral,Desktop,16,Annual,Basic,2,False
CX04372,42,Cloud Storage,Referral,Desktop,34,Month-to-month,Standard,3,False
CX04373,47,Streaming,Organic Search,Mobile,20,Month-to-month,Premium,4,True
CX04374,21,Fitness,Organic Search,Desktop,14,Month-to-month,Standard,4,False
CX04375,19,Fintech,App Store,Mobile,18,Month-to-month,Basic,2,False
CX04376,39,Fintech,Paid Social,Mobile,5,Month-to-month,Standard,1,False
CX04377,39,Streaming,Email Campaign,Tablet,12,Month-to-month,Standard,6,False
CX04378,34,Productivity,Influencer,Mobile,22,Month-to-month,Standard,4,False
CX04379,18,Streaming,Organic Search,Tablet,7,Month-to-month,Basic,3,True
CX04380,18,Cloud Storage,Paid Social,Mobile,18,Annual,Standard,2,True
CX04381,50,Gaming,Organic Search,Desktop,12,Month-to-month,Standard,1,False
CX04382,41,Productivity,Paid Social,Desktop,11,Month-to-month,Basic,2,False
CX04383,45,Fintech,Influencer,Desktop,14,Month-to-month,Basic,2,False
CX04384,36,News & Media,Influencer,Mobile,39,Two year,Basic,1,False
CX04385,33,Productivity,Paid Social,Mobile,38,Annual,Standard,1,True
CX04386,40,Streaming,Paid Social,Mobile,21,Two year,Standard,3,True
CX04387,31,Fitness,Paid Social,Mobile,5,Month-to-month,Premium,5,False
CX04388,36,Productivity,Email Campaign,Mobile,49,Month-to-month,Standard,3,False
CX04389,45,Productivity,App Store,Desktop,4,Annual,Basic,1,False
CX04390,18,Streaming,Paid Social,Desktop,17,Month-to-month,Basic,1,True
CX04391,42,Streaming,Organic Search,Mobile,19,Month-to-month,Standard,2,False
CX04392,43,Fintech,Organic Search,Mobile,10,Month-to-month,Basic,2,False
CX04393,32,Fintech,Paid Social,Smart TV,37,Month-to-month,Basic,3,False
CX04394,31,Cloud Storage,Organic Search,Mobile,14,Month-to-month,Basic,2,True
CX04395,38,Streaming,Referral,Mobile,51,Two year,Standard,2,False
CX04396,42,Fintech,Referral,Mobile,23,Annual,Plus,3,True
CX04397,48,Streaming,Referral,Mobile,12,Two year,Basic,2,True
CX04398,50,Cloud Storage,App Store,Mobile,12,Annual,Standard,3,True
CX04399,34,Fitness,Email Campaign,Mobile,6,Month-to-month,Basic,2,True
CX04400,44,Streaming,App Store,Desktop,13,Two year,Plus,1,True
CX04401,43,Fintech,Organic Search,Mobile,23,Annual,Standard,3,False
CX04402,48,Fintech,App Store,Mobile,36,Annual,Basic,1,False
CX04403,40,Fintech,Influencer,Mobile,36,Annual,Basic,1,False
CX04404,44,Fintech,Paid Social,Desktop,5,Month-to-month,Plus,4,True
CX04405,24,Fintech,App Store,Mobile,24,Two year,Standard,2,False
CX04406,18,Streaming,Organic Search,Desktop,4,Month-to-month,Basic,1,False
CX04407,43,News & Media,Influencer,Mobile,5,Month-to-month,Plus,2,False
CX04408,50,Fitness,Organic Search,Mobile,34,Month-to-month,Basic,3,False
CX04409,36,Gaming,Paid Social,Smart TV,2,Month-to-month,Plus,6,False
CX04410,25,Streaming,Referral,Desktop,8,Month-to-month,Plus,4,False
CX04411,46,Streaming,Organic Search,Mobile,11,Annual,Standard,6,False
CX04412,50,Productivity,Paid Social,Desktop,13,Annual,Plus,3,False
CX04413,33,Streaming,Email Campaign,Mobile,51,Two year,Standard,4,False
CX04414,52,Fintech,Influencer,Desktop,36,Annual,Premium,7,False
CX04415,31,Streaming,Referral,Mobile,21,Two year,Premium,6,False
CX04416,25,Fintech,Paid Social,Mobile,37,Two year,Basic,3,False
CX04417,30,Cloud Storage,App Store,Mobile,16,Annual,Plus,3,False
CX04418,47,Fintech,Paid Social,Mobile,3,Month-to-month,Plus,4,True
CX04419,31,Streaming,Organic Search,Mobile,24,Month-to-month,Standard,5,False
CX04420,53,Fintech,Referral,Mobile,11,Month-to-month,Basic,3,False
CX04421,34,Streaming,Organic Search,Mobile,17,Annual,Plus,4,True
CX04422,18,Streaming,App Store,Smart TV,15,Two year,Standard,6,False
CX04423,46,Fintech,Organic Search,Desktop,14,Annual,Standard,4,False
CX04424,39,Streaming,Organic Search,Tablet,14,Annual,Premium,5,False
CX04425,34,News & Media,Paid Social,Mobile,48,Two year,Standard,2,True
CX04426,20,News & Media,Paid Social,Mobile,12,Annual,Basic,1,False
CX04427,26,Fitness,Influencer,Mobile,20,Month-to-month,Premium,7,True
CX04428,45,Fitness,Organic Search,Desktop,44,Annual,Standard,3,True
CX04429,24,Fintech,Influencer,Desktop,11,Annual,Standard,1,False
CX04430,25,Fitness,Email Campaign,Mobile,27,Two year,Plus,2,False
CX04431,46,Gaming,Referral,Tablet,49,Annual,Plus,3,False
CX04432,35,Streaming,App Store,Desktop,11,Month-to-month,Premium,8,True
CX04433,24,Fintech,App Store,Mobile,47,Two year,Basic,2,False
CX04434,28,Streaming,App Store,Mobile,33,Month-to-month,Basic,1,True
CX04435,41,Streaming,Organic Search,Desktop,12,Month-to-month,Premium,6,False
CX04436,39,Streaming,Organic Search,Mobile,27,Annual,Plus,6,False
CX04437,33,Streaming,Influencer,Smart TV,33,Month-to-month,Standard,4,True
CX04438,55,Gaming,Influencer,Smart TV,14,Month-to-month,Plus,2,True
CX04439,29,Productivity,Referral,Smart TV,16,Annual,Basic,2,False
CX04440,44,Productivity,Organic Search,Desktop,22,Annual,Plus,3,False
CX04441,32,Fintech,Organic Search,Smart TV,23,Month-to-month,Plus,2,False
CX04442,35,Cloud Storage,App Store,Desktop,2,Month-to-month,Basic,1,False
CX04443,41,Gaming,Organic Search,Mobile,19,Annual,Basic,1,False
CX04444,30,Gaming,Paid Social,Smart TV,8,Annual,Basic,2,True
CX04445,42,Streaming,Paid Social,Desktop,12,Month-to-month,Standard,3,True
CX04446,56,Cloud Storage,Influencer,Mobile,40,Month-to-month,Basic,1,False
CX04447,24,Streaming,Organic Search,Mobile,29,Annual,Plus,5,True
CX04448,41,Productivity,App Store,Mobile,52,Two year,Standard,1,False
CX04449,48,Gaming,Organic Search,Tablet,19,Annual,Standard,1,True
CX04450,44,Streaming,Paid Social,Desktop,41,Annual,Plus,3,True
CX04451,37,Streaming,Paid Social,Desktop,14,Month-to-month,Standard,3,False
CX04452,22,Streaming,Organic Search,Tablet,35,Month-to-month,Standard,5,False
CX04453,43,Productivity,App Store,Mobile,30,Month-to-month,Plus,4,False
CX04454,36,Cloud Storage,Email Campaign,Mobile,11,Month-to-month,Basic,1,False
CX04455,18,Cloud Storage,Paid Social,Mobile,25,Annual,Standard,4,False
CX04456,35,Streaming,Organic Search,Desktop,18,Month-to-month,Standard,1,False
CX04457,30,Productivity,Email Campaign,Mobile,6,Annual,Standard,3,True
CX04458,23,Cloud Storage,Organic Search,Mobile,33,Annual,Basic,2,True
CX04459,56,Fintech,Paid Social,Mobile,16,Month-to-month,Basic,1,False
CX04460,50,Fitness,Organic Search,Mobile,18,Month-to-month,Standard,4,False
CX04461,47,Fintech,Referral,Mobile,55,Annual,Basic,1,False
CX04462,25,Streaming,Organic Search,Mobile,35,Two year,Basic,1,False
CX04463,57,Streaming,App Store,Desktop,15,Month-to-month,Premium,4,False
CX04464,58,Fitness,Organic Search,Mobile,6,Month-to-month,Premium,4,False
CX04465,42,Gaming,Organic Search,Desktop,25,Annual,Premium,5,False
CX04466,34,Streaming,Paid Social,Mobile,12,Month-to-month,Plus,3,False
CX04467,18,Fitness,App Store,Tablet,8,Month-to-month,Basic,3,False
CX04468,35,News & Media,Organic Search,Tablet,35,Two year,Plus,3,False
CX04469,24,Streaming,Influencer,Mobile,21,Month-to-month,Standard,4,True
CX04470,25,Productivity,Referral,Desktop,22,Annual,Standard,1,False
CX04471,38,Fintech,Organic Search,Mobile,14,Month-to-month,Standard,1,False
CX04472,37,News & Media,Referral,Tablet,21,Two year,Standard,2,False
CX04473,46,Streaming,Paid Social,Smart TV,33,Annual,Basic,2,False
CX04474,30,Productivity,Organic Search,Mobile,21,Annual,Standard,2,True
CX04475,24,Streaming,Organic Search,Tablet,38,Two year,Premium,8,False
CX04476,47,Cloud Storage,Email Campaign,Desktop,30,Two year,Standard,3,False
CX04477,41,News & Media,Organic Search,Smart TV,27,Annual,Standard,4,True
CX04478,35,News & Media,Email Campaign,Mobile,24,Annual,Plus,1,False
CX04479,20,Fintech,Referral,Desktop,45,Two year,Plus,5,False
CX04480,58,Gaming,Organic Search,Desktop,28,Annual,Standard,1,True
CX04481,20,Streaming,Referral,Smart TV,32,Annual,Plus,7,False
CX04482,44,Streaming,App Store,Mobile,7,Month-to-month,Plus,6,True
CX04483,40,Fintech,Email Campaign,Desktop,57,Annual,Basic,2,False
CX04484,58,Streaming,App Store,Tablet,5,Month-to-month,Standard,2,True
CX04485,36,Streaming,Paid Social,Smart TV,20,Month-to-month,Standard,3,True
CX04486,18,Streaming,Organic Search,Mobile,11,Month-to-month,Standard,2,False
CX04487,28,Streaming,Organic Search,Mobile,9,Month-to-month,Basic,1,False
CX04488,21,Streaming,Paid Social,Desktop,6,Month-to-month,Premium,6,True
CX04489,37,News & Media,Email Campaign,Tablet,40,Month-to-month,Standard,2,False
CX04490,23,Productivity,Organic Search,Mobile,17,Annual,Basic,1,False
CX04491,53,News & Media,Paid Social,Mobile,11,Annual,Basic,1,False
CX04492,48,Fintech,Paid Social,Mobile,29,Annual,Plus,2,False
CX04493,52,Cloud Storage,Paid Social,Mobile,3,Month-to-month,Standard,1,True
CX04494,40,Gaming,Referral,Mobile,18,Annual,Standard,4,False
CX04495,27,Streaming,Paid Social,Mobile,12,Month-to-month,Standard,3,False
CX04496,19,Fitness,Email Campaign,Mobile,19,Month-to-month,Basic,3,False
CX04497,35,Cloud Storage,Paid Social,Mobile,26,Month-to-month,Standard,2,False
CX04498,34,Fitness,Email Campaign,Mobile,25,Two year,Plus,3,False
CX04499,44,Fitness,Paid Social,Mobile,6,Month-to-month,Premium,4,True
CX04500,23,Streaming,Paid Social,Mobile,17,Month-to-month,Standard,5,False
CX04501,22,Gaming,Influencer,Smart TV,74,Two year,Premium,8,False
CX04502,41,Cloud Storage,Referral,Mobile,6,Month-to-month,Standard,3,False
CX04503,36,Cloud Storage,Paid Social,Desktop,15,Month-to-month,Standard,4,True
CX04504,23,News & Media,Referral,Mobile,16,Annual,Standard,3,False
CX04505,27,Fintech,Referral,Tablet,55,Annual,Basic,1,False
CX04506,45,Streaming,Paid Social,Smart TV,28,Month-to-month,Standard,3,True
CX04507,35,News & Media,Referral,Mobile,13,Annual,Basic,2,False
CX04508,43,Cloud Storage,Paid Social,Mobile,32,Annual,Premium,6,False
CX04509,41,Streaming,App Store,Tablet,16,Two year,Plus,2,False
CX04510,31,Streaming,App Store,Tablet,10,Annual,Basic,3,False
CX04511,48,Productivity,Paid Social,Tablet,12,Month-to-month,Plus,5,False
CX04512,38,Cloud Storage,Organic Search,Mobile,11,Month-to-month,Premium,2,True
CX04513,27,Gaming,Paid Social,Mobile,7,Month-to-month,Plus,5,False
CX04514,20,Gaming,App Store,Mobile,40,Month-to-month,Basic,2,False
CX04515,31,Fitness,Paid Social,Desktop,22,Month-to-month,Premium,3,False
CX04516,38,Streaming,Referral,Tablet,15,Month-to-month,Basic,3,False
CX04517,24,Fitness,Referral,Tablet,43,Annual,Basic,3,False
CX04518,26,Streaming,App Store,Mobile,50,Two year,Standard,2,False
CX04519,32,Cloud Storage,Organic Search,Smart TV,31,Two year,Premium,5,False
CX04520,56,Streaming,Paid Social,Desktop,7,Month-to-month,Standard,4,False
CX04521,18,Streaming,Paid Social,Desktop,8,Month-to-month,Standard,1,False
CX04522,35,Gaming,Organic Search,Mobile,3,Month-to-month,Plus,2,True
CX04523,57,Fitness,Organic Search,Smart TV,40,Two year,Plus,2,False
CX04524,35,Productivity,Influencer,Mobile,52,Annual,Plus,3,False
CX04525,38,Streaming,Paid Social,Mobile,25,Annual,Premium,4,True
CX04526,35,Productivity,App Store,Mobile,32,Two year,Standard,3,False
CX04527,48,Fitness,Referral,Desktop,9,Month-to-month,Basic,2,False
CX04528,23,Cloud Storage,Organic Search,Desktop,27,Month-to-month,Premium,7,False
CX04529,35,Streaming,Organic Search,Mobile,10,Month-to-month,Plus,3,False
CX04530,49,Productivity,Paid Social,Smart TV,32,Two year,Standard,2,False
CX04531,43,Cloud Storage,Paid Social,Desktop,14,Annual,Standard,5,True
CX04532,22,Fintech,Paid Social,Mobile,19,Month-to-month,Standard,1,False
CX04533,42,Streaming,Referral,Desktop,10,Annual,Standard,3,False
CX04534,39,Fitness,App Store,Smart TV,15,Month-to-month,Basic,4,False
CX04535,39,Streaming,Referral,Smart TV,22,Month-to-month,Standard,1,True
CX04536,29,Productivity,Organic Search,Mobile,19,Annual,Standard,3,False
CX04537,42,Fintech,Paid Social,Mobile,16,Annual,Basic,4,True
CX04538,48,Gaming,Influencer,Desktop,40,Two year,Basic,2,True
CX04539,36,Streaming,Paid Social,Mobile,23,Month-to-month,Basic,3,False
CX04540,18,Fintech,Referral,Mobile,48,Two year,Basic,1,True
CX04541,36,Fitness,Organic Search,Mobile,15,Month-to-month,Basic,4,False
CX04542,40,Gaming,Referral,Desktop,30,Month-to-month,Premium,3,False
CX04543,54,Fintech,Paid Social,Tablet,37,Two year,Standard,6,False
CX04544,42,Fintech,Email Campaign,Mobile,7,Month-to-month,Plus,3,True
CX04545,34,Cloud Storage,Organic Search,Mobile,12,Month-to-month,Standard,2,True
CX04546,43,Productivity,App Store,Mobile,9,Month-to-month,Basic,2,False
CX04547,36,Productivity,Organic Search,Mobile,5,Annual,Premium,3,False
CX04548,39,Streaming,Referral,Mobile,18,Annual,Basic,1,True
CX04549,31,News & Media,Organic Search,Desktop,13,Two year,Basic,1,False
CX04550,25,Productivity,Influencer,Desktop,17,Annual,Standard,3,False
CX04551,30,Streaming,App Store,Mobile,31,Two year,Basic,1,False
CX04552,27,Fintech,Paid Social,Mobile,19,Two year,Basic,1,False
CX04553,34,Fintech,Referral,Desktop,5,Month-to-month,Plus,5,True
CX04554,20,Fintech,Paid Social,Mobile,12,Annual,Plus,3,True
CX04555,33,Streaming,App Store,Mobile,26,Annual,Standard,3,True
CX04556,54,Fintech,Referral,Mobile,11,Month-to-month,Standard,1,False
CX04557,34,Productivity,Organic Search,Mobile,24,Annual,Plus,4,True
CX04558,43,Productivity,App Store,Tablet,32,Month-to-month,Basic,2,False
CX04559,39,Fintech,Paid Social,Desktop,10,Month-to-month,Basic,2,False
CX04560,51,Fintech,App Store,Smart TV,12,Month-to-month,Basic,3,False
CX04561,34,Gaming,Paid Social,Mobile,8,Month-to-month,Plus,6,False
CX04562,34,Cloud Storage,Paid Social,Tablet,40,Month-to-month,Standard,2,False
CX04563,18,Cloud Storage,Email Campaign,Mobile,19,Month-to-month,Plus,4,False
CX04564,30,Streaming,Email Campaign,Mobile,17,Annual,Basic,3,False
CX04565,28,Fintech,Referral,Smart TV,5,Month-to-month,Standard,2,False
CX04566,65,Fintech,Organic Search,Mobile,11,Month-to-month,Basic,2,False
CX04567,26,Fintech,Organic Search,Mobile,27,Two year,Standard,1,False
CX04568,18,Streaming,Paid Social,Desktop,56,Month-to-month,Basic,2,False
CX04569,60,Fitness,Influencer,Desktop,5,Month-to-month,Standard,2,False
CX04570,47,Productivity,Organic Search,Mobile,17,Month-to-month,Standard,4,False
CX04571,22,Fitness,App Store,Desktop,15,Annual,Plus,5,True
CX04572,33,Fitness,App Store,Smart TV,33,Annual,Basic,2,False
CX04573,24,Streaming,Organic Search,Desktop,16,Month-to-month,Basic,2,False
CX04574,41,Productivity,Referral,Mobile,56,Two year,Plus,2,False
CX04575,24,Streaming,Paid Social,Mobile,13,Month-to-month,Basic,1,False
CX04576,30,Cloud Storage,Influencer,Mobile,12,Month-to-month,Premium,8,True
CX04577,30,Fintech,Organic Search,Desktop,4,Month-to-month,Standard,2,False
CX04578,35,Productivity,Organic Search,Desktop,76,Annual,Basic,2,False
CX04579,44,Fintech,Paid Social,Smart TV,50,Two year,Standard,4,False
CX04580,32,News & Media,Organic Search,Desktop,28,Month-to-month,Basic,3,True
CX04581,36,Fintech,Paid Social,Mobile,21,Annual,Basic,3,False
CX04582,41,Cloud Storage,Referral,Desktop,19,Annual,Standard,1,False
CX04583,53,Streaming,Organic Search,Desktop,58,Two year,Basic,2,True
CX04584,56,Productivity,Paid Social,Mobile,43,Annual,Standard,5,False
CX04585,49,Cloud Storage,Organic Search,Mobile,18,Month-to-month,Standard,3,False
CX04586,38,Productivity,Paid Social,Desktop,7,Month-to-month,Basic,1,False
CX04587,50,Gaming,Referral,Desktop,32,Month-to-month,Basic,2,False
CX04588,40,Cloud Storage,Paid Social,Mobile,10,Month-to-month,Basic,1,False
CX04589,18,Gaming,Referral,Mobile,9,Month-to-month,Basic,3,False
CX04590,35,Productivity,App Store,Tablet,23,Annual,Basic,1,False
CX04591,18,Fintech,Email Campaign,Mobile,40,Annual,Premium,4,True
CX04592,41,Streaming,Organic Search,Smart TV,11,Annual,Standard,3,False
CX04593,48,Fitness,Paid Social,Tablet,6,Month-to-month,Standard,5,False
CX04594,47,Productivity,App Store,Smart TV,20,Month-to-month,Basic,4,False
CX04595,50,Streaming,Referral,Mobile,38,Two year,Basic,1,False
CX04596,37,Cloud Storage,Paid Social,Mobile,6,Month-to-month,Standard,3,False
CX04597,42,News & Media,Email Campaign,Desktop,13,Month-to-month,Standard,3,False
CX04598,30,Fintech,App Store,Mobile,16,Month-to-month,Standard,7,False
CX04599,37,Fintech,Paid Social,Desktop,36,Two year,Basic,2,False
CX04600,30,Productivity,Influencer,Mobile,14,Annual,Plus,7,False
CX04601,22,Productivity,Email Campaign,Smart TV,24,Annual,Standard,1,False
CX04602,26,Cloud Storage,Referral,Mobile,30,Two year,Premium,8,False
CX04603,54,Streaming,Referral,Mobile,11,Month-to-month,Plus,1,False
CX04604,37,Cloud Storage,App Store,Mobile,7,Month-to-month,Premium,6,False
CX04605,29,Cloud Storage,Referral,Desktop,11,Two year,Premium,1,False
CX04606,47,News & Media,App Store,Desktop,10,Annual,Basic,1,False
CX04607,51,Fintech,Paid Social,Mobile,19,Annual,Premium,8,False
CX04608,43,News & Media,Paid Social,Mobile,17,Month-to-month,Standard,5,False
CX04609,39,Fitness,App Store,Mobile,7,Annual,Plus,4,False
CX04610,37,Cloud Storage,Paid Social,Mobile,8,Annual,Plus,2,False
CX04611,43,Fitness,Referral,Desktop,14,Annual,Plus,3,False
CX04612,20,Streaming,App Store,Mobile,10,Month-to-month,Standard,5,False
CX04613,43,Gaming,Organic Search,Smart TV,11,Month-to-month,Premium,7,False
CX04614,34,Streaming,Referral,Tablet,15,Annual,Basic,2,False
CX04615,26,Streaming,Email Campaign,Mobile,39,Month-to-month,Standard,1,False
CX04616,35,Cloud Storage,Referral,Mobile,26,Month-to-month,Basic,1,False
CX04617,18,Fitness,Referral,Mobile,2,Month-to-month,Standard,4,False
CX04618,34,Gaming,App Store,Mobile,40,Month-to-month,Plus,8,False
CX04619,30,Streaming,App Store,Tablet,12,Month-to-month,Premium,4,False
CX04620,57,Fitness,App Store,Tablet,30,Annual,Standard,4,False
CX04621,32,Fintech,Referral,Desktop,11,Annual,Basic,1,False
CX04622,26,Streaming,Paid Social,Mobile,20,Annual,Plus,4,True
CX04623,24,Gaming,Email Campaign,Mobile,11,Annual,Plus,6,False
CX04624,35,Streaming,App Store,Smart TV,21,Month-to-month,Standard,2,False
CX04625,26,Fitness,Organic Search,Mobile,9,Month-to-month,Standard,2,False
CX04626,37,News & Media,Organic Search,Desktop,6,Month-to-month,Standard,7,False
CX04627,25,Streaming,Influencer,Mobile,2,Month-to-month,Basic,4,False
CX04628,45,Gaming,Organic Search,Mobile,18,Month-to-month,Basic,2,False
CX04629,32,Fintech,Referral,Desktop,8,Month-to-month,Plus,5,False
CX04630,18,Productivity,Paid Social,Mobile,30,Two year,Standard,4,False
CX04631,35,Productivity,Paid Social,Smart TV,21,Month-to-month,Premium,6,False
CX04632,38,Streaming,Organic Search,Smart TV,6,Month-to-month,Standard,3,False
CX04633,28,Fitness,App Store,Smart TV,15,Two year,Basic,4,False
CX04634,40,News & Media,Organic Search,Mobile,52,Month-to-month,Basic,2,False
CX04635,33,Cloud Storage,App Store,Mobile,18,Month-to-month,Premium,7,False
CX04636,43,Streaming,Paid Social,Mobile,34,Month-to-month,Premium,3,False
CX04637,53,News & Media,Organic Search,Mobile,21,Annual,Basic,1,False
CX04638,38,Fintech,Referral,Tablet,12,Month-to-month,Basic,3,True
CX04639,20,Gaming,Organic Search,Desktop,17,Month-to-month,Plus,4,False
CX04640,25,Cloud Storage,Organic Search,Desktop,30,Annual,Plus,5,True
CX04641,42,Streaming,Email Campaign,Mobile,13,Annual,Plus,2,True
CX04642,50,News & Media,Paid Social,Mobile,7,Month-to-month,Standard,5,False
CX04643,43,Productivity,Organic Search,Desktop,34,Month-to-month,Standard,1,True
CX04644,29,News & Media,Organic Search,Mobile,21,Month-to-month,Basic,1,False
CX04645,45,Cloud Storage,Paid Social,Mobile,24,Annual,Standard,3,False
CX04646,36,Streaming,Organic Search,Mobile,40,Annual,Basic,4,False
CX04647,61,Streaming,Organic Search,Tablet,2,Annual,Basic,2,True
CX04648,60,Fitness,Organic Search,Tablet,1,Month-to-month,Basic,2,False
CX04649,33,Fitness,Organic Search,Mobile,2,Month-to-month,Standard,5,True
CX04650,28,Cloud Storage,Paid Social,Tablet,40,Annual,Premium,8,False
CX04651,19,Gaming,Organic Search,Mobile,24,Annual,Standard,3,True
CX04652,52,Cloud Storage,Organic Search,Smart TV,7,Annual,Basic,1,False
CX04653,59,Fintech,Organic Search,Desktop,7,Month-to-month,Plus,3,False
CX04654,18,Streaming,Referral,Mobile,47,Two year,Plus,8,False
CX04655,34,Fitness,App Store,Tablet,9,Annual,Premium,6,False
CX04656,39,Fintech,Organic Search,Tablet,18,Two year,Standard,4,False
CX04657,29,Gaming,Referral,Mobile,1,Month-to-month,Standard,1,False
CX04658,33,Cloud Storage,App Store,Mobile,4,Month-to-month,Basic,4,False
CX04659,25,Streaming,Influencer,Mobile,27,Annual,Plus,1,False
CX04660,39,News & Media,Paid Social,Mobile,20,Annual,Standard,3,False
CX04661,38,News & Media,Influencer,Desktop,13,Month-to-month,Premium,4,False
CX04662,37,Productivity,Paid Social,Tablet,28,Month-to-month,Standard,4,False
CX04663,41,Fintech,App Store,Smart TV,18,Two year,Basic,1,False
CX04664,60,Gaming,Influencer,Desktop,3,Month-to-month,Basic,1,False
CX04665,18,Streaming,Referral,Desktop,18,Month-to-month,Basic,5,True
CX04666,40,Fintech,Paid Social,Desktop,19,Month-to-month,Plus,5,True
CX04667,43,News & Media,Organic Search,Mobile,17,Annual,Plus,5,True
CX04668,39,Streaming,Referral,Mobile,38,Month-to-month,Premium,7,False
CX04669,52,Cloud Storage,App Store,Mobile,18,Annual,Standard,1,False
CX04670,20,Productivity,Referral,Mobile,5,Month-to-month,Basic,3,False
CX04671,42,Streaming,Referral,Tablet,14,Month-to-month,Plus,3,False
CX04672,39,Fintech,Paid Social,Smart TV,8,Month-to-month,Standard,3,False
CX04673,29,News & Media,Organic Search,Tablet,1,Month-to-month,Standard,5,True
CX04674,25,Cloud Storage,Organic Search,Smart TV,10,Month-to-month,Premium,5,False
CX04675,41,Gaming,Referral,Tablet,4,Month-to-month,Standard,5,False
CX04676,18,Productivity,Paid Social,Desktop,19,Annual,Standard,5,False
CX04677,23,Fintech,App Store,Mobile,29,Month-to-month,Basic,2,False
CX04678,46,Cloud Storage,Organic Search,Mobile,9,Month-to-month,Standard,3,False
CX04679,33,Streaming,Organic Search,Desktop,30,Two year,Premium,5,False
CX04680,29,Fitness,Email Campaign,Mobile,13,Annual,Standard,4,True
CX04681,42,Fintech,Organic Search,Mobile,10,Month-to-month,Basic,2,False
CX04682,52,Cloud Storage,Paid Social,Mobile,8,Month-to-month,Basic,2,False
CX04683,24,Streaming,Paid Social,Mobile,5,Month-to-month,Plus,1,False
CX04684,20,Fintech,Organic Search,Desktop,25,Annual,Basic,2,False
CX04685,30,Productivity,Paid Social,Mobile,26,Month-to-month,Basic,3,False
CX04686,31,Productivity,App Store,Desktop,28,Annual,Standard,1,True
CX04687,50,Gaming,Influencer,Desktop,26,Month-to-month,Basic,1,False
CX04688,54,Fitness,Paid Social,Mobile,9,Month-to-month,Standard,4,False
CX04689,37,Fitness,Organic Search,Mobile,34,Month-to-month,Premium,7,False
CX04690,46,Cloud Storage,Referral,Mobile,28,Annual,Standard,2,False
CX04691,32,Streaming,Influencer,Mobile,17,Month-to-month,Plus,3,False
CX04692,63,Gaming,Organic Search,Desktop,19,Month-to-month,Standard,1,False
CX04693,33,Cloud Storage,Paid Social,Desktop,38,Annual,Standard,3,False
CX04694,33,Streaming,Organic Search,Mobile,38,Annual,Basic,2,False
CX04695,33,Fitness,Influencer,Mobile,9,Month-to-month,Standard,1,False
CX04696,18,Fintech,Influencer,Mobile,15,Annual,Standard,4,False
CX04697,39,Cloud Storage,App Store,Mobile,19,Annual,Basic,3,False
CX04698,41,Fintech,Referral,Mobile,23,Annual,Basic,2,True
CX04699,38,Fintech,Organic Search,Mobile,7,Month-to-month,Plus,4,False
CX04700,45,Fintech,Influencer,Mobile,41,Two year,Premium,7,False
CX04701,34,Productivity,Email Campaign,Mobile,28,Annual,Plus,5,True
CX04702,39,Streaming,Referral,Tablet,30,Month-to-month,Standard,3,True
CX04703,34,Streaming,App Store,Mobile,34,Annual,Standard,4,False
CX04704,44,Productivity,Paid Social,Tablet,24,Annual,Premium,6,False
CX04705,18,Fintech,Referral,Desktop,69,Annual,Standard,1,False
CX04706,38,News & Media,Referral,Smart TV,7,Month-to-month,Plus,2,False
CX04707,44,Fintech,Organic Search,Smart TV,4,Month-to-month,Basic,1,True
CX04708,48,Streaming,Referral,Desktop,47,Annual,Premium,5,True
CX04709,38,Fintech,Organic Search,Desktop,23,Month-to-month,Premium,8,False
CX04710,45,Streaming,Paid Social,Mobile,29,Month-to-month,Premium,3,True
CX04711,46,Productivity,App Store,Desktop,56,Two year,Plus,5,False
CX04712,47,News & Media,App Store,Mobile,25,Month-to-month,Plus,5,False
CX04713,38,Fitness,Referral,Mobile,12,Month-to-month,Premium,5,False
CX04714,24,Cloud Storage,Organic Search,Mobile,39,Month-to-month,Standard,6,True
CX04715,29,News & Media,Paid Social,Tablet,6,Two year,Plus,2,False
CX04716,46,Streaming,Referral,Desktop,4,Month-to-month,Plus,4,True
CX04717,24,Streaming,Paid Social,Desktop,18,Two year,Basic,2,True
CX04718,62,Gaming,App Store,Mobile,2,Month-to-month,Standard,2,True
CX04719,35,Streaming,Organic Search,Mobile,27,Annual,Standard,2,False
CX04720,38,Cloud Storage,App Store,Desktop,26,Month-to-month,Basic,3,False
CX04721,35,News & Media,App Store,Mobile,40,Month-to-month,Premium,6,False
CX04722,18,News & Media,Email Campaign,Mobile,15,Month-to-month,Plus,4,False
CX04723,33,Cloud Storage,Referral,Mobile,10,Annual,Plus,3,False
CX04724,38,Productivity,Organic Search,Desktop,18,Annual,Plus,2,False
CX04725,35,Streaming,Referral,Mobile,30,Month-to-month,Standard,4,False
CX04726,22,Streaming,Organic Search,Mobile,1,Month-to-month,Basic,2,False
CX04727,29,News & Media,Organic Search,Mobile,29,Annual,Plus,6,False
CX04728,42,Cloud Storage,Referral,Mobile,2,Month-to-month,Basic,2,False
CX04729,18,Cloud Storage,App Store,Smart TV,29,Annual,Basic,3,False
CX04730,49,Fitness,Paid Social,Smart TV,4,Month-to-month,Basic,2,False
CX04731,39,Streaming,App Store,Mobile,11,Month-to-month,Standard,5,False
CX04732,30,Cloud Storage,Influencer,Mobile,15,Month-to-month,Standard,2,False
CX04733,29,Streaming,Influencer,Mobile,2,Month-to-month,Plus,3,False
CX04734,18,News & Media,App Store,Desktop,20,Month-to-month,Standard,4,True
CX04735,29,Fitness,Organic Search,Tablet,40,Month-to-month,Basic,2,False
CX04736,48,Cloud Storage,App Store,Smart TV,12,Month-to-month,Plus,5,False
CX04737,18,Productivity,App Store,Desktop,1,Month-to-month,Basic,2,False
CX04738,45,Gaming,Referral,Smart TV,7,Month-to-month,Premium,4,True
CX04739,18,Streaming,Referral,Mobile,7,Month-to-month,Basic,1,False
CX04740,32,Productivity,Referral,Desktop,23,Annual,Standard,2,False
CX04741,32,Streaming,Organic Search,Mobile,29,Month-to-month,Basic,2,False
CX04742,28,Fitness,Paid Social,Smart TV,7,Annual,Premium,6,False
CX04743,39,Productivity,Referral,Desktop,18,Month-to-month,Premium,3,False
CX04744,24,Productivity,Influencer,Smart TV,10,Month-to-month,Standard,3,False
CX04745,35,News & Media,Email Campaign,Desktop,11,Annual,Standard,2,True
CX04746,37,Fintech,Paid Social,Desktop,68,Month-to-month,Basic,3,False
CX04747,32,Productivity,Paid Social,Mobile,9,Month-to-month,Standard,3,True
CX04748,40,Gaming,Email Campaign,Tablet,17,Month-to-month,Basic,1,True
CX04749,33,Fitness,Paid Social,Mobile,17,Month-to-month,Basic,2,False
CX04750,48,Streaming,App Store,Mobile,33,Annual,Standard,4,True
CX04751,33,Fintech,Organic Search,Tablet,30,Annual,Plus,1,False
CX04752,31,Streaming,App Store,Mobile,28,Month-to-month,Standard,3,False
CX04753,32,Streaming,Organic Search,Desktop,5,Month-to-month,Standard,7,True
CX04754,36,Fintech,App Store,Desktop,21,Annual,Standard,3,True
CX04755,38,Productivity,Influencer,Mobile,9,Month-to-month,Standard,2,True
CX04756,26,Productivity,App Store,Desktop,15,Annual,Standard,1,False
CX04757,65,News & Media,Organic Search,Desktop,3,Month-to-month,Plus,8,False
CX04758,49,Fintech,Paid Social,Mobile,33,Annual,Premium,4,True
CX04759,44,Streaming,Paid Social,Mobile,6,Month-to-month,Basic,1,False
CX04760,50,Fintech,App Store,Mobile,4,Month-to-month,Basic,2,False
CX04761,40,Fitness,App Store,Desktop,4,Month-to-month,Standard,5,False
CX04762,34,Streaming,Paid Social,Mobile,25,Month-to-month,Standard,3,False
CX04763,45,Fintech,Organic Search,Smart TV,24,Annual,Basic,2,False
CX04764,46,Gaming,Paid Social,Mobile,15,Two year,Standard,2,False
CX04765,53,Productivity,Paid Social,Mobile,56,Two year,Basic,3,False
CX04766,35,Gaming,App Store,Desktop,36,Month-to-month,Standard,2,False
CX04767,44,Fitness,Organic Search,Mobile,7,Month-to-month,Premium,3,False
CX04768,31,Fintech,Organic Search,Mobile,29,Annual,Basic,3,False
CX04769,45,Cloud Storage,App Store,Mobile,43,Annual,Standard,1,False
CX04770,35,Cloud Storage,Referral,Mobile,52,Annual,Plus,3,True
CX04771,46,Streaming,Email Campaign,Desktop,18,Month-to-month,Standard,3,False
CX04772,18,Productivity,Referral,Desktop,8,Annual,Standard,2,False
CX04773,18,Productivity,Paid Social,Mobile,13,Two year,Plus,2,False
CX04774,50,Streaming,Organic Search,Desktop,8,Month-to-month,Basic,3,False
CX04775,39,Fitness,App Store,Desktop,23,Annual,Basic,2,True
CX04776,52,Fintech,Paid Social,Tablet,9,Month-to-month,Premium,5,False
CX04777,48,News & Media,Paid Social,Mobile,33,Annual,Plus,3,False
CX04778,47,Streaming,Email Campaign,Desktop,19,Two year,Premium,7,False
CX04779,42,Streaming,Organic Search,Mobile,50,Two year,Premium,4,False
CX04780,63,Fintech,Influencer,Smart TV,17,Month-to-month,Standard,5,True
CX04781,30,Streaming,Organic Search,Desktop,57,Two year,Plus,5,True
CX04782,25,Productivity,Organic Search,Mobile,6,Month-to-month,Plus,3,False
CX04783,37,Productivity,Influencer,Mobile,22,Month-to-month,Premium,6,True
CX04784,63,Fitness,Influencer,Mobile,17,Month-to-month,Premium,6,False
CX04785,30,Fitness,Organic Search,Mobile,29,Month-to-month,Standard,5,False
CX04786,47,Streaming,Paid Social,Mobile,32,Month-to-month,Standard,3,True
CX04787,31,Gaming,App Store,Mobile,7,Month-to-month,Standard,1,False
CX04788,41,News & Media,Organic Search,Tablet,15,Two year,Standard,5,False
CX04789,33,Fintech,Influencer,Desktop,8,Month-to-month,Standard,4,True
CX04790,26,Fitness,Organic Search,Mobile,41,Annual,Premium,5,False
CX04791,25,Productivity,Paid Social,Mobile,9,Month-to-month,Basic,1,False
CX04792,36,Fintech,Paid Social,Desktop,24,Month-to-month,Plus,3,False
CX04793,30,Cloud Storage,Organic Search,Mobile,18,Annual,Standard,2,False
CX04794,47,Productivity,Influencer,Smart TV,71,Month-to-month,Premium,2,True
CX04795,25,Productivity,Organic Search,Mobile,1,Month-to-month,Plus,3,False
CX04796,48,Streaming,Referral,Tablet,71,Two year,Premium,6,False
CX04797,42,Productivity,Referral,Desktop,21,Month-to-month,Standard,1,False
CX04798,62,Fintech,Paid Social,Smart TV,25,Annual,Basic,1,False
CX04799,28,Streaming,App Store,Desktop,18,Annual,Standard,3,True
CX04800,39,Fintech,Organic Search,Desktop,18,Annual,Standard,3,False
CX04801,55,Fintech,Paid Social,Tablet,3,Month-to-month,Basic,1,False
CX04802,40,Streaming,Referral,Mobile,7,Month-to-month,Standard,4,False
CX04803,46,Gaming,Paid Social,Desktop,19,Month-to-month,Premium,3,True
CX04804,48,Gaming,Paid Social,Mobile,16,Annual,Premium,3,False
CX04805,39,Cloud Storage,Email Campaign,Mobile,31,Annual,Basic,1,False
CX04806,43,Productivity,Paid Social,Mobile,21,Annual,Standard,2,True
CX04807,34,Cloud Storage,Organic Search,Mobile,10,Month-to-month,Plus,3,False
CX04808,35,Fintech,Paid Social,Mobile,47,Two year,Basic,3,False
CX04809,19,Streaming,Paid Social,Mobile,9,Month-to-month,Standard,3,False
CX04810,34,Cloud Storage,Email Campaign,Mobile,30,Month-to-month,Basic,2,True
CX04811,38,Fintech,Organic Search,Desktop,48,Two year,Standard,3,False
CX04812,28,Productivity,Referral,Mobile,20,Annual,Plus,4,False
CX04813,50,Gaming,Organic Search,Desktop,20,Annual,Basic,2,True
CX04814,28,Streaming,Paid Social,Mobile,7,Month-to-month,Basic,3,False
CX04815,61,Fitness,Paid Social,Smart TV,11,Annual,Basic,1,False
CX04816,44,Fitness,Organic Search,Desktop,5,Annual,Basic,2,False
CX04817,29,Fintech,Organic Search,Tablet,19,Month-to-month,Basic,3,False
CX04818,34,Fintech,App Store,Mobile,43,Annual,Basic,3,False
CX04819,18,Fitness,Referral,Desktop,8,Month-to-month,Basic,1,False
CX04820,38,Gaming,Organic Search,Mobile,20,Month-to-month,Basic,3,False
CX04821,46,Cloud Storage,Organic Search,Mobile,37,Annual,Basic,1,False
CX04822,54,Fitness,Paid Social,Mobile,3,Month-to-month,Plus,4,False
CX04823,25,Productivity,Paid Social,Tablet,21,Annual,Plus,3,True
CX04824,29,Streaming,Email Campaign,Mobile,15,Annual,Standard,2,False
CX04825,31,Cloud Storage,Referral,Mobile,13,Month-to-month,Basic,2,False
CX04826,29,News & Media,Paid Social,Mobile,14,Month-to-month,Plus,1,False
CX04827,37,Fintech,App Store,Mobile,27,Two year,Standard,3,True
CX04828,34,Fintech,Organic Search,Smart TV,12,Month-to-month,Standard,2,True
CX04829,55,Streaming,Referral,Mobile,53,Annual,Standard,2,False
CX04830,18,Streaming,Email Campaign,Mobile,10,Annual,Plus,4,False
CX04831,47,Gaming,App Store,Mobile,25,Two year,Standard,3,False
CX04832,35,Productivity,Influencer,Mobile,16,Month-to-month,Premium,2,False
CX04833,38,Productivity,Organic Search,Desktop,13,Month-to-month,Basic,1,True
CX04834,54,Productivity,Paid Social,Mobile,25,Month-to-month,Basic,2,True
CX04835,38,Productivity,Paid Social,Smart TV,18,Annual,Basic,2,False
CX04836,22,Cloud Storage,Paid Social,Smart TV,26,Month-to-month,Standard,1,False
CX04837,40,Fintech,Organic Search,Mobile,12,Month-to-month,Standard,4,False
CX04838,44,Streaming,App Store,Tablet,8,Month-to-month,Plus,2,False
CX04839,25,Streaming,Organic Search,Desktop,16,Two year,Standard,3,True
CX04840,18,Productivity,Paid Social,Mobile,36,Month-to-month,Standard,3,False
CX04841,60,Fintech,Organic Search,Desktop,7,Month-to-month,Standard,2,True
CX04842,20,Productivity,Organic Search,Desktop,58,Two year,Plus,4,True
CX04843,29,Fintech,Email Campaign,Tablet,23,Two year,Plus,2,False
CX04844,57,Productivity,Organic Search,Desktop,41,Annual,Basic,3,False
CX04845,25,Streaming,App Store,Smart TV,18,Month-to-month,Premium,3,False
CX04846,47,Streaming,App Store,Mobile,24,Annual,Plus,4,False
CX04847,49,Fintech,App Store,Tablet,27,Two year,Basic,2,True
CX04848,32,Fitness,App Store,Mobile,42,Annual,Basic,2,True
CX04849,50,Streaming,Paid Social,Tablet,14,Two year,Plus,4,False
CX04850,36,Cloud Storage,Email Campaign,Mobile,5,Month-to-month,Premium,4,True
CX04851,18,Productivity,Influencer,Tablet,23,Two year,Basic,1,False
CX04852,20,Productivity,Referral,Mobile,28,Month-to-month,Standard,3,False
CX04853,33,Streaming,Organic Search,Mobile,3,Month-to-month,Standard,3,False
CX04854,48,News & Media,Paid Social,Mobile,24,Two year,Basic,1,False
CX04855,39,Fintech,Referral,Mobile,43,Annual,Premium,4,True
CX04856,32,News & Media,Organic Search,Tablet,7,Month-to-month,Standard,2,True
CX04857,28,Streaming,Referral,Mobile,2,Month-to-month,Standard,4,True
CX04858,45,Fintech,Referral,Desktop,7,Annual,Standard,4,False
CX04859,44,Fintech,Organic Search,Mobile,12,Annual,Plus,8,False
CX04860,23,Fintech,Paid Social,Mobile,5,Month-to-month,Plus,5,False
CX04861,56,Streaming,App Store,Mobile,14,Annual,Plus,4,False
CX04862,43,Streaming,Paid Social,Smart TV,44,Annual,Standard,3,False
CX04863,49,Fintech,App Store,Mobile,10,Annual,Standard,2,True
CX04864,44,Cloud Storage,Organic Search,Mobile,5,Month-to-month,Premium,8,True
CX04865,18,News & Media,App Store,Mobile,23,Month-to-month,Basic,2,False
CX04866,37,Cloud Storage,Organic Search,Smart TV,5,Month-to-month,Standard,4,False
CX04867,42,Gaming,App Store,Desktop,43,Annual,Premium,3,False
CX04868,51,Productivity,Email Campaign,Mobile,17,Month-to-month,Basic,1,True
CX04869,35,Productivity,Paid Social,Desktop,37,Two year,Plus,3,False
CX04870,23,Streaming,Paid Social,Desktop,5,Month-to-month,Basic,2,False
CX04871,25,Fitness,Paid Social,Smart TV,22,Month-to-month,Standard,2,False
CX04872,18,Fintech,Paid Social,Mobile,7,Month-to-month,Basic,1,False
CX04873,58,News & Media,App Store,Mobile,23,Annual,Standard,3,False
CX04874,43,News & Media,Organic Search,Desktop,10,Month-to-month,Basic,1,False
CX04875,51,Streaming,Paid Social,Mobile,7,Month-to-month,Plus,2,True
CX04876,49,Productivity,Organic Search,Mobile,35,Month-to-month,Basic,2,False
CX04877,39,Streaming,Influencer,Mobile,17,Annual,Standard,5,False
CX04878,41,Streaming,App Store,Mobile,22,Annual,Plus,1,False
CX04879,33,Fitness,App Store,Tablet,60,Two year,Premium,4,False
CX04880,21,Fintech,Paid Social,Mobile,29,Month-to-month,Standard,4,False
CX04881,59,News & Media,Referral,Mobile,24,Two year,Plus,3,False
CX04882,33,Productivity,Influencer,Desktop,20,Month-to-month,Standard,2,False
CX04883,51,Streaming,Paid Social,Mobile,34,Annual,Basic,2,False
CX04884,38,Streaming,Email Campaign,Mobile,14,Month-to-month,Standard,2,True
CX04885,33,Fintech,Paid Social,Desktop,22,Annual,Standard,3,False
CX04886,26,Fitness,App Store,Mobile,11,Month-to-month,Basic,1,False
CX04887,41,Gaming,App Store,Desktop,4,Month-to-month,Standard,1,False
CX04888,30,Streaming,App Store,Desktop,16,Two year,Plus,4,False
CX04889,28,Streaming,Paid Social,Mobile,23,Month-to-month,Plus,5,False
CX04890,59,News & Media,Organic Search,Desktop,27,Two year,Premium,6,False
CX04891,20,Gaming,Organic Search,Mobile,17,Month-to-month,Basic,2,False
CX04892,33,Streaming,App Store,Smart TV,4,Month-to-month,Basic,2,True
CX04893,30,Streaming,App Store,Tablet,13,Annual,Basic,3,False
CX04894,58,Streaming,Organic Search,Mobile,8,Month-to-month,Basic,3,False
CX04895,28,Fintech,Organic Search,Mobile,8,Month-to-month,Basic,2,False
CX04896,18,Streaming,App Store,Mobile,19,Month-to-month,Basic,1,True
CX04897,33,Cloud Storage,Influencer,Mobile,12,Annual,Standard,4,False
CX04898,35,Fintech,Paid Social,Mobile,28,Month-to-month,Standard,4,False
CX04899,45,News & Media,App Store,Mobile,19,Month-to-month,Standard,3,False
CX04900,29,News & Media,Paid Social,Mobile,18,Annual,Basic,1,False
CX04901,35,Gaming,Paid Social,Mobile,36,Two year,Standard,2,False
CX04902,29,Streaming,Email Campaign,Desktop,19,Month-to-month,Plus,3,False
CX04903,47,Streaming,Organic Search,Desktop,11,Month-to-month,Basic,3,False
CX04904,40,Streaming,Organic Search,Mobile,48,Two year,Standard,1,False
CX04905,32,Fintech,Referral,Mobile,18,Annual,Premium,4,False
CX04906,56,Productivity,Influencer,Mobile,66,Annual,Plus,5,True
CX04907,44,Cloud Storage,Paid Social,Mobile,16,Month-to-month,Premium,5,False
CX04908,35,Fintech,App Store,Mobile,15,Month-to-month,Premium,5,False
CX04909,32,Productivity,Influencer,Mobile,3,Annual,Basic,1,False
CX04910,37,Streaming,Paid Social,Mobile,21,Annual,Premium,2,False
CX04911,30,Streaming,Referral,Mobile,22,Annual,Standard,3,False
CX04912,31,Productivity,App Store,Mobile,23,Month-to-month,Plus,3,False
CX04913,41,Fintech,Influencer,Desktop,4,Month-to-month,Basic,2,True
CX04914,18,Productivity,Email Campaign,Mobile,13,Annual,Basic,1,False
CX04915,25,Productivity,Organic Search,Mobile,25,Annual,Basic,2,True
CX04916,49,News & Media,App Store,Smart TV,24,Two year,Standard,2,False
CX04917,41,Cloud Storage,Organic Search,Tablet,7,Month-to-month,Standard,2,False
CX04918,40,Fintech,Paid Social,Desktop,35,Annual,Standard,4,False
CX04919,48,Productivity,Referral,Desktop,2,Month-to-month,Premium,2,True
CX04920,29,Cloud Storage,Paid Social,Desktop,42,Month-to-month,Plus,3,False
CX04921,41,Fintech,Paid Social,Mobile,4,Month-to-month,Standard,2,False
CX04922,35,Streaming,Influencer,Desktop,11,Two year,Premium,3,True
CX04923,21,Streaming,Paid Social,Mobile,39,Month-to-month,Basic,3,False
CX04924,37,Fintech,Organic Search,Smart TV,8,Month-to-month,Basic,1,False
CX04925,43,Gaming,App Store,Tablet,27,Month-to-month,Plus,2,False
CX04926,53,News & Media,App Store,Smart TV,10,Month-to-month,Standard,3,False
CX04927,29,Streaming,App Store,Smart TV,25,Annual,Premium,1,False
CX04928,39,Fitness,Organic Search,Mobile,16,Two year,Plus,5,False
CX04929,43,Fintech,Paid Social,Mobile,24,Annual,Standard,4,False
CX04930,33,Cloud Storage,App Store,Tablet,74,Two year,Plus,5,True
CX04931,59,Gaming,Organic Search,Mobile,17,Month-to-month,Premium,3,True
CX04932,18,Streaming,Organic Search,Desktop,26,Month-to-month,Basic,1,True
CX04933,49,Streaming,Email Campaign,Mobile,3,Month-to-month,Plus,2,False
CX04934,78,News & Media,Organic Search,Mobile,25,Annual,Standard,3,True
CX04935,29,Fintech,Referral,Tablet,15,Month-to-month,Basic,2,True
CX04936,20,Fintech,Paid Social,Mobile,14,Month-to-month,Basic,2,False
CX04937,45,Productivity,Organic Search,Mobile,23,Month-to-month,Standard,2,False
CX04938,35,Gaming,Referral,Smart TV,9,Annual,Standard,3,False
CX04939,26,Gaming,Paid Social,Desktop,9,Month-to-month,Standard,5,True
CX04940,18,Streaming,Paid Social,Mobile,3,Month-to-month,Basic,1,False
CX04941,51,Streaming,Paid Social,Mobile,2,Month-to-month,Standard,3,False
CX04942,26,News & Media,Paid Social,Mobile,4,Month-to-month,Standard,2,True
CX04943,42,News & Media,Organic Search,Desktop,6,Month-to-month,Standard,2,False
CX04944,34,News & Media,Influencer,Mobile,30,Month-to-month,Basic,2,False
CX04945,55,Gaming,Paid Social,Smart TV,49,Two year,Standard,1,False
CX04946,45,Gaming,Organic Search,Mobile,10,Annual,Premium,4,True
CX04947,35,Streaming,Paid Social,Desktop,23,Annual,Basic,3,False
CX04948,45,Cloud Storage,Paid Social,Smart TV,59,Two year,Plus,4,False
CX04949,30,Productivity,Organic Search,Desktop,16,Month-to-month,Basic,1,False
CX04950,26,Gaming,Paid Social,Mobile,26,Month-to-month,Standard,3,False
CX04951,48,Fintech,Paid Social,Mobile,17,Annual,Standard,3,False
CX04952,29,Streaming,Organic Search,Tablet,28,Two year,Standard,2,True
CX04953,24,News & Media,Organic Search,Mobile,19,Annual,Standard,6,False
CX04954,36,Streaming,Paid Social,Tablet,2,Month-to-month,Standard,4,False
CX04955,19,News & Media,App Store,Mobile,5,Annual,Basic,3,False
CX04956,55,Fintech,Paid Social,Desktop,3,Month-to-month,Premium,5,True
CX04957,28,Productivity,App Store,Desktop,33,Two year,Basic,4,False
CX04958,38,Gaming,Paid Social,Mobile,3,Month-to-month,Premium,6,False
CX04959,49,Streaming,App Store,Mobile,14,Annual,Standard,4,False
CX04960,34,Cloud Storage,Paid Social,Desktop,12,Month-to-month,Basic,3,False
CX04961,31,Productivity,Paid Social,Mobile,18,Month-to-month,Standard,2,False
CX04962,62,Streaming,Referral,Mobile,36,Two year,Basic,1,True
CX04963,33,Streaming,Organic Search,Mobile,26,Annual,Basic,2,False
CX04964,41,Fintech,Influencer,Mobile,41,Annual,Plus,4,False
CX04965,19,Streaming,Paid Social,Mobile,23,Two year,Standard,2,True
CX04966,52,News & Media,Paid Social,Mobile,43,Month-to-month,Standard,2,False
CX04967,47,News & Media,Organic Search,Mobile,15,Annual,Standard,1,False
CX04968,18,Streaming,Paid Social,Mobile,9,Annual,Standard,4,True
CX04969,32,Fintech,Referral,Desktop,16,Annual,Premium,6,False
CX04970,55,Gaming,Influencer,Mobile,21,Month-to-month,Basic,2,False
CX04971,47,News & Media,Organic Search,Desktop,5,Month-to-month,Premium,7,False
CX04972,28,News & Media,Referral,Desktop,13,Month-to-month,Basic,2,False
CX04973,50,Cloud Storage,Paid Social,Mobile,7,Month-to-month,Plus,1,False
CX04974,52,News & Media,Influencer,Mobile,27,Month-to-month,Basic,2,False
CX04975,40,Fintech,App Store,Desktop,12,Annual,Standard,4,False
CX04976,31,Streaming,Email Campaign,Tablet,27,Two year,Standard,1,False
CX04977,40,Cloud Storage,App Store,Desktop,8,Month-to-month,Plus,6,False
CX04978,23,Fitness,Email Campaign,Tablet,44,Annual,Basic,3,False
CX04979,45,Productivity,Paid Social,Tablet,7,Annual,Basic,4,True
CX04980,49,Cloud Storage,Referral,Mobile,11,Annual,Standard,3,False
CX04981,35,Streaming,App Store,Desktop,45,Two year,Standard,3,False
CX04982,24,Productivity,Paid Social,Desktop,44,Two year,Standard,3,False
CX04983,20,Fintech,App Store,Desktop,9,Month-to-month,Standard,3,True
CX04984,23,Gaming,Organic Search,Mobile,23,Annual,Plus,6,False
CX04985,33,Fintech,Organic Search,Mobile,40,Two year,Standard,2,False
CX04986,32,News & Media,Email Campaign,Mobile,20,Annual,Premium,3,False
CX04987,31,Cloud Storage,Organic Search,Mobile,6,Month-to-month,Premium,5,False
CX04988,36,Streaming,Organic Search,Mobile,25,Annual,Basic,1,False
CX04989,51,Streaming,Paid Social,Mobile,23,Month-to-month,Premium,3,False
CX04990,53,Cloud Storage,App Store,Mobile,1,Month-to-month,Plus,2,False
CX04991,65,Fintech,Organic Search,Mobile,14,Annual,Standard,1,False
CX04992,31,Streaming,Paid Social,Tablet,16,Month-to-month,Basic,2,False
CX04993,38,Fitness,Paid Social,Desktop,19,Annual,Plus,2,False
CX04994,39,Streaming,Referral,Mobile,16,Month-to-month,Standard,3,False
CX04995,30,Productivity,Referral,Desktop,6,Month-to-month,Basic,2,False
CX04996,53,Fitness,Email Campaign,Desktop,8,Month-to-month,Standard,5,False
CX04997,30,Streaming,Email Campaign,Smart TV,10,Month-to-month,Plus,6,True
CX04998,51,Fintech,Email Campaign,Mobile,43,Two year,Standard,2,False
CX04999,27,Fintech,Email Campaign,Mobile,46,Annual,Premium,3,False
CX05000,34,Productivity,Paid Social,Mobile,53,Two year,Premium,8,False
